batch_id,plant_id,line_id,sku_id,production_start,planned_qty_units,actual_qty_units,defect_units,batch_status
B100000,P01,L025,SKU509,2024-02-06 08:55:00,11140,10807,1330,Reworked
B100001,P04,L022,SKU512,2023-01-17 23:11:00,10198,10129,576,Reworked
B100002,P03,L030,SKU509,2024-08-28 19:42:00,3304,3101,64,Completed
B100003,P02,L031,SKU508,2024-02-14 12:28:00,4139,3991,203,Completed
B100004,P02,L023,SKU507,2024-11-25 09:36:00,12715,12374,683,Completed
B100005,P04,L012,SKU503,2024-07-10 06:23:00,12245,12166,168,Completed
B100006,P01,L020,SKU504,2024-12-09 12:43:00,11988,12185,275,Completed
B100007,P03,L014,SKU511,2024-02-19 08:32:00,4815,4838,300,Reworked
B100008,P01,L021,SKU501,2023-01-08 03:28:00,11178,10978,214,Completed
B100009,P01,L026,SKU501,2023-04-28 13:56:00,3097,3029,182,Completed
B100010,P03,L012,SKU505,2024-02-18 00:16:00,4594,4503,101,Completed
B100011,P04,L017,SKU511,2023-12-24 17:26:00,10976,10696,645,Scrapped
B100012,P03,L002,SKU509,2024-12-15 22:14:00,13105,12134,267,Reworked
B100013,P04,L024,SKU508,2024-01-06 11:45:00,13796,13655,73,Completed
B100014,P03,L016,SKU508,2025-02-13 04:01:00,19675,19510,512,Completed
B100015,P04,L015,SKU501,2023-06-18 22:39:00,17374,16874,1112,Reworked
B100016,P03,L018,SKU504,2023-12-13 09:16:00,8835,8897,217,Reworked
B100017,P01,L007,SKU501,2024-11-11 16:14:00,16091,15885,859,Completed
B100018,P04,L020,SKU511,2023-04-22 16:26:00,3721,3558,41,Completed
B100019,P02,L024,SKU511,2023-10-17 06:15:00,17430,16069,353,Completed
B100020,P03,L012,SKU503,2024-11-07 16:05:00,8959,8295,116,Reworked
B100021,P02,L005,SKU504,2024-06-14 02:07:00,15681,14978,662,Completed
B100022,P01,L013,SKU504,2024-12-01 06:17:00,19471,18813,530,Scrapped
B100023,P04,L007,SKU513,2024-04-09 03:46:00,14658,13729,1510,Completed
B100024,P04,L012,SKU507,2025-02-12 06:31:00,18564,17430,58,Completed
B100025,P03,L021,SKU511,2025-02-28 16:25:00,2182,2057,173,Reworked
B100026,P02,L004,SKU506,2025-05-27 02:28:00,5069,5059,71,Scrapped
B100027,P04,L024,SKU510,2023-04-20 19:31:00,13269,13230,310,Reworked
B100028,P03,L008,SKU507,2024-06-16 01:41:00,11730,11240,558,Completed
B100029,P02,L029,SKU504,2023-04-13 20:04:00,4168,3906,456,Completed
B100030,P02,L024,SKU513,2023-07-26 00:06:00,14930,13901,1032,Scrapped
B100031,P01,L009,SKU510,2023-09-28 06:54:00,3056,2838,327,Completed
B100032,P01,L019,SKU511,2024-08-04 12:43:00,19833,19022,65,Completed
B100033,P03,L004,SKU514,2024-01-24 02:14:00,4815,4451,238,Scrapped
B100034,P04,L004,SKU503,2025-02-17 06:18:00,10018,9550,396,Completed
B100035,P01,L031,SKU501,2023-09-26 16:30:00,16819,17090,667,Completed
B100036,P04,L026,SKU508,2024-07-09 12:09:00,11252,10922,257,Reworked
B100037,P04,L005,SKU504,2024-11-17 20:50:00,15389,15423,1001,Scrapped
B100038,P02,L010,SKU506,2025-06-01 06:40:00,14665,13681,205,Completed
B100039,P03,L007,SKU503,2023-08-09 17:44:00,19077,18062,603,Completed
B100040,P01,L013,SKU505,2024-10-22 05:50:00,10351,10502,581,Completed
B100041,P04,L010,SKU505,2023-03-18 07:08:00,19621,18803,175,Completed
B100042,P03,L011,SKU505,2024-05-04 02:07:00,11301,11129,452,Completed
B100043,P02,L017,SKU511,2024-01-08 10:04:00,18079,18397,1528,Completed
B100044,P01,L007,SKU508,2025-05-12 16:40:00,15187,14808,212,Completed
B100045,P04,L029,SKU507,2024-11-27 00:59:00,4392,4174,259,Completed
B100046,P02,L024,SKU501,2025-04-14 12:37:00,13585,13220,171,Reworked
B100047,P04,L025,SKU508,2025-02-04 12:08:00,17810,16482,840,Scrapped
B100048,P03,L006,SKU502,2024-01-05 14:29:00,4310,4013,150,Completed
B100049,P04,L023,SKU504,2024-10-22 00:14:00,17095,15739,795,Reworked
B100050,P04,L027,SKU506,2023-01-28 10:05:00,3897,3929,141,Completed
B100051,P01,L006,SKU502,2024-05-17 02:21:00,17679,17451,2338,Reworked
B100052,P02,L025,SKU505,2023-02-12 13:40:00,16200,15387,383,Completed
B100053,P02,L012,SKU504,2024-10-13 18:32:00,4730,4456,326,Reworked
B100054,P02,L026,SKU512,2025-05-20 01:12:00,15076,14899,238,Reworked
B100055,P01,L016,SKU512,2024-09-05 06:00:00,4102,4151,124,Reworked
B100056,P03,L026,SKU500,2025-01-25 22:38:00,12224,11611,298,Scrapped
B100057,P01,L005,SKU509,2023-07-30 22:19:00,18628,17736,866,Reworked
B100058,P03,L013,SKU509,2025-06-13 12:22:00,5707,5737,278,Scrapped
B100059,P03,L009,SKU505,2024-05-10 16:23:00,5128,5175,564,Reworked
B100060,P04,L008,SKU507,2024-08-30 00:08:00,9611,9720,131,Completed
B100061,P03,L010,SKU511,2024-11-24 13:09:00,8635,8197,228,Scrapped
B100062,P02,L013,SKU505,2024-07-29 15:12:00,2872,2676,41,Reworked
B100063,P04,L005,SKU500,2023-10-13 09:48:00,10207,9839,39,Completed
B100064,P02,L023,SKU505,2024-07-04 06:53:00,6671,6334,46,Completed
B100065,P02,L018,SKU503,2024-08-11 13:49:00,4239,4274,155,Completed
B100066,P04,L027,SKU505,2025-02-10 14:30:00,6968,6436,105,Reworked
B100067,P02,L023,SKU503,2024-03-09 07:58:00,2371,2331,121,Completed
B100068,P01,L005,SKU502,2024-03-27 14:52:00,18470,18666,505,Completed
B100069,P02,L003,SKU514,2024-03-28 20:13:00,19893,20244,239,Completed
B100070,P04,L014,SKU501,2023-04-13 23:29:00,8617,8487,304,Scrapped
B100071,P01,L016,SKU510,2023-03-23 01:11:00,17779,18045,360,Completed
B100072,P02,L008,SKU510,2023-01-19 09:20:00,10304,9557,101,Reworked
B100073,P01,L026,SKU509,2024-08-22 14:17:00,18422,17610,101,Completed
B100074,P03,L019,SKU513,2024-01-12 23:22:00,5116,4711,85,Completed
B100075,P02,L024,SKU500,2025-02-18 02:50:00,7122,7251,266,Completed
B100076,P02,L004,SKU504,2024-09-24 00:19:00,15316,15473,312,Scrapped
B100077,P01,L027,SKU502,2023-05-08 06:54:00,5961,5500,161,Completed
B100078,P03,L007,SKU508,2023-04-01 01:34:00,16823,15507,1052,Reworked
B100079,P03,L015,SKU509,2023-11-26 11:52:00,9665,9246,35,Scrapped
B100080,P04,L015,SKU513,2025-04-08 20:22:00,9270,8768,198,Completed
B100081,P02,L027,SKU505,2023-02-13 19:13:00,10159,10206,137,Reworked
B100082,P01,L009,SKU503,2023-06-18 15:51:00,16361,15314,189,Reworked
B100083,P04,L008,SKU513,2023-01-27 16:02:00,2100,2098,4,Completed
B100084,P03,L011,SKU510,2024-01-08 07:09:00,15512,15131,207,Completed
B100085,P03,L012,SKU511,2025-06-09 16:37:00,16026,15348,540,Scrapped
B100086,P01,L006,SKU506,2024-09-07 08:13:00,16780,15682,551,Completed
B100087,P02,L006,SKU506,2024-03-20 02:59:00,19940,20334,1159,Scrapped
B100088,P04,L008,SKU505,2023-05-10 22:59:00,16080,15787,290,Reworked
B100089,P04,L015,SKU511,2023-11-16 23:12:00,11516,11100,586,Scrapped
B100090,P02,L011,SKU503,2024-04-17 02:07:00,10390,9944,938,Completed
B100091,P04,L013,SKU514,2023-09-05 09:20:00,8988,9083,743,Completed
B100092,P04,L024,SKU502,2024-09-26 13:17:00,16888,16923,1227,Reworked
B100093,P02,L008,SKU506,2025-06-01 00:16:00,9069,9079,285,Completed
B100094,P04,L030,SKU504,2023-07-05 08:20:00,12307,12080,277,Completed
B100095,P02,L025,SKU509,2023-08-16 00:37:00,3729,3761,31,Completed
B100096,P01,L006,SKU510,2023-04-24 14:38:00,7711,7324,296,Completed
B100097,P03,L011,SKU513,2024-10-15 03:18:00,6790,6724,234,Reworked
B100098,P03,L006,SKU511,2024-02-20 13:09:00,9830,9441,417,Completed
B100099,P01,L009,SKU503,2023-09-13 09:10:00,11038,10817,189,Reworked
B100100,P04,L012,SKU503,2023-07-17 06:23:00,14896,15191,625,Reworked
B100101,P01,L005,SKU513,2023-03-05 10:34:00,9773,9953,303,Reworked
B100102,P04,L001,SKU507,2024-03-04 12:59:00,4706,4570,82,Completed
B100103,P01,L015,SKU501,2024-09-06 22:46:00,11810,11542,1297,Reworked
B100104,P04,L023,SKU512,2023-07-31 12:37:00,2984,3013,20,Completed
B100105,P04,L010,SKU509,2023-01-02 11:13:00,17283,17603,475,Scrapped
B100106,P04,L028,SKU500,2024-03-01 23:47:00,15870,15836,335,Scrapped
B100107,P03,L012,SKU511,2024-08-31 04:10:00,6054,5609,175,Completed
B100108,P02,L029,SKU509,2023-11-07 11:56:00,6738,6416,38,Completed
B100109,P03,L008,SKU509,2023-08-14 08:08:00,2497,2521,164,Scrapped
B100110,P02,L018,SKU512,2023-05-19 20:42:00,8559,8531,219,Completed
B100111,P04,L025,SKU507,2024-11-02 11:51:00,2688,2672,153,Scrapped
B100112,P03,L002,SKU506,2025-02-14 09:49:00,18854,18604,147,Completed
B100113,P02,L030,SKU509,2024-11-23 18:36:00,4415,4245,4,Completed
B100114,P03,L012,SKU502,2024-04-11 08:50:00,13868,13317,382,Completed
B100115,P03,L016,SKU502,2024-10-13 16:42:00,12268,12278,524,Scrapped
B100116,P01,L021,SKU512,2023-12-24 05:24:00,6263,5945,55,Completed
B100117,P01,L021,SKU503,2023-01-23 00:50:00,16547,16356,752,Completed
B100118,P01,L001,SKU507,2023-11-27 19:39:00,3959,3929,158,Reworked
B100119,P01,L028,SKU504,2024-09-25 08:42:00,17962,18042,313,Completed
B100120,P02,L020,SKU503,2024-08-05 14:34:00,15326,14590,183,Completed
B100121,P03,L032,SKU508,2025-06-10 03:08:00,13432,13353,100,Scrapped
B100122,P03,L016,SKU512,2025-06-16 17:57:00,17833,16596,807,Completed
B100123,P02,L020,SKU506,2023-08-07 08:42:00,9256,8643,45,Completed
B100124,P04,L015,SKU502,2023-01-09 14:34:00,7069,6798,50,Completed
B100125,P03,L029,SKU503,2023-09-04 19:33:00,4781,4424,286,Completed
B100126,P01,L027,SKU502,2025-02-27 12:37:00,18638,18913,739,Scrapped
B100127,P04,L030,SKU513,2025-01-02 04:10:00,9225,9318,143,Scrapped
B100128,P03,L017,SKU504,2023-03-30 21:04:00,16929,15657,542,Scrapped
B100129,P03,L026,SKU505,2023-05-25 08:34:00,7983,8013,192,Completed
B100130,P03,L012,SKU501,2024-05-22 04:08:00,19189,18630,114,Completed
B100131,P03,L015,SKU506,2024-08-17 12:36:00,17660,17486,979,Completed
B100132,P01,L025,SKU513,2025-06-03 02:25:00,7544,7609,1,Completed
B100133,P03,L003,SKU506,2024-11-10 12:34:00,10760,10520,428,Completed
B100134,P04,L023,SKU509,2023-07-10 16:04:00,16291,15177,558,Reworked
B100135,P02,L001,SKU502,2023-02-03 10:40:00,6071,5586,49,Completed
B100136,P03,L019,SKU502,2024-07-24 06:05:00,2426,2352,42,Reworked
B100137,P01,L016,SKU510,2024-05-13 09:15:00,7198,7305,51,Completed
B100138,P02,L015,SKU500,2025-04-09 13:53:00,12630,12342,440,Reworked
B100139,P02,L016,SKU506,2024-06-02 06:56:00,4456,4265,593,Completed
B100140,P04,L016,SKU504,2024-03-27 02:47:00,8001,7385,69,Reworked
B100141,P01,L014,SKU500,2023-10-01 02:21:00,18534,18747,1876,Scrapped
B100142,P02,L015,SKU507,2023-03-19 15:24:00,3351,3192,58,Completed
B100143,P02,L019,SKU514,2025-02-27 17:02:00,2906,2878,54,Completed
B100144,P04,L025,SKU501,2025-01-13 10:58:00,9629,9527,186,Completed
B100145,P04,L018,SKU512,2023-05-27 11:23:00,2231,2109,96,Completed
B100146,P01,L021,SKU508,2024-09-25 12:03:00,2500,2315,33,Completed
B100147,P01,L027,SKU510,2023-11-24 18:36:00,5293,5073,88,Completed
B100148,P04,L032,SKU501,2024-01-29 07:57:00,3840,3654,106,Completed
B100149,P01,L004,SKU513,2025-02-02 19:14:00,16595,16429,540,Completed
B100150,P04,L023,SKU500,2025-01-27 19:45:00,4208,4216,128,Reworked
B100151,P02,L008,SKU513,2023-06-21 13:53:00,11422,10762,405,Reworked
B100152,P04,L007,SKU509,2023-10-04 20:22:00,14695,14295,1181,Reworked
B100153,P02,L026,SKU505,2025-01-09 05:40:00,13265,12257,33,Completed
B100154,P02,L003,SKU500,2025-04-05 07:03:00,13769,12962,758,Completed
B100155,P03,L028,SKU509,2023-03-13 03:53:00,8439,8406,883,Completed
B100156,P01,L025,SKU501,2025-01-20 05:37:00,17999,17987,1793,Completed
B100157,P03,L032,SKU509,2024-03-16 07:20:00,3236,3228,97,Completed
B100158,P03,L022,SKU511,2024-06-15 06:44:00,3931,3672,294,Completed
B100159,P04,L028,SKU504,2023-03-09 19:08:00,17410,16976,1801,Completed
B100160,P04,L004,SKU503,2024-09-04 07:44:00,3230,3108,78,Completed
B100161,P03,L029,SKU503,2024-09-02 02:43:00,5454,5558,318,Completed
B100162,P02,L006,SKU503,2024-08-19 10:25:00,5117,5042,60,Completed
B100163,P02,L011,SKU501,2024-12-12 12:59:00,2595,2630,94,Completed
B100164,P02,L005,SKU503,2025-05-01 10:49:00,4106,3837,22,Completed
B100165,P04,L013,SKU509,2025-02-03 20:56:00,12308,11878,688,Completed
B100166,P02,L024,SKU504,2024-11-01 07:19:00,13901,13861,123,Completed
B100167,P01,L009,SKU511,2025-06-02 03:15:00,3499,3347,62,Completed
B100168,P02,L027,SKU512,2024-08-30 02:08:00,18962,18644,1206,Scrapped
B100169,P01,L020,SKU511,2024-08-27 19:32:00,3723,3615,11,Completed
B100170,P01,L021,SKU508,2024-05-02 20:25:00,14366,14641,1179,Completed
B100171,P01,L031,SKU504,2024-11-23 03:44:00,16406,15378,508,Scrapped
B100172,P04,L014,SKU513,2023-03-06 05:43:00,11374,11527,307,Completed
B100173,P03,L012,SKU503,2024-03-31 04:22:00,10848,10415,201,Completed
B100174,P03,L032,SKU506,2024-01-18 18:56:00,3963,3831,338,Completed
B100175,P02,L018,SKU506,2025-04-01 11:07:00,6347,6174,193,Completed
B100176,P03,L020,SKU511,2023-03-07 07:18:00,17310,16384,1315,Scrapped
B100177,P01,L010,SKU508,2024-08-02 09:10:00,8275,8410,59,Completed
B100178,P04,L007,SKU511,2023-06-15 21:31:00,2620,2649,1,Completed
B100179,P03,L006,SKU513,2025-03-06 04:42:00,15126,15387,968,Completed
B100180,P04,L008,SKU505,2025-02-05 16:02:00,14305,14586,436,Reworked
B100181,P01,L007,SKU513,2023-07-31 21:45:00,3194,3152,24,Completed
B100182,P02,L024,SKU502,2025-02-23 12:50:00,2919,2817,93,Reworked
B100183,P03,L002,SKU513,2024-03-23 01:32:00,4096,4116,375,Completed
B100184,P02,L021,SKU502,2025-05-23 22:32:00,2916,2689,88,Completed
B100185,P02,L031,SKU512,2024-10-18 20:05:00,13092,13137,712,Completed
B100186,P01,L025,SKU505,2023-02-01 00:25:00,4387,4254,239,Completed
B100187,P02,L013,SKU514,2023-07-02 10:47:00,12925,12761,222,Completed
B100188,P01,L002,SKU501,2023-12-30 05:42:00,5170,4949,329,Completed
B100189,P02,L027,SKU506,2023-07-10 04:56:00,19504,18662,470,Completed
B100190,P03,L001,SKU513,2023-04-30 04:30:00,15066,13908,957,Completed
B100191,P03,L022,SKU500,2025-05-30 05:43:00,8741,8412,956,Scrapped
B100192,P03,L022,SKU503,2025-02-21 03:45:00,9716,9335,125,Completed
B100193,P02,L007,SKU501,2024-01-27 03:35:00,3171,2988,94,Reworked
B100194,P04,L024,SKU504,2023-07-13 12:35:00,2987,2821,275,Completed
B100195,P01,L006,SKU505,2023-06-13 15:12:00,11675,11422,311,Completed
B100196,P02,L008,SKU509,2025-04-04 04:40:00,2409,2292,82,Scrapped
B100197,P01,L026,SKU503,2023-10-26 07:37:00,13490,13530,447,Scrapped
B100198,P02,L032,SKU502,2023-01-12 08:06:00,8883,8271,113,Completed
B100199,P04,L009,SKU502,2023-12-24 15:19:00,4512,4411,389,Completed
B100200,P02,L030,SKU514,2024-02-13 21:44:00,11642,10896,450,Scrapped
B100201,P04,L030,SKU514,2024-07-14 18:38:00,11951,11626,404,Completed
B100202,P02,L025,SKU503,2023-11-01 19:38:00,15433,15051,129,Scrapped
B100203,P03,L005,SKU502,2025-04-10 17:06:00,5559,5471,85,Completed
B100204,P02,L010,SKU500,2024-08-02 04:25:00,11852,11410,325,Scrapped
B100205,P02,L022,SKU514,2025-06-06 22:20:00,17205,16705,1049,Scrapped
B100206,P04,L032,SKU510,2023-11-27 07:34:00,6859,6434,580,Completed
B100207,P04,L027,SKU511,2024-08-09 12:41:00,17032,16458,319,Completed
B100208,P02,L014,SKU504,2023-11-25 19:21:00,15020,14378,55,Completed
B100209,P04,L008,SKU509,2024-09-21 22:19:00,9733,9602,529,Reworked
B100210,P02,L031,SKU500,2024-11-02 02:47:00,17897,17243,428,Completed
B100211,P03,L009,SKU510,2023-10-17 15:30:00,19401,19360,1079,Reworked
B100212,P04,L011,SKU508,2025-04-23 21:42:00,6263,6028,442,Reworked
B100213,P02,L031,SKU504,2025-02-10 10:37:00,19635,18527,205,Completed
B100214,P03,L018,SKU510,2025-03-16 01:09:00,2043,1935,9,Completed
B100215,P02,L009,SKU509,2023-07-16 00:26:00,4326,3999,183,Completed
B100216,P01,L001,SKU506,2024-10-08 01:34:00,2777,2704,111,Completed
B100217,P01,L014,SKU502,2023-04-06 17:49:00,8618,8644,144,Completed
B100218,P02,L032,SKU500,2023-04-05 23:01:00,18865,18806,89,Completed
B100219,P04,L014,SKU514,2025-05-25 22:19:00,12805,12341,253,Reworked
B100220,P01,L023,SKU504,2023-05-18 14:37:00,13098,12307,236,Completed
B100221,P02,L009,SKU504,2025-02-16 17:23:00,3527,3549,45,Completed
B100222,P03,L025,SKU510,2024-01-23 17:20:00,11290,10450,161,Scrapped
B100223,P01,L025,SKU503,2023-10-01 06:44:00,8887,8530,337,Completed
B100224,P03,L020,SKU505,2023-03-08 03:33:00,10629,10689,55,Reworked
B100225,P02,L025,SKU510,2024-08-30 15:41:00,6701,6428,188,Completed
B100226,P04,L019,SKU508,2024-10-11 04:45:00,5628,5244,28,Scrapped
B100227,P03,L013,SKU509,2024-02-25 07:35:00,19136,18114,461,Reworked
B100228,P03,L024,SKU500,2024-12-29 22:47:00,12051,11810,563,Scrapped
B100229,P01,L027,SKU506,2023-10-18 19:34:00,9408,8798,213,Reworked
B100230,P02,L027,SKU507,2024-05-11 12:14:00,3328,3279,65,Completed
B100231,P04,L007,SKU509,2023-09-16 02:19:00,15728,15158,307,Completed
B100232,P01,L022,SKU502,2024-06-08 00:03:00,10506,10016,215,Reworked
B100233,P04,L001,SKU502,2023-05-03 10:11:00,8960,8459,70,Completed
B100234,P02,L019,SKU511,2024-03-04 13:12:00,14005,14037,408,Reworked
B100235,P03,L019,SKU510,2024-05-09 09:16:00,4372,4195,67,Completed
B100236,P03,L012,SKU512,2024-05-15 21:19:00,11597,11525,108,Reworked
B100237,P02,L032,SKU504,2024-02-06 22:29:00,17536,16905,76,Completed
B100238,P02,L029,SKU514,2024-08-02 05:08:00,10351,9618,258,Completed
B100239,P03,L002,SKU504,2024-04-05 23:13:00,2007,1934,13,Completed
B100240,P01,L007,SKU509,2023-09-12 21:55:00,6138,5958,66,Scrapped
B100241,P03,L007,SKU502,2023-07-13 19:42:00,3006,2903,13,Reworked
B100242,P01,L029,SKU513,2024-08-05 22:47:00,11003,11020,429,Completed
B100243,P03,L017,SKU504,2025-04-24 17:59:00,8558,8652,149,Completed
B100244,P03,L024,SKU512,2024-11-08 20:55:00,4383,4377,96,Scrapped
B100245,P01,L026,SKU504,2024-07-28 17:34:00,14364,14051,299,Completed
B100246,P04,L025,SKU511,2025-04-09 09:06:00,5178,5044,314,Completed
B100247,P02,L003,SKU506,2025-03-20 15:22:00,8150,8023,63,Completed
B100248,P04,L005,SKU500,2024-03-31 19:46:00,19778,18765,1088,Reworked
B100249,P01,L013,SKU502,2023-04-09 08:15:00,3193,3196,133,Completed
B100250,P01,L011,SKU510,2024-07-24 20:31:00,6458,6494,446,Completed
B100251,P02,L024,SKU502,2024-07-14 13:34:00,7721,7309,469,Completed
B100252,P01,L005,SKU504,2023-09-07 14:52:00,11157,11271,51,Completed
B100253,P02,L012,SKU508,2025-02-03 12:22:00,6409,6440,107,Reworked
B100254,P03,L008,SKU503,2025-02-21 22:56:00,19460,18729,245,Completed
B100255,P01,L007,SKU501,2023-10-25 19:53:00,2097,2119,93,Completed
B100256,P03,L006,SKU509,2024-03-05 04:08:00,19065,17769,407,Completed
B100257,P01,L007,SKU510,2023-06-25 15:05:00,11626,10728,80,Completed
B100258,P01,L019,SKU510,2023-06-10 12:23:00,2689,2567,11,Completed
B100259,P03,L014,SKU514,2023-08-27 12:27:00,4099,4002,59,Completed
B100260,P04,L014,SKU501,2023-11-26 05:00:00,3854,3681,38,Reworked
B100261,P01,L016,SKU506,2023-09-03 15:22:00,7174,7275,846,Completed
B100262,P02,L024,SKU503,2023-05-17 11:18:00,7995,7559,347,Completed
B100263,P04,L028,SKU513,2024-02-07 11:29:00,13541,12838,711,Scrapped
B100264,P04,L017,SKU508,2024-07-15 04:58:00,7601,7475,254,Reworked
B100265,P03,L021,SKU501,2023-10-21 08:48:00,15052,13853,39,Scrapped
B100266,P02,L024,SKU510,2024-04-25 04:39:00,7288,7235,37,Completed
B100267,P02,L023,SKU500,2023-09-02 03:31:00,6742,6457,351,Scrapped
B100268,P03,L005,SKU504,2024-09-25 11:23:00,6956,7079,134,Completed
B100269,P03,L032,SKU510,2024-08-06 15:51:00,7925,7838,301,Scrapped
B100270,P02,L006,SKU507,2025-05-14 01:18:00,17079,15801,1066,Reworked
B100271,P01,L014,SKU511,2023-02-17 17:29:00,6444,5988,164,Scrapped
B100272,P01,L021,SKU508,2025-02-06 19:49:00,6918,6425,254,Completed
B100273,P04,L013,SKU512,2023-11-03 07:51:00,19223,19516,345,Completed
B100274,P02,L008,SKU508,2023-03-01 10:35:00,13767,13607,805,Reworked
B100275,P02,L030,SKU500,2024-09-12 18:38:00,5429,5226,124,Completed
B100276,P02,L003,SKU501,2023-06-04 13:09:00,17627,16570,720,Scrapped
B100277,P04,L008,SKU511,2023-06-08 06:21:00,5297,5336,123,Reworked
B100278,P01,L032,SKU500,2025-05-31 16:30:00,4918,4623,39,Completed
B100279,P01,L024,SKU505,2023-07-18 20:02:00,10010,9916,912,Completed
B100280,P02,L003,SKU500,2024-05-07 10:43:00,14442,14389,676,Reworked
B100281,P02,L025,SKU504,2023-06-30 14:23:00,5407,5133,208,Completed
B100282,P03,L032,SKU508,2023-04-22 14:11:00,15559,15099,178,Completed
B100283,P02,L004,SKU502,2023-01-01 20:00:00,4820,4541,106,Scrapped
B100284,P02,L014,SKU506,2023-01-15 10:39:00,16071,15394,171,Completed
B100285,P04,L015,SKU514,2024-03-02 09:23:00,3725,3786,64,Completed
B100286,P01,L005,SKU501,2024-01-26 14:24:00,10359,10248,650,Completed
B100287,P03,L007,SKU500,2023-02-05 01:30:00,13523,13586,742,Completed
B100288,P03,L006,SKU504,2023-11-11 15:11:00,6780,6604,549,Completed
B100289,P02,L006,SKU512,2023-09-03 15:29:00,13017,12286,242,Completed
B100290,P04,L013,SKU506,2024-05-29 04:31:00,14395,14269,25,Completed
B100291,P02,L015,SKU509,2025-06-14 07:45:00,13702,13291,478,Completed
B100292,P04,L008,SKU500,2024-09-14 11:25:00,9144,8574,353,Reworked
B100293,P02,L010,SKU511,2025-04-06 13:21:00,15919,15302,356,Completed
B100294,P03,L007,SKU501,2023-06-23 00:04:00,15169,14918,288,Completed
B100295,P03,L026,SKU510,2023-07-13 13:38:00,7874,7823,302,Completed
B100296,P04,L007,SKU502,2024-11-06 17:27:00,15201,14354,708,Completed
B100297,P02,L030,SKU512,2023-10-07 00:03:00,18531,18671,112,Completed
B100298,P02,L018,SKU504,2025-02-02 21:26:00,16700,15997,19,Completed
B100299,P01,L026,SKU502,2024-02-22 08:01:00,15197,14393,149,Completed
B100300,P02,L021,SKU505,2023-06-30 17:44:00,15797,14841,206,Completed
B100301,P04,L009,SKU500,2025-01-29 23:19:00,16484,16490,115,Completed
B100302,P01,L020,SKU502,2024-05-10 09:55:00,7204,6882,17,Reworked
B100303,P04,L009,SKU508,2024-12-23 09:09:00,14977,14502,119,Completed
B100304,P03,L004,SKU504,2024-02-12 00:23:00,5589,5266,99,Completed
B100305,P01,L009,SKU505,2023-04-24 14:48:00,8452,8355,342,Completed
B100306,P02,L009,SKU512,2024-09-04 22:22:00,18821,18785,521,Completed
B100307,P03,L005,SKU501,2023-04-23 00:05:00,7094,6767,247,Completed
B100308,P02,L001,SKU505,2024-08-19 23:04:00,17185,17434,124,Scrapped
B100309,P01,L031,SKU502,2024-01-11 01:25:00,9605,8866,483,Reworked
B100310,P03,L017,SKU507,2024-12-13 09:02:00,5777,5391,296,Completed
B100311,P03,L013,SKU504,2025-02-22 02:03:00,3746,3666,322,Completed
B100312,P01,L030,SKU500,2024-01-02 15:14:00,11867,11749,289,Completed
B100313,P02,L008,SKU501,2025-03-04 21:02:00,10123,9566,1062,Scrapped
B100314,P01,L013,SKU512,2023-04-10 19:25:00,11204,10928,440,Completed
B100315,P03,L028,SKU500,2023-04-07 15:06:00,2776,2642,79,Reworked
B100316,P03,L021,SKU511,2025-06-13 04:26:00,6826,6658,270,Completed
B100317,P03,L013,SKU513,2024-05-31 20:49:00,2071,2041,93,Completed
B100318,P04,L009,SKU506,2024-02-10 15:24:00,7444,7572,593,Scrapped
B100319,P04,L002,SKU504,2023-05-21 02:35:00,18766,18119,586,Completed
B100320,P02,L003,SKU511,2023-09-18 02:21:00,4741,4669,50,Reworked
B100321,P01,L006,SKU514,2024-09-09 12:23:00,14408,14088,128,Completed
B100322,P03,L026,SKU501,2025-01-09 13:00:00,2104,2002,139,Scrapped
B100323,P04,L021,SKU514,2025-04-04 18:57:00,12113,11450,572,Completed
B100324,P04,L014,SKU514,2024-01-02 23:02:00,18576,18924,1630,Completed
B100325,P01,L026,SKU502,2024-02-14 07:01:00,8139,7656,95,Scrapped
B100326,P01,L006,SKU500,2023-05-27 23:14:00,5548,5542,117,Reworked
B100327,P01,L007,SKU510,2023-03-16 18:35:00,12269,11467,769,Reworked
B100328,P01,L013,SKU501,2024-01-30 01:34:00,7021,7024,315,Completed
B100329,P03,L030,SKU509,2024-06-05 07:53:00,18048,16939,829,Reworked
B100330,P03,L020,SKU500,2023-04-04 21:13:00,17281,17569,2460,Scrapped
B100331,P02,L028,SKU510,2024-01-03 15:57:00,13742,13585,261,Reworked
B100332,P02,L008,SKU503,2024-07-31 09:45:00,13502,12543,400,Completed
B100333,P04,L028,SKU501,2024-12-30 19:24:00,12844,12706,689,Scrapped
B100334,P02,L003,SKU500,2025-04-24 15:19:00,15235,14935,1075,Completed
B100335,P04,L008,SKU502,2023-11-03 07:26:00,10283,9807,101,Scrapped
B100336,P04,L017,SKU508,2023-12-19 13:18:00,19455,18405,500,Completed
B100337,P02,L002,SKU501,2025-02-26 09:46:00,8222,8155,148,Completed
B100338,P01,L028,SKU512,2024-09-15 22:37:00,2160,2147,16,Completed
B100339,P04,L028,SKU509,2023-09-04 07:55:00,14573,13883,350,Completed
B100340,P03,L018,SKU504,2024-09-08 15:04:00,13920,14026,420,Reworked
B100341,P02,L010,SKU514,2023-05-22 18:22:00,19657,18612,742,Completed
B100342,P03,L004,SKU509,2024-02-09 03:17:00,9115,8449,184,Completed
B100343,P03,L020,SKU510,2023-10-03 19:58:00,9645,9451,88,Completed
B100344,P04,L018,SKU502,2025-06-12 09:02:00,12116,11276,26,Scrapped
B100345,P02,L025,SKU510,2023-02-01 10:10:00,9059,8584,252,Completed
B100346,P04,L020,SKU508,2025-02-10 02:08:00,16127,15654,36,Reworked
B100347,P04,L005,SKU514,2023-09-11 02:54:00,9706,9207,1513,Completed
B100348,P01,L004,SKU507,2023-02-02 14:25:00,16105,15162,785,Completed
B100349,P01,L025,SKU510,2024-08-17 02:32:00,9659,9565,179,Reworked
B100350,P03,L006,SKU505,2024-09-02 05:31:00,6051,5897,86,Reworked
B100351,P01,L031,SKU500,2023-05-09 01:18:00,19831,19909,685,Completed
B100352,P02,L004,SKU501,2023-02-04 11:50:00,11476,11224,77,Reworked
B100353,P02,L024,SKU513,2023-04-11 05:29:00,14722,14255,1729,Reworked
B100354,P04,L032,SKU511,2024-01-03 23:35:00,12642,11960,269,Completed
B100355,P04,L015,SKU505,2023-04-30 03:31:00,8465,8458,375,Completed
B100356,P01,L002,SKU510,2024-09-24 17:43:00,19498,18322,415,Reworked
B100357,P04,L029,SKU500,2023-03-11 19:06:00,8687,8202,231,Completed
B100358,P01,L006,SKU500,2024-12-11 00:35:00,19875,19957,542,Reworked
B100359,P03,L017,SKU507,2025-02-26 04:07:00,9754,9696,148,Scrapped
B100360,P04,L032,SKU509,2024-10-07 03:59:00,2407,2361,98,Completed
B100361,P04,L024,SKU514,2025-04-29 16:53:00,2660,2457,283,Completed
B100362,P01,L002,SKU511,2025-04-25 07:23:00,19525,18211,538,Completed
B100363,P04,L027,SKU503,2023-02-11 21:43:00,11500,11154,913,Reworked
B100364,P01,L006,SKU512,2023-11-04 18:22:00,8977,8928,39,Scrapped
B100365,P03,L024,SKU507,2024-11-15 01:33:00,16604,16046,408,Scrapped
B100366,P02,L020,SKU512,2023-11-02 16:13:00,13108,12082,400,Completed
B100367,P02,L010,SKU502,2024-10-25 10:28:00,13890,13034,1325,Completed
B100368,P01,L014,SKU500,2024-11-27 20:54:00,14338,14035,317,Completed
B100369,P04,L004,SKU500,2025-06-16 05:14:00,5571,5512,115,Completed
B100370,P02,L032,SKU514,2023-10-24 21:07:00,3588,3312,76,Completed
B100371,P03,L008,SKU501,2023-11-10 02:00:00,15104,13961,881,Completed
B100372,P02,L010,SKU514,2023-01-22 20:18:00,2392,2263,115,Completed
B100373,P02,L017,SKU510,2023-09-14 22:59:00,14950,13878,659,Completed
B100374,P04,L022,SKU502,2023-09-10 11:25:00,4338,4226,34,Completed
B100375,P01,L017,SKU512,2024-02-12 18:34:00,6725,6270,69,Scrapped
B100376,P03,L017,SKU502,2024-01-15 01:29:00,14739,14515,89,Reworked
B100377,P03,L019,SKU502,2025-02-09 22:01:00,13211,13180,192,Scrapped
B100378,P02,L028,SKU508,2024-11-27 09:52:00,16067,16340,79,Completed
B100379,P02,L013,SKU504,2024-10-17 17:37:00,12997,13189,295,Completed
B100380,P01,L027,SKU504,2023-01-05 16:35:00,2861,2710,52,Reworked
B100381,P04,L026,SKU502,2024-02-29 11:04:00,17116,15797,329,Reworked
B100382,P04,L031,SKU509,2024-10-18 15:19:00,5883,5606,18,Completed
B100383,P01,L030,SKU500,2023-08-09 02:33:00,4449,4408,134,Scrapped
B100384,P01,L026,SKU503,2024-01-18 08:47:00,17813,16494,249,Reworked
B100385,P01,L008,SKU508,2024-10-16 07:32:00,5507,5264,83,Completed
B100386,P01,L025,SKU507,2024-12-16 02:03:00,11649,11064,288,Completed
B100387,P04,L024,SKU510,2025-02-08 01:46:00,10747,10122,91,Completed
B100388,P04,L010,SKU503,2024-01-22 19:57:00,15851,15702,577,Scrapped
B100389,P01,L022,SKU509,2023-12-26 22:56:00,2794,2754,83,Scrapped
B100390,P03,L009,SKU511,2023-12-11 10:28:00,3920,3816,623,Completed
B100391,P01,L017,SKU505,2024-08-24 17:26:00,9480,9585,772,Reworked
B100392,P02,L026,SKU503,2024-01-13 14:15:00,10518,9785,191,Scrapped
B100393,P03,L007,SKU508,2023-12-27 04:34:00,16187,15134,116,Completed
B100394,P03,L011,SKU508,2023-06-01 10:46:00,12903,12365,970,Scrapped
B100395,P04,L026,SKU501,2024-03-06 15:27:00,4676,4608,122,Completed
B100396,P01,L015,SKU508,2023-08-02 13:25:00,19619,19195,677,Completed
B100397,P01,L031,SKU502,2024-04-17 10:03:00,10279,9532,581,Completed
B100398,P02,L001,SKU508,2025-03-10 19:05:00,19362,19668,1390,Reworked
B100399,P02,L024,SKU513,2024-11-29 03:40:00,19815,18834,568,Reworked
B100400,P04,L027,SKU508,2024-03-06 05:58:00,2930,2800,34,Completed
B100401,P04,L030,SKU511,2025-05-29 18:07:00,11106,10910,656,Reworked
B100402,P02,L006,SKU504,2025-06-01 04:51:00,9596,9735,30,Completed
B100403,P04,L032,SKU513,2024-02-04 22:18:00,10969,10818,435,Completed
B100404,P02,L013,SKU512,2024-11-18 03:40:00,7578,7695,253,Reworked
B100405,P03,L012,SKU513,2023-11-05 02:00:00,12058,11319,916,Reworked
B100406,P02,L012,SKU511,2025-03-01 18:44:00,10859,10662,231,Completed
B100407,P01,L021,SKU509,2023-12-03 05:33:00,5348,5363,304,Completed
B100408,P04,L022,SKU507,2023-08-21 10:51:00,7193,6983,240,Completed
B100409,P01,L016,SKU513,2023-05-01 12:00:00,4648,4444,76,Reworked
B100410,P01,L003,SKU512,2025-01-28 08:58:00,17184,17501,221,Scrapped
B100411,P01,L032,SKU506,2023-09-25 05:52:00,14192,13256,749,Reworked
B100412,P02,L008,SKU501,2025-01-01 23:41:00,8975,8625,1134,Reworked
B100413,P01,L004,SKU500,2023-03-19 19:15:00,9123,9189,197,Completed
B100414,P01,L020,SKU503,2024-03-26 19:05:00,3423,3457,18,Completed
B100415,P03,L014,SKU500,2024-01-21 02:30:00,7218,7348,276,Completed
B100416,P04,L020,SKU503,2024-01-30 22:30:00,18639,18797,235,Scrapped
B100417,P01,L029,SKU501,2023-05-31 14:55:00,2565,2372,87,Completed
B100418,P02,L004,SKU514,2023-03-08 11:29:00,4630,4690,125,Scrapped
B100419,P03,L010,SKU501,2023-11-08 18:23:00,17228,16587,899,Reworked
B100420,P04,L017,SKU509,2024-02-28 05:02:00,11365,11196,118,Scrapped
B100421,P03,L026,SKU505,2024-12-15 05:16:00,2581,2476,74,Reworked
B100422,P04,L020,SKU502,2024-02-21 05:01:00,10815,10829,1117,Completed
B100423,P03,L013,SKU510,2023-08-10 08:02:00,15499,15151,1441,Completed
B100424,P02,L020,SKU514,2023-08-25 05:46:00,8211,8248,94,Completed
B100425,P01,L032,SKU511,2024-07-04 16:55:00,8875,8336,370,Scrapped
B100426,P04,L016,SKU514,2024-01-28 02:12:00,13363,12541,2230,Completed
B100427,P04,L029,SKU508,2025-03-22 01:31:00,12776,12316,1040,Scrapped
B100428,P01,L025,SKU510,2024-01-31 19:03:00,18252,16800,811,Reworked
B100429,P03,L010,SKU502,2024-05-25 05:40:00,6458,6388,209,Completed
B100430,P01,L008,SKU512,2023-02-27 12:20:00,6969,6617,203,Scrapped
B100431,P03,L025,SKU511,2023-06-24 09:55:00,4797,4680,10,Completed
B100432,P04,L007,SKU503,2025-02-04 03:36:00,13968,12948,91,Completed
B100433,P01,L011,SKU505,2023-11-07 06:56:00,11600,10869,479,Completed
B100434,P02,L008,SKU509,2024-01-14 21:51:00,8245,8098,179,Completed
B100435,P01,L020,SKU500,2024-06-15 07:58:00,14521,13803,267,Completed
B100436,P03,L010,SKU512,2023-02-22 01:41:00,8780,8266,91,Reworked
B100437,P04,L022,SKU504,2024-03-31 22:48:00,5518,5202,34,Scrapped
B100438,P01,L030,SKU501,2023-11-08 13:24:00,11717,11031,60,Completed
B100439,P02,L027,SKU504,2023-05-14 18:11:00,9854,9679,293,Reworked
B100440,P04,L031,SKU512,2024-01-12 12:04:00,9297,8709,344,Reworked
B100441,P02,L001,SKU504,2024-02-07 02:48:00,10003,9565,78,Completed
B100442,P01,L015,SKU508,2023-06-17 16:39:00,18455,18248,1039,Completed
B100443,P02,L008,SKU512,2024-05-03 18:14:00,5887,5718,991,Completed
B100444,P03,L030,SKU500,2024-11-02 13:29:00,6964,6822,321,Reworked
B100445,P03,L023,SKU511,2023-08-29 14:23:00,12170,11501,855,Completed
B100446,P02,L011,SKU504,2025-05-19 21:03:00,2840,2877,94,Completed
B100447,P04,L019,SKU510,2024-07-05 04:49:00,4626,4447,174,Completed
B100448,P03,L020,SKU502,2024-11-26 18:35:00,12194,11568,487,Reworked
B100449,P02,L016,SKU502,2023-03-05 03:27:00,11175,11291,278,Completed
B100450,P04,L016,SKU511,2024-11-21 17:20:00,13750,13551,486,Reworked
B100451,P04,L002,SKU512,2023-10-30 22:42:00,4041,3965,99,Scrapped
B100452,P02,L015,SKU514,2024-10-01 03:05:00,17369,17519,138,Completed
B100453,P01,L012,SKU510,2024-12-24 20:22:00,10739,9942,724,Reworked
B100454,P03,L027,SKU506,2023-08-14 08:36:00,4790,4808,4,Completed
B100455,P03,L028,SKU502,2023-08-22 08:33:00,7608,7515,198,Scrapped
B100456,P01,L025,SKU504,2023-02-23 13:36:00,6094,5825,104,Completed
B100457,P03,L001,SKU509,2024-06-28 15:49:00,10140,9588,234,Completed
B100458,P04,L027,SKU505,2024-11-27 15:06:00,10448,9721,36,Completed
B100459,P01,L013,SKU507,2024-01-05 00:38:00,9807,9945,145,Completed
B100460,P03,L014,SKU502,2023-05-25 21:20:00,10298,9620,335,Completed
B100461,P01,L031,SKU506,2023-10-12 19:32:00,18342,17350,466,Scrapped
B100462,P03,L028,SKU503,2023-12-29 13:26:00,19264,19054,858,Completed
B100463,P02,L002,SKU501,2025-04-04 12:26:00,10818,10720,1460,Completed
B100464,P01,L012,SKU501,2023-04-22 14:49:00,19334,18098,364,Scrapped
B100465,P04,L024,SKU507,2023-11-05 22:27:00,16732,16755,329,Completed
B100466,P01,L018,SKU505,2024-07-28 06:08:00,16759,16273,517,Scrapped
B100467,P03,L009,SKU501,2023-08-02 00:11:00,6061,6090,183,Scrapped
B100468,P01,L017,SKU507,2025-03-07 06:17:00,9891,9186,307,Completed
B100469,P04,L028,SKU502,2025-03-29 08:54:00,8337,7705,151,Reworked
B100470,P03,L008,SKU500,2023-12-09 02:20:00,3736,3675,233,Reworked
B100471,P04,L024,SKU501,2024-11-02 08:23:00,3351,3133,88,Scrapped
B100472,P02,L024,SKU506,2024-11-11 07:53:00,13203,12839,1165,Completed
B100473,P02,L029,SKU514,2024-09-05 14:52:00,9573,8820,191,Completed
B100474,P03,L010,SKU503,2023-06-17 20:06:00,16862,16828,246,Completed
B100475,P04,L007,SKU504,2023-02-14 13:57:00,14036,14175,169,Completed
B100476,P04,L018,SKU503,2023-11-09 12:00:00,3533,3546,123,Reworked
B100477,P01,L018,SKU505,2023-04-29 02:01:00,17087,17357,256,Completed
B100478,P03,L014,SKU510,2023-09-21 02:13:00,10929,11041,379,Completed
B100479,P01,L025,SKU504,2024-07-28 12:08:00,12186,11752,115,Completed
B100480,P02,L026,SKU509,2024-06-13 22:07:00,19382,18603,114,Completed
B100481,P04,L008,SKU513,2023-07-08 11:44:00,13521,13651,67,Completed
B100482,P02,L026,SKU514,2023-01-16 22:32:00,2401,2431,134,Reworked
B100483,P04,L008,SKU508,2023-07-23 01:46:00,5190,5279,32,Scrapped
B100484,P02,L014,SKU510,2024-02-14 07:43:00,9674,9643,539,Completed
B100485,P01,L001,SKU513,2024-12-02 05:23:00,2669,2509,60,Completed
B100486,P02,L011,SKU511,2023-11-25 15:04:00,5014,5086,201,Completed
B100487,P03,L031,SKU504,2023-09-15 07:58:00,16250,16489,1256,Completed
B100488,P04,L015,SKU501,2024-05-11 05:09:00,4570,4508,52,Completed
B100489,P03,L023,SKU501,2023-03-06 10:17:00,5006,5034,171,Scrapped
B100490,P04,L004,SKU513,2023-07-22 21:42:00,11084,10819,350,Scrapped
B100491,P04,L021,SKU508,2023-02-02 18:55:00,3641,3693,261,Reworked
B100492,P04,L012,SKU504,2024-04-18 01:18:00,6602,6135,9,Completed
B100493,P03,L024,SKU505,2024-02-03 20:38:00,18876,18996,214,Completed
B100494,P02,L030,SKU504,2024-06-08 07:05:00,13366,12370,141,Completed
B100495,P02,L018,SKU512,2024-07-09 09:58:00,19343,18451,552,Reworked
B100496,P01,L004,SKU509,2023-12-22 14:36:00,8376,7819,691,Completed
B100497,P02,L016,SKU513,2025-02-20 23:55:00,13092,12671,792,Completed
B100498,P04,L004,SKU504,2025-04-06 10:12:00,6294,5936,88,Completed
B100499,P02,L015,SKU507,2023-04-10 17:22:00,8815,8949,348,Completed
B100500,P01,L002,SKU501,2025-04-08 02:38:00,5143,5019,204,Completed
B100501,P03,L021,SKU514,2023-06-27 00:07:00,16998,17164,514,Completed
B100502,P04,L010,SKU507,2023-08-12 13:38:00,5312,5034,220,Completed
B100503,P04,L007,SKU508,2024-04-21 19:41:00,5684,5244,133,Reworked
B100504,P02,L001,SKU506,2023-01-27 11:08:00,10348,10322,736,Scrapped
B100505,P02,L029,SKU504,2023-11-24 16:44:00,9729,9634,77,Reworked
B100506,P03,L027,SKU514,2023-06-25 03:13:00,7649,7454,219,Completed
B100507,P01,L026,SKU507,2024-03-10 06:48:00,8426,8438,485,Scrapped
B100508,P02,L002,SKU510,2025-01-03 05:12:00,7310,7339,671,Completed
B100509,P01,L012,SKU500,2025-04-11 17:05:00,18428,18037,671,Completed
B100510,P04,L032,SKU504,2023-07-10 23:10:00,12446,12652,695,Scrapped
B100511,P03,L019,SKU512,2024-05-05 09:39:00,18555,18406,1801,Completed
B100512,P04,L005,SKU501,2024-03-02 23:24:00,19762,19518,641,Reworked
B100513,P04,L005,SKU501,2024-01-09 14:36:00,13715,13113,572,Completed
B100514,P04,L009,SKU512,2024-07-23 10:13:00,16861,15515,462,Completed
B100515,P01,L032,SKU504,2025-06-09 11:54:00,3993,3769,215,Scrapped
B100516,P04,L006,SKU504,2023-12-31 17:11:00,19089,19020,1044,Completed
B100517,P01,L029,SKU508,2023-02-28 16:39:00,10679,10582,995,Scrapped
B100518,P02,L022,SKU502,2025-04-04 08:54:00,14841,14144,483,Completed
B100519,P03,L030,SKU500,2025-04-18 21:39:00,6415,6303,37,Scrapped
B100520,P02,L027,SKU500,2023-10-18 03:07:00,3719,3494,322,Completed
B100521,P01,L011,SKU501,2024-03-27 11:53:00,17928,16966,76,Completed
B100522,P01,L027,SKU502,2025-02-15 07:54:00,10090,10238,539,Completed
B100523,P04,L006,SKU510,2024-03-29 09:08:00,4491,4317,91,Completed
B100524,P02,L010,SKU504,2024-03-09 01:52:00,13852,13083,414,Scrapped
B100525,P02,L007,SKU501,2025-04-09 18:25:00,2977,2883,57,Completed
B100526,P04,L005,SKU500,2025-01-15 22:11:00,10108,9690,430,Completed
B100527,P01,L003,SKU507,2024-04-01 14:11:00,14679,14575,275,Completed
B100528,P04,L006,SKU512,2023-05-26 08:24:00,14967,15209,177,Reworked
B100529,P04,L004,SKU505,2024-01-30 13:35:00,10159,9947,519,Completed
B100530,P03,L013,SKU500,2024-08-31 19:23:00,8659,8478,216,Completed
B100531,P01,L003,SKU503,2023-09-03 05:45:00,17090,16346,252,Completed
B100532,P01,L002,SKU507,2024-04-28 13:15:00,5325,5199,231,Scrapped
B100533,P02,L032,SKU502,2024-08-15 22:26:00,3343,3182,168,Completed
B100534,P03,L003,SKU514,2023-03-18 12:26:00,4823,4437,52,Scrapped
B100535,P01,L003,SKU511,2024-05-27 16:20:00,16419,16527,461,Completed
B100536,P02,L001,SKU505,2024-10-25 19:15:00,10458,10070,479,Completed
B100537,P01,L005,SKU514,2023-07-12 21:51:00,2672,2589,90,Scrapped
B100538,P03,L017,SKU504,2024-05-08 13:47:00,5037,4676,65,Reworked
B100539,P01,L027,SKU502,2024-09-30 11:19:00,2505,2514,6,Reworked
B100540,P03,L024,SKU514,2023-02-09 20:38:00,16659,15610,487,Completed
B100541,P01,L019,SKU514,2024-08-02 16:16:00,10303,9901,140,Reworked
B100542,P01,L003,SKU504,2023-08-22 18:28:00,3225,3237,127,Completed
B100543,P01,L025,SKU508,2023-12-24 14:24:00,5983,5778,170,Completed
B100544,P04,L002,SKU502,2024-08-06 04:48:00,13096,13267,1466,Completed
B100545,P01,L021,SKU509,2023-01-04 23:03:00,12686,11936,154,Reworked
B100546,P02,L014,SKU510,2023-01-16 02:41:00,16747,16605,641,Completed
B100547,P03,L029,SKU510,2024-02-06 22:09:00,2464,2507,15,Completed
B100548,P03,L010,SKU508,2025-05-04 19:00:00,3249,3167,23,Reworked
B100549,P03,L021,SKU510,2023-01-06 10:51:00,2637,2608,329,Completed
B100550,P04,L015,SKU508,2024-12-10 21:42:00,9093,8723,480,Completed
B100551,P02,L017,SKU512,2023-03-09 11:58:00,15088,15014,126,Completed
B100552,P04,L031,SKU502,2024-03-16 00:56:00,13934,14085,458,Completed
B100553,P02,L023,SKU507,2024-01-23 13:10:00,5782,5725,237,Completed
B100554,P04,L014,SKU506,2024-02-26 06:45:00,13830,14017,762,Scrapped
B100555,P03,L015,SKU508,2023-03-15 17:28:00,13815,13523,365,Scrapped
B100556,P03,L023,SKU502,2024-11-09 04:18:00,5444,5322,43,Scrapped
B100557,P04,L012,SKU504,2023-09-06 02:22:00,15498,14730,417,Scrapped
B100558,P04,L006,SKU514,2024-11-24 22:43:00,9601,9514,283,Reworked
B100559,P04,L015,SKU501,2024-08-12 22:36:00,3067,3092,107,Completed
B100560,P03,L003,SKU509,2024-05-11 03:51:00,9030,8891,181,Completed
B100561,P01,L006,SKU509,2023-10-05 18:05:00,15855,14956,392,Reworked
B100562,P02,L014,SKU507,2024-08-10 00:55:00,14531,14159,413,Scrapped
B100563,P01,L026,SKU500,2025-06-16 21:12:00,6831,6800,117,Completed
B100564,P04,L026,SKU500,2025-04-10 19:32:00,15624,15841,187,Scrapped
B100565,P01,L009,SKU504,2025-04-04 16:07:00,9011,8431,201,Completed
B100566,P01,L014,SKU501,2023-07-17 17:37:00,10284,9592,82,Completed
B100567,P01,L005,SKU501,2024-06-10 18:41:00,3559,3421,55,Reworked
B100568,P03,L025,SKU502,2023-12-25 00:34:00,19947,18601,1138,Completed
B100569,P03,L008,SKU502,2025-05-20 06:03:00,17095,17403,505,Reworked
B100570,P04,L026,SKU512,2025-05-05 01:50:00,5508,5301,178,Completed
B100571,P02,L027,SKU509,2025-02-20 05:10:00,12093,11770,1064,Reworked
B100572,P02,L023,SKU500,2023-05-27 11:00:00,16046,15126,390,Completed
B100573,P01,L011,SKU509,2023-10-15 00:12:00,11083,10694,194,Completed
B100574,P01,L031,SKU502,2024-10-02 03:32:00,5794,5901,567,Completed
B100575,P02,L022,SKU506,2024-11-05 15:16:00,19433,18828,654,Completed
B100576,P04,L021,SKU500,2023-11-12 06:16:00,6838,6296,349,Completed
B100577,P03,L028,SKU501,2023-05-04 03:33:00,8021,7573,161,Completed
B100578,P04,L029,SKU501,2023-05-04 05:15:00,8689,8844,183,Completed
B100579,P01,L003,SKU506,2024-09-08 02:18:00,18034,18374,125,Completed
B100580,P01,L029,SKU506,2024-02-13 18:03:00,11000,10351,200,Scrapped
B100581,P04,L025,SKU505,2024-03-17 23:22:00,14954,14677,819,Completed
B100582,P01,L007,SKU509,2025-01-03 19:53:00,18221,16903,1656,Scrapped
B100583,P01,L010,SKU510,2023-01-16 03:26:00,18713,18296,1203,Completed
B100584,P02,L025,SKU510,2024-11-10 01:52:00,17415,16241,15,Reworked
B100585,P04,L007,SKU508,2023-09-04 19:21:00,18340,18374,145,Completed
B100586,P03,L015,SKU508,2025-04-18 02:07:00,19068,19334,85,Completed
B100587,P01,L023,SKU507,2025-05-09 20:15:00,19838,18594,768,Completed
B100588,P04,L021,SKU503,2024-03-27 22:08:00,13575,13117,486,Completed
B100589,P04,L030,SKU507,2023-10-12 05:57:00,4370,4064,108,Reworked
B100590,P04,L004,SKU500,2023-07-29 20:43:00,4039,3852,57,Scrapped
B100591,P04,L010,SKU514,2023-06-13 07:24:00,16328,15128,253,Completed
B100592,P01,L032,SKU505,2025-06-18 06:51:00,7690,7278,184,Completed
B100593,P04,L019,SKU511,2023-06-18 18:40:00,16480,16793,171,Completed
B100594,P02,L008,SKU514,2024-02-06 21:47:00,18825,17402,2172,Completed
B100595,P04,L010,SKU507,2024-03-07 07:00:00,13598,13678,338,Scrapped
B100596,P03,L011,SKU512,2024-09-03 06:18:00,15757,14618,131,Completed
B100597,P04,L018,SKU507,2025-01-28 09:13:00,7019,6828,141,Scrapped
B100598,P03,L010,SKU501,2024-05-17 04:43:00,9821,9479,362,Reworked
B100599,P03,L020,SKU500,2024-11-13 04:50:00,19372,19626,934,Completed
B100600,P03,L015,SKU502,2024-05-25 00:25:00,16703,15699,161,Completed
B100601,P04,L020,SKU514,2024-01-29 04:00:00,5679,5326,139,Completed
B100602,P03,L005,SKU507,2023-05-22 23:23:00,18853,18756,1559,Scrapped
B100603,P01,L020,SKU504,2023-07-07 20:30:00,10992,10910,303,Completed
B100604,P04,L030,SKU506,2024-01-25 04:13:00,17189,17015,685,Completed
B100605,P03,L005,SKU503,2023-02-11 11:00:00,11386,10504,213,Scrapped
B100606,P02,L011,SKU513,2023-10-12 17:24:00,12870,12174,78,Completed
B100607,P03,L023,SKU514,2024-02-21 08:48:00,4912,4931,165,Completed
B100608,P04,L020,SKU501,2024-03-01 08:55:00,8095,7933,356,Reworked
B100609,P04,L022,SKU510,2025-01-03 07:08:00,15005,14708,503,Completed
B100610,P04,L018,SKU505,2025-05-20 21:26:00,17163,16297,294,Completed
B100611,P02,L022,SKU500,2024-10-18 17:07:00,3599,3404,6,Reworked
B100612,P04,L020,SKU513,2023-03-13 13:58:00,3383,3432,103,Completed
B100613,P02,L003,SKU500,2024-01-03 17:46:00,14475,14370,1161,Reworked
B100614,P03,L025,SKU503,2024-10-18 22:04:00,10047,9370,65,Completed
B100615,P03,L015,SKU500,2024-06-19 05:34:00,17275,17512,442,Completed
B100616,P01,L002,SKU507,2024-02-17 00:08:00,3227,3156,260,Reworked
B100617,P02,L014,SKU508,2024-01-28 14:55:00,8289,7902,747,Completed
B100618,P01,L014,SKU504,2024-01-01 08:43:00,2637,2530,274,Scrapped
B100619,P01,L003,SKU501,2024-06-05 02:44:00,14769,14658,407,Completed
B100620,P02,L032,SKU501,2023-06-10 21:40:00,17441,16701,826,Reworked
B100621,P02,L008,SKU514,2024-04-10 18:06:00,4821,4714,572,Completed
B100622,P01,L011,SKU512,2023-07-05 06:44:00,7831,7760,648,Scrapped
B100623,P02,L015,SKU514,2024-09-04 20:52:00,17227,16185,437,Completed
B100624,P03,L027,SKU507,2025-02-17 06:34:00,2745,2784,46,Completed
B100625,P01,L024,SKU508,2024-04-01 22:30:00,19136,18286,155,Scrapped
B100626,P02,L025,SKU511,2023-12-15 19:43:00,17965,17281,849,Scrapped
B100627,P02,L008,SKU509,2025-04-26 13:11:00,4748,4699,104,Reworked
B100628,P03,L028,SKU506,2024-08-16 17:21:00,4500,4413,177,Reworked
B100629,P02,L027,SKU504,2024-01-21 05:24:00,14453,13932,719,Reworked
B100630,P03,L015,SKU507,2023-01-26 21:44:00,2181,2148,41,Completed
B100631,P02,L018,SKU500,2023-01-15 07:47:00,11104,11218,485,Reworked
B100632,P02,L002,SKU502,2023-07-19 08:06:00,3186,3186,556,Completed
B100633,P02,L025,SKU511,2023-08-01 17:40:00,11566,11594,940,Completed
B100634,P01,L031,SKU513,2024-10-11 06:14:00,8303,7853,134,Completed
B100635,P03,L016,SKU501,2024-03-26 13:06:00,14716,14155,621,Completed
B100636,P01,L018,SKU501,2025-06-18 23:07:00,17852,17412,58,Completed
B100637,P02,L016,SKU501,2024-05-01 12:21:00,10797,9980,163,Reworked
B100638,P04,L003,SKU511,2025-03-23 19:23:00,13551,13510,188,Completed
B100639,P04,L020,SKU504,2024-05-12 03:30:00,12805,12194,282,Completed
B100640,P03,L024,SKU504,2023-11-19 08:42:00,19728,18707,721,Completed
B100641,P04,L030,SKU500,2024-10-05 02:19:00,6156,5823,124,Completed
B100642,P04,L030,SKU514,2024-02-09 11:36:00,6300,5974,312,Reworked
B100643,P02,L016,SKU506,2023-09-05 04:23:00,8813,8405,15,Completed
B100644,P04,L031,SKU511,2024-03-01 21:39:00,15260,14962,37,Completed
B100645,P02,L017,SKU510,2024-08-21 09:55:00,17574,17193,264,Reworked
B100646,P02,L021,SKU502,2023-12-05 00:04:00,7005,6623,129,Completed
B100647,P03,L020,SKU512,2024-09-25 15:05:00,3978,3741,107,Completed
B100648,P04,L032,SKU508,2025-06-01 15:27:00,12955,12989,406,Completed
B100649,P04,L024,SKU509,2024-01-06 03:39:00,12756,11853,251,Completed
B100650,P02,L004,SKU503,2023-09-23 17:04:00,8745,8493,306,Reworked
B100651,P03,L003,SKU512,2023-12-28 22:51:00,5317,5168,87,Completed
B100652,P01,L014,SKU513,2025-01-24 10:27:00,17297,16906,14,Reworked
B100653,P04,L017,SKU506,2023-06-11 00:46:00,17237,17384,1842,Scrapped
B100654,P03,L022,SKU501,2025-05-26 07:25:00,15455,15182,345,Completed
B100655,P03,L016,SKU512,2024-01-08 14:07:00,12422,12637,113,Completed
B100656,P04,L017,SKU513,2025-01-27 10:52:00,6705,6752,641,Completed
B100657,P03,L030,SKU507,2024-12-09 03:13:00,9254,8712,80,Completed
B100658,P01,L011,SKU508,2024-12-06 05:17:00,3231,3050,37,Completed
B100659,P02,L016,SKU503,2025-03-29 01:49:00,6496,6200,215,Reworked
B100660,P01,L018,SKU501,2023-06-16 08:49:00,10107,9694,150,Reworked
B100661,P03,L015,SKU514,2024-06-18 06:02:00,9863,9619,242,Reworked
B100662,P01,L031,SKU507,2023-03-31 02:29:00,3446,3250,135,Reworked
B100663,P01,L031,SKU504,2023-09-27 10:23:00,19237,18125,950,Completed
B100664,P03,L017,SKU510,2023-02-06 12:41:00,6828,6542,54,Completed
B100665,P03,L015,SKU500,2024-09-06 01:27:00,11165,11022,548,Completed
B100666,P03,L019,SKU501,2024-06-30 22:55:00,10374,10257,277,Reworked
B100667,P04,L006,SKU503,2024-10-28 03:09:00,10450,10634,110,Scrapped
B100668,P04,L014,SKU506,2023-06-08 14:31:00,17210,16181,8,Scrapped
B100669,P01,L007,SKU505,2023-10-26 23:47:00,15432,14803,93,Completed
B100670,P04,L005,SKU502,2024-08-31 16:58:00,17617,17907,26,Completed
B100671,P03,L004,SKU505,2025-01-13 21:26:00,8822,8724,491,Scrapped
B100672,P03,L019,SKU505,2025-03-08 02:36:00,6772,6631,194,Completed
B100673,P01,L001,SKU507,2023-03-08 07:49:00,9693,9440,813,Reworked
B100674,P03,L021,SKU508,2023-12-29 06:38:00,12106,11228,234,Completed
B100675,P03,L014,SKU513,2023-01-10 16:16:00,8065,8140,85,Scrapped
B100676,P03,L012,SKU512,2025-01-06 15:59:00,10281,10101,279,Scrapped
B100677,P01,L025,SKU504,2023-04-21 16:10:00,4716,4608,165,Completed
B100678,P03,L018,SKU513,2025-01-09 22:22:00,12509,12183,642,Completed
B100679,P04,L024,SKU507,2023-05-21 09:46:00,14848,14242,372,Completed
B100680,P03,L023,SKU502,2023-01-14 19:59:00,11488,10861,488,Reworked
B100681,P01,L002,SKU505,2025-03-02 00:52:00,17714,17634,477,Completed
B100682,P04,L007,SKU511,2024-01-30 22:20:00,19922,19343,615,Completed
B100683,P04,L019,SKU512,2024-01-18 11:36:00,18300,16898,320,Completed
B100684,P01,L032,SKU505,2024-08-05 01:29:00,3673,3525,104,Completed
B100685,P04,L005,SKU502,2023-09-05 10:31:00,17854,18083,289,Completed
B100686,P02,L004,SKU502,2024-09-13 17:12:00,8006,7664,361,Completed
B100687,P03,L031,SKU501,2024-01-22 04:01:00,10132,9740,504,Completed
B100688,P02,L031,SKU510,2023-09-03 09:28:00,9415,9249,455,Reworked
B100689,P04,L006,SKU507,2023-12-22 08:33:00,7113,7114,52,Completed
B100690,P04,L013,SKU506,2023-01-06 12:41:00,17790,17555,513,Completed
B100691,P04,L021,SKU510,2023-09-29 07:34:00,13482,13549,185,Reworked
B100692,P04,L007,SKU512,2024-06-16 07:16:00,19405,18073,339,Completed
B100693,P04,L011,SKU511,2023-05-05 02:37:00,19184,19423,203,Completed
B100694,P01,L013,SKU502,2023-04-17 16:39:00,9555,9654,490,Reworked
B100695,P02,L021,SKU508,2024-08-13 07:46:00,15086,14662,698,Completed
B100696,P03,L010,SKU513,2024-01-21 09:47:00,11042,10848,186,Completed
B100697,P03,L014,SKU511,2023-05-03 22:39:00,10907,10266,146,Completed
B100698,P01,L010,SKU504,2024-11-04 01:15:00,15313,14773,1260,Completed
B100699,P01,L025,SKU505,2024-11-28 21:10:00,14398,13538,54,Reworked
B100700,P03,L005,SKU513,2023-02-01 06:51:00,18411,16978,260,Reworked
B100701,P03,L008,SKU500,2023-07-01 12:27:00,15905,16192,432,Completed
B100702,P01,L008,SKU507,2023-11-30 07:27:00,13198,12484,333,Reworked
B100703,P01,L029,SKU501,2024-10-20 05:37:00,18546,18162,2219,Reworked
B100704,P01,L031,SKU513,2023-03-08 15:03:00,3842,3649,72,Completed
B100705,P03,L017,SKU500,2024-12-26 00:39:00,15737,15061,282,Completed
B100706,P01,L006,SKU500,2023-10-15 11:57:00,9061,8696,503,Reworked
B100707,P03,L025,SKU504,2023-04-23 19:02:00,9797,9341,344,Completed
B100708,P02,L016,SKU503,2025-02-16 00:49:00,16070,15808,56,Completed
B100709,P02,L028,SKU507,2023-03-20 01:42:00,6924,7035,114,Reworked
B100710,P03,L012,SKU504,2023-04-27 14:52:00,17905,17240,652,Reworked
B100711,P03,L032,SKU505,2025-05-04 14:46:00,10997,11187,929,Completed
B100712,P03,L026,SKU508,2024-04-12 14:37:00,8282,8172,128,Completed
B100713,P04,L008,SKU508,2024-02-21 17:48:00,7907,7754,165,Reworked
B100714,P04,L024,SKU514,2024-09-10 14:55:00,9576,9036,406,Completed
B100715,P04,L010,SKU507,2024-07-21 05:05:00,18969,17570,161,Scrapped
B100716,P03,L012,SKU508,2024-07-06 04:52:00,3847,3866,149,Completed
B100717,P02,L009,SKU510,2023-01-21 22:25:00,11143,10891,116,Completed
B100718,P01,L022,SKU502,2024-05-11 13:28:00,17030,16373,864,Completed
B100719,P03,L009,SKU510,2023-09-08 20:08:00,10497,10509,92,Completed
B100720,P01,L021,SKU512,2024-12-27 21:39:00,12188,11591,494,Completed
B100721,P04,L019,SKU504,2024-03-30 20:35:00,8267,8253,40,Scrapped
B100722,P04,L025,SKU502,2023-04-22 09:24:00,4451,4240,25,Completed
B100723,P01,L032,SKU505,2025-03-08 14:18:00,13509,13672,962,Scrapped
B100724,P04,L001,SKU504,2023-09-13 20:32:00,18559,17571,162,Completed
B100725,P01,L032,SKU508,2023-09-02 07:05:00,11360,10607,286,Reworked
B100726,P03,L004,SKU512,2025-04-22 15:34:00,9776,9676,445,Completed
B100727,P01,L017,SKU508,2024-11-28 16:07:00,4322,4046,139,Completed
B100728,P02,L011,SKU501,2025-02-12 13:36:00,19005,19288,443,Completed
B100729,P03,L021,SKU504,2024-08-18 23:47:00,17645,17390,395,Completed
B100730,P03,L024,SKU510,2025-03-30 10:28:00,18235,17197,1201,Completed
B100731,P02,L028,SKU504,2023-04-14 17:50:00,8462,7961,855,Scrapped
B100732,P04,L013,SKU508,2024-06-23 23:27:00,13255,13419,323,Reworked
B100733,P04,L030,SKU510,2023-09-22 00:54:00,9786,9597,132,Reworked
B100734,P01,L011,SKU504,2023-12-25 13:58:00,6223,6281,208,Completed
B100735,P03,L007,SKU509,2023-08-03 01:51:00,5702,5308,34,Completed
B100736,P03,L013,SKU505,2023-07-04 12:48:00,8909,9020,166,Completed
B100737,P02,L017,SKU502,2024-02-03 06:35:00,11961,11626,685,Completed
B100738,P03,L022,SKU505,2025-04-06 11:03:00,4196,4140,83,Reworked
B100739,P04,L027,SKU506,2024-07-25 19:13:00,14636,14010,1301,Reworked
B100740,P04,L008,SKU500,2023-11-11 10:00:00,10239,9480,418,Completed
B100741,P04,L010,SKU513,2024-01-26 01:52:00,17860,18142,1377,Completed
B100742,P03,L031,SKU507,2024-04-21 20:24:00,7018,7154,238,Completed
B100743,P02,L015,SKU500,2023-08-09 01:59:00,2928,2800,120,Scrapped
B100744,P04,L008,SKU513,2024-04-14 02:04:00,7616,7725,22,Scrapped
B100745,P02,L032,SKU512,2024-09-18 06:58:00,19519,18284,550,Completed
B100746,P03,L015,SKU500,2023-08-07 20:25:00,7795,7291,313,Reworked
B100747,P02,L032,SKU502,2024-06-10 00:34:00,14668,13601,1250,Completed
B100748,P02,L030,SKU505,2024-09-29 12:46:00,17179,16476,241,Completed
B100749,P01,L029,SKU507,2024-04-12 09:10:00,7117,6584,233,Completed
B100750,P04,L019,SKU510,2023-09-20 18:22:00,13566,13016,839,Scrapped
B100751,P01,L026,SKU506,2024-05-13 23:27:00,5680,5304,182,Completed
B100752,P01,L031,SKU509,2024-12-14 21:53:00,8519,8459,752,Scrapped
B100753,P04,L009,SKU500,2023-07-19 17:03:00,7329,7353,126,Completed
B100754,P03,L002,SKU509,2024-06-01 05:02:00,14102,13943,72,Completed
B100755,P02,L011,SKU513,2024-09-04 09:18:00,17763,16698,585,Completed
B100756,P03,L021,SKU507,2023-10-17 08:18:00,6542,6520,121,Reworked
B100757,P02,L018,SKU506,2023-12-15 18:00:00,7245,6846,99,Completed
B100758,P01,L003,SKU504,2025-03-10 23:20:00,16776,16708,335,Completed
B100759,P03,L018,SKU514,2023-11-24 02:54:00,10330,10089,262,Completed
B100760,P01,L006,SKU500,2024-06-22 09:49:00,11235,10748,587,Reworked
B100761,P03,L017,SKU504,2023-05-15 18:15:00,14703,13649,207,Scrapped
B100762,P04,L019,SKU502,2025-04-13 09:07:00,4476,4488,60,Scrapped
B100763,P04,L021,SKU512,2024-06-21 03:41:00,17695,17942,2339,Completed
B100764,P02,L014,SKU507,2024-11-15 07:50:00,8574,8459,69,Completed
B100765,P04,L014,SKU513,2024-06-26 09:33:00,13854,14081,714,Completed
B100766,P03,L022,SKU509,2023-11-16 22:33:00,9779,9910,72,Reworked
B100767,P02,L024,SKU508,2023-11-03 06:29:00,15555,14613,594,Reworked
B100768,P01,L026,SKU507,2024-09-23 02:07:00,13008,12918,265,Completed
B100769,P02,L011,SKU503,2025-02-12 20:45:00,5119,4888,113,Completed
B100770,P03,L014,SKU508,2023-04-25 21:07:00,5381,5212,106,Completed
B100771,P04,L011,SKU510,2025-01-30 21:53:00,17793,16648,767,Completed
B100772,P01,L017,SKU514,2025-01-17 00:04:00,11352,11550,77,Scrapped
B100773,P03,L005,SKU508,2023-04-09 03:34:00,6962,6910,115,Scrapped
B100774,P04,L014,SKU514,2023-04-08 08:20:00,4578,4333,24,Completed
B100775,P04,L007,SKU514,2024-09-17 12:49:00,4310,4125,44,Completed
B100776,P02,L018,SKU507,2025-01-28 12:35:00,18558,17857,177,Completed
B100777,P01,L028,SKU506,2023-12-21 10:49:00,19572,19469,432,Completed
B100778,P02,L032,SKU502,2024-07-30 13:43:00,9082,9196,1110,Completed
B100779,P04,L015,SKU504,2025-06-18 17:50:00,5629,5359,43,Scrapped
B100780,P04,L002,SKU513,2023-10-18 12:25:00,9539,9226,823,Completed
B100781,P03,L008,SKU502,2023-07-22 12:30:00,4459,4366,212,Scrapped
B100782,P01,L004,SKU505,2025-06-11 10:57:00,11893,11409,678,Scrapped
B100783,P01,L025,SKU510,2023-09-10 11:19:00,13268,12875,411,Scrapped
B100784,P02,L032,SKU503,2024-03-01 08:00:00,19735,18364,1382,Completed
B100785,P03,L018,SKU514,2024-02-02 21:29:00,7739,7249,440,Completed
B100786,P01,L006,SKU509,2024-04-15 21:41:00,5560,5338,106,Completed
B100787,P03,L001,SKU500,2023-08-30 20:14:00,4400,4450,5,Reworked
B100788,P03,L032,SKU503,2024-09-03 02:55:00,8789,8392,21,Scrapped
B100789,P01,L011,SKU511,2024-09-14 19:03:00,12820,12114,301,Completed
B100790,P01,L004,SKU512,2023-06-30 12:03:00,3199,3180,74,Completed
B100791,P02,L006,SKU513,2024-03-08 19:36:00,15661,15894,490,Completed
B100792,P03,L009,SKU512,2023-02-21 14:59:00,10281,9930,1352,Completed
B100793,P04,L021,SKU501,2023-07-18 18:58:00,16277,14988,964,Completed
B100794,P02,L029,SKU510,2025-06-07 11:54:00,10344,10228,149,Completed
B100795,P02,L009,SKU501,2024-03-31 17:40:00,4799,4614,69,Scrapped
B100796,P04,L022,SKU501,2024-07-14 10:57:00,2386,2355,80,Completed
B100797,P02,L003,SKU510,2025-03-10 21:48:00,12023,11395,955,Completed
B100798,P02,L001,SKU507,2024-10-04 08:50:00,11709,10775,354,Completed
B100799,P02,L002,SKU509,2024-12-14 03:44:00,16646,15887,1629,Scrapped
B100800,P01,L030,SKU512,2024-10-02 20:19:00,17790,17620,90,Completed
B100801,P02,L019,SKU501,2024-03-24 22:42:00,4899,4699,116,Scrapped
B100802,P03,L026,SKU507,2024-07-23 07:33:00,7664,7218,642,Reworked
B100803,P04,L001,SKU512,2023-09-17 15:26:00,5738,5545,91,Completed
B100804,P03,L001,SKU506,2025-03-12 08:58:00,3920,3901,129,Completed
B100805,P04,L028,SKU507,2023-06-11 21:32:00,2043,1903,147,Completed
B100806,P03,L004,SKU507,2025-03-06 16:34:00,3481,3443,42,Scrapped
B100807,P01,L005,SKU513,2025-03-01 13:04:00,11443,11291,350,Scrapped
B100808,P02,L017,SKU500,2023-05-09 01:13:00,4733,4529,47,Completed
B100809,P04,L020,SKU513,2024-10-01 03:36:00,5504,5597,199,Completed
B100810,P01,L008,SKU512,2025-06-09 16:50:00,4121,4160,79,Completed
B100811,P04,L015,SKU512,2024-05-29 22:43:00,15036,14308,800,Reworked
B100812,P03,L022,SKU506,2023-11-03 07:26:00,13442,12408,432,Reworked
B100813,P02,L015,SKU507,2025-03-02 11:47:00,19319,18369,308,Completed
B100814,P04,L013,SKU505,2024-04-06 07:12:00,4006,3767,65,Completed
B100815,P04,L003,SKU503,2023-04-20 12:30:00,5757,5611,35,Completed
B100816,P01,L015,SKU513,2023-08-13 08:19:00,10202,10323,592,Reworked
B100817,P01,L026,SKU507,2024-09-06 05:46:00,13683,13779,413,Completed
B100818,P03,L021,SKU510,2024-02-14 19:54:00,4341,4126,101,Scrapped
B100819,P04,L029,SKU501,2023-07-15 00:59:00,5813,5597,214,Completed
B100820,P01,L005,SKU511,2024-12-20 03:07:00,9587,8855,135,Scrapped
B100821,P03,L001,SKU509,2023-04-19 12:28:00,2324,2264,51,Scrapped
B100822,P01,L018,SKU514,2023-07-17 03:50:00,9114,8442,355,Reworked
B100823,P03,L006,SKU502,2024-02-24 01:08:00,15653,15869,549,Completed
B100824,P03,L020,SKU508,2023-02-05 13:43:00,11479,11555,196,Completed
B100825,P01,L029,SKU507,2023-12-15 15:41:00,9812,9237,402,Completed
B100826,P03,L011,SKU508,2025-03-29 22:58:00,10782,10673,430,Reworked
B100827,P04,L018,SKU500,2025-04-27 01:20:00,19042,18600,283,Reworked
B100828,P04,L022,SKU507,2025-02-23 18:13:00,11367,11368,276,Scrapped
B100829,P01,L005,SKU504,2023-10-19 13:57:00,11617,11240,356,Scrapped
B100830,P01,L029,SKU509,2023-02-28 09:12:00,18754,17613,38,Completed
B100831,P01,L007,SKU503,2025-01-03 09:53:00,4834,4756,85,Completed
B100832,P02,L026,SKU506,2023-12-02 23:39:00,3727,3458,193,Reworked
B100833,P01,L022,SKU509,2024-11-04 22:39:00,10095,9877,22,Reworked
B100834,P04,L005,SKU500,2023-04-18 06:00:00,7734,7279,92,Completed
B100835,P04,L024,SKU511,2024-08-24 03:09:00,5652,5586,73,Completed
B100836,P04,L007,SKU510,2024-06-11 17:59:00,4151,4162,66,Completed
B100837,P01,L020,SKU500,2025-04-08 08:39:00,17804,16574,197,Scrapped
B100838,P01,L031,SKU500,2023-04-02 17:41:00,13057,12535,285,Completed
B100839,P04,L031,SKU512,2024-01-03 03:10:00,14436,14340,1275,Reworked
B100840,P02,L028,SKU504,2025-06-09 22:44:00,4125,3862,17,Scrapped
B100841,P03,L016,SKU512,2023-12-17 16:53:00,8142,7951,52,Scrapped
B100842,P04,L018,SKU507,2024-08-15 05:42:00,13174,13005,195,Completed
B100843,P01,L010,SKU505,2023-05-25 20:27:00,11500,10988,799,Reworked
B100844,P01,L030,SKU504,2024-10-17 13:33:00,14507,14553,458,Completed
B100845,P01,L016,SKU509,2023-09-06 04:27:00,14050,13643,423,Scrapped
B100846,P01,L025,SKU501,2024-05-29 23:58:00,9440,9276,533,Scrapped
B100847,P01,L012,SKU506,2025-03-02 19:10:00,16091,15030,220,Completed
B100848,P04,L024,SKU505,2024-08-17 22:41:00,6673,6154,127,Completed
B100849,P03,L008,SKU502,2024-03-02 22:39:00,3442,3184,11,Reworked
B100850,P04,L024,SKU505,2023-06-21 01:08:00,18440,18631,369,Completed
B100851,P04,L002,SKU507,2023-11-04 05:13:00,2405,2424,60,Reworked
B100852,P04,L004,SKU510,2025-02-03 08:21:00,7106,7111,632,Completed
B100853,P01,L012,SKU501,2023-07-14 12:01:00,4060,3816,59,Completed
B100854,P02,L016,SKU513,2024-08-13 16:08:00,6172,6002,546,Reworked
B100855,P04,L023,SKU513,2024-03-12 11:08:00,9109,9105,1157,Scrapped
B100856,P01,L012,SKU510,2023-10-16 18:55:00,4332,4277,111,Completed
B100857,P01,L001,SKU513,2024-10-06 23:58:00,10400,9688,31,Reworked
B100858,P03,L011,SKU506,2023-11-22 22:11:00,18691,18869,577,Completed
B100859,P04,L015,SKU512,2023-09-16 00:32:00,4456,4171,148,Scrapped
B100860,P04,L018,SKU510,2024-04-21 07:51:00,18678,17504,1792,Completed
B100861,P04,L021,SKU508,2024-11-12 22:40:00,9400,9494,435,Completed
B100862,P01,L008,SKU502,2025-02-16 17:25:00,12664,12264,1007,Reworked
B100863,P04,L020,SKU508,2024-07-20 19:24:00,9949,9524,108,Scrapped
B100864,P04,L021,SKU513,2024-08-18 18:51:00,7699,7509,42,Completed
B100865,P03,L025,SKU514,2024-12-09 19:21:00,3963,4034,49,Completed
B100866,P04,L017,SKU506,2023-08-31 07:42:00,12680,11817,634,Scrapped
B100867,P04,L026,SKU503,2023-08-14 19:38:00,18499,18419,1351,Scrapped
B100868,P02,L008,SKU511,2024-03-11 14:04:00,11374,10844,961,Completed
B100869,P01,L023,SKU501,2024-07-21 22:12:00,12784,11910,520,Completed
B100870,P02,L002,SKU502,2024-08-04 09:30:00,13587,13073,488,Scrapped
B100871,P01,L004,SKU508,2023-05-19 08:40:00,8993,8767,620,Reworked
B100872,P01,L028,SKU514,2024-12-03 13:10:00,4170,3922,100,Completed
B100873,P01,L016,SKU504,2023-11-24 10:00:00,11124,10684,885,Completed
B100874,P03,L020,SKU506,2025-02-28 13:28:00,17640,17350,466,Scrapped
B100875,P03,L020,SKU504,2024-10-13 22:10:00,7655,7483,495,Reworked
B100876,P03,L023,SKU506,2025-06-03 15:34:00,17686,17550,733,Completed
B100877,P03,L008,SKU500,2024-07-22 12:02:00,17377,17440,463,Completed
B100878,P03,L006,SKU508,2024-04-19 17:54:00,6406,6155,121,Completed
B100879,P03,L002,SKU508,2023-06-19 01:47:00,12350,11884,439,Scrapped
B100880,P01,L028,SKU504,2023-12-25 19:09:00,15455,14986,699,Completed
B100881,P04,L008,SKU503,2025-02-11 12:12:00,10908,10653,229,Scrapped
B100882,P02,L019,SKU511,2023-12-10 19:50:00,14588,13578,183,Reworked
B100883,P01,L015,SKU502,2023-02-18 00:22:00,18395,17498,408,Completed
B100884,P04,L006,SKU500,2023-08-09 14:51:00,13290,12455,154,Completed
B100885,P03,L014,SKU500,2024-06-19 16:39:00,17083,16375,668,Scrapped
B100886,P01,L003,SKU513,2024-07-20 04:46:00,16417,16701,668,Completed
B100887,P01,L006,SKU505,2025-06-04 10:31:00,16630,16268,14,Reworked
B100888,P01,L005,SKU501,2025-04-20 11:16:00,17342,16699,935,Completed
B100889,P02,L027,SKU513,2024-04-23 08:30:00,6060,5918,151,Completed
B100890,P01,L019,SKU502,2024-05-14 01:28:00,2330,2299,88,Completed
B100891,P03,L030,SKU505,2024-12-21 14:30:00,4756,4582,34,Completed
B100892,P03,L014,SKU500,2023-02-13 18:46:00,6494,6265,528,Scrapped
B100893,P04,L007,SKU510,2024-06-19 15:54:00,14421,14278,192,Completed
B100894,P03,L020,SKU510,2024-03-02 14:26:00,11178,10351,96,Scrapped
B100895,P03,L030,SKU511,2024-12-05 18:42:00,10435,10163,969,Completed
B100896,P03,L018,SKU503,2024-12-21 07:41:00,2163,2108,36,Completed
B100897,P01,L001,SKU504,2024-08-13 00:49:00,14306,14244,119,Completed
B100898,P01,L010,SKU514,2024-08-14 13:18:00,8556,8712,173,Completed
B100899,P03,L030,SKU512,2024-09-14 00:27:00,15691,15684,578,Completed
B100900,P01,L017,SKU500,2024-06-06 02:54:00,4029,3909,153,Scrapped
B100901,P01,L031,SKU510,2023-07-25 00:43:00,7315,6853,261,Completed
B100902,P01,L017,SKU512,2023-09-14 01:43:00,2984,2920,78,Completed
B100903,P04,L001,SKU508,2024-10-29 15:19:00,7123,7147,279,Scrapped
B100904,P02,L028,SKU509,2024-07-10 12:44:00,18620,18866,258,Scrapped
B100905,P03,L025,SKU500,2023-08-03 02:51:00,10834,10861,759,Completed
B100906,P02,L023,SKU500,2025-03-01 01:44:00,9912,9306,773,Reworked
B100907,P01,L032,SKU500,2025-06-01 13:49:00,6923,6862,222,Scrapped
B100908,P02,L007,SKU502,2024-07-17 11:21:00,6767,6821,404,Scrapped
B100909,P01,L029,SKU514,2023-07-25 00:12:00,14011,13844,547,Scrapped
B100910,P04,L008,SKU509,2025-04-24 10:51:00,19733,19507,602,Completed
B100911,P01,L032,SKU511,2023-08-02 00:22:00,15441,14978,1016,Reworked
B100912,P02,L007,SKU504,2024-01-25 05:13:00,15265,15016,89,Scrapped
B100913,P04,L018,SKU514,2025-02-11 19:20:00,10496,9965,972,Completed
B100914,P03,L026,SKU502,2024-04-13 14:39:00,3775,3506,122,Completed
B100915,P02,L003,SKU513,2023-08-07 16:29:00,15028,15069,138,Completed
B100916,P03,L003,SKU500,2023-03-14 02:12:00,16557,16794,182,Completed
B100917,P04,L028,SKU500,2023-11-21 19:30:00,11187,11250,290,Scrapped
B100918,P02,L002,SKU501,2024-08-27 21:08:00,3647,3477,80,Completed
B100919,P03,L020,SKU511,2024-10-05 04:13:00,14831,13783,863,Reworked
B100920,P04,L031,SKU503,2023-07-20 15:32:00,18579,17613,820,Completed
B100921,P03,L020,SKU506,2023-05-23 20:58:00,6049,6074,208,Scrapped
B100922,P02,L016,SKU507,2024-09-23 07:22:00,4869,4798,39,Completed
B100923,P01,L014,SKU511,2023-05-24 03:56:00,15299,15554,84,Completed
B100924,P01,L021,SKU505,2023-02-27 19:53:00,7972,7607,148,Completed
B100925,P04,L019,SKU500,2024-03-13 17:20:00,14872,14502,203,Completed
B100926,P03,L017,SKU505,2024-05-28 19:41:00,14657,14642,173,Reworked
B100927,P02,L005,SKU504,2023-08-08 07:50:00,6798,6413,253,Completed
B100928,P02,L022,SKU510,2023-07-10 02:21:00,2760,2805,65,Completed
B100929,P03,L024,SKU511,2023-08-01 02:12:00,12007,11757,1110,Reworked
B100930,P03,L023,SKU501,2023-11-05 13:02:00,9339,8599,13,Completed
B100931,P03,L003,SKU511,2023-01-09 07:33:00,17395,16047,36,Reworked
B100932,P02,L023,SKU501,2023-01-11 13:55:00,8443,8512,54,Completed
B100933,P03,L024,SKU509,2023-11-30 09:42:00,6491,6390,62,Completed
B100934,P02,L006,SKU505,2023-01-18 21:55:00,17483,17418,1508,Completed
B100935,P04,L028,SKU504,2023-10-14 10:12:00,15247,15222,635,Completed
B100936,P01,L017,SKU507,2024-06-06 19:42:00,13130,12631,335,Completed
B100937,P01,L016,SKU504,2023-01-29 00:57:00,19171,19168,616,Completed
B100938,P02,L024,SKU511,2024-07-10 01:01:00,16093,16314,915,Completed
B100939,P03,L017,SKU514,2024-07-13 02:38:00,17592,16487,454,Completed
B100940,P03,L018,SKU512,2024-05-31 00:00:00,16382,16323,999,Reworked
B100941,P02,L010,SKU506,2024-07-17 23:45:00,9227,8772,233,Completed
B100942,P04,L030,SKU507,2024-12-29 07:30:00,3122,2972,86,Completed
B100943,P02,L032,SKU506,2023-03-05 17:17:00,12929,12428,635,Completed
B100944,P01,L005,SKU511,2023-06-01 22:40:00,15768,15868,383,Scrapped
B100945,P01,L024,SKU508,2023-10-13 08:05:00,19851,18306,47,Completed
B100946,P04,L001,SKU507,2024-09-11 07:17:00,14268,13745,245,Completed
B100947,P01,L012,SKU506,2025-02-24 12:35:00,12231,12084,140,Reworked
B100948,P04,L032,SKU505,2025-04-06 19:09:00,12362,11509,151,Scrapped
B100949,P02,L006,SKU508,2024-06-07 22:48:00,4070,4066,69,Reworked
B100950,P01,L013,SKU510,2024-01-05 02:27:00,2132,2162,60,Completed
B100951,P02,L008,SKU506,2024-01-06 18:39:00,2817,2617,134,Completed
B100952,P03,L024,SKU512,2023-02-23 20:11:00,18287,17103,156,Completed
B100953,P02,L015,SKU512,2024-02-23 14:12:00,16225,16507,481,Completed
B100954,P04,L019,SKU506,2024-04-06 13:27:00,6683,6280,221,Completed
B100955,P03,L031,SKU513,2023-07-07 10:50:00,9625,8930,233,Reworked
B100956,P02,L017,SKU502,2024-11-22 03:45:00,10705,10867,43,Completed
B100957,P03,L024,SKU513,2024-12-31 16:38:00,6442,6501,54,Completed
B100958,P04,L004,SKU504,2023-09-29 19:36:00,9608,9469,217,Completed
B100959,P02,L007,SKU508,2025-04-02 14:30:00,8258,8052,1148,Completed
B100960,P01,L031,SKU504,2023-04-07 09:21:00,14506,14678,555,Completed
B100961,P02,L028,SKU506,2025-03-30 14:20:00,15632,15406,1450,Completed
B100962,P04,L022,SKU505,2024-11-22 06:33:00,3771,3717,142,Completed
B100963,P01,L013,SKU510,2023-07-21 12:58:00,10374,10419,28,Scrapped
B100964,P04,L007,SKU501,2024-08-08 03:34:00,19842,19550,304,Completed
B100965,P03,L028,SKU512,2023-10-07 15:59:00,17632,17109,256,Completed
B100966,P03,L026,SKU513,2024-12-20 18:14:00,16287,15618,384,Completed
B100967,P02,L008,SKU508,2023-05-25 13:27:00,15228,14775,696,Scrapped
B100968,P04,L019,SKU508,2023-08-09 10:04:00,2077,2019,37,Completed
B100969,P01,L020,SKU510,2023-10-04 11:32:00,19532,18674,333,Completed
B100970,P02,L016,SKU502,2023-06-29 17:03:00,15233,14696,1254,Completed
B100971,P02,L030,SKU511,2023-10-27 12:35:00,17993,17996,1027,Completed
B100972,P02,L004,SKU503,2024-06-26 07:49:00,18360,17655,716,Completed
B100973,P02,L009,SKU510,2024-07-23 19:05:00,6581,6071,168,Completed
B100974,P01,L004,SKU504,2024-05-13 12:57:00,2248,2131,36,Scrapped
B100975,P01,L023,SKU511,2023-06-20 16:21:00,13863,13075,1437,Reworked
B100976,P01,L021,SKU511,2023-07-02 04:47:00,10261,10254,259,Completed
B100977,P03,L032,SKU503,2025-04-07 10:58:00,2369,2285,88,Completed
B100978,P02,L018,SKU509,2023-08-15 04:52:00,6874,6516,159,Completed
B100979,P03,L005,SKU507,2023-04-03 18:56:00,19839,19860,779,Completed
B100980,P03,L015,SKU504,2024-02-13 14:08:00,8540,7873,236,Completed
B100981,P03,L003,SKU508,2023-01-07 04:33:00,6698,6278,325,Scrapped
B100982,P03,L022,SKU514,2023-11-05 09:18:00,13781,13818,418,Completed
B100983,P03,L022,SKU500,2025-02-08 10:48:00,13966,13617,214,Completed
B100984,P03,L028,SKU514,2023-08-29 15:38:00,7977,7955,576,Scrapped
B100985,P03,L011,SKU512,2024-09-25 09:25:00,17284,17349,895,Completed
B100986,P03,L010,SKU507,2024-03-16 19:58:00,12445,12621,600,Completed
B100987,P02,L003,SKU509,2023-11-16 19:46:00,4888,4527,56,Reworked
B100988,P01,L014,SKU505,2024-08-18 10:01:00,7849,7848,47,Completed
B100989,P04,L016,SKU501,2024-06-19 22:47:00,17261,17103,778,Completed
B100990,P02,L025,SKU508,2023-10-14 09:50:00,3607,3393,68,Scrapped
B100991,P03,L025,SKU512,2023-07-21 04:33:00,2220,2249,104,Completed
B100992,P01,L005,SKU503,2025-04-05 03:19:00,13817,13270,1523,Completed
B100993,P02,L010,SKU510,2023-06-01 13:12:00,9955,10042,214,Scrapped
B100994,P03,L017,SKU511,2025-05-13 13:10:00,6550,6422,112,Completed
B100995,P03,L011,SKU511,2024-02-29 00:49:00,10496,10209,236,Completed
B100996,P03,L001,SKU505,2025-06-16 01:39:00,5304,4964,450,Scrapped
B100997,P02,L028,SKU505,2023-11-14 20:51:00,8733,8832,346,Completed
B100998,P04,L024,SKU506,2024-05-23 22:57:00,6210,6058,12,Completed
B100999,P03,L017,SKU512,2024-07-07 16:58:00,12554,11557,118,Completed
B101000,P04,L011,SKU513,2023-11-01 19:53:00,14125,13020,268,Completed
B101001,P03,L027,SKU506,2023-07-16 08:01:00,18467,18425,1298,Completed
B101002,P03,L002,SKU514,2024-04-13 07:18:00,3219,3013,62,Completed
B101003,P04,L015,SKU508,2024-08-19 15:14:00,7885,7726,319,Completed
B101004,P01,L026,SKU505,2023-08-24 06:44:00,6759,6678,282,Completed
B101005,P04,L031,SKU500,2024-11-21 04:12:00,12426,11779,132,Completed
B101006,P04,L009,SKU509,2024-07-28 23:43:00,11596,11328,83,Scrapped
B101007,P03,L021,SKU509,2023-05-30 23:20:00,17794,16797,406,Completed
B101008,P03,L007,SKU514,2025-04-24 18:48:00,18542,18813,101,Completed
B101009,P03,L004,SKU510,2023-02-09 11:20:00,15913,16008,261,Completed
B101010,P02,L012,SKU500,2024-08-11 08:31:00,5580,5294,148,Completed
B101011,P04,L029,SKU508,2024-01-31 15:05:00,2733,2658,8,Completed
B101012,P01,L023,SKU511,2024-08-11 10:16:00,18184,17639,1011,Completed
B101013,P02,L016,SKU507,2024-11-27 14:55:00,18970,19273,135,Completed
B101014,P03,L010,SKU506,2024-09-10 11:31:00,6506,6241,466,Reworked
B101015,P04,L005,SKU512,2024-08-08 16:50:00,2839,2771,384,Completed
B101016,P02,L009,SKU509,2025-01-26 19:07:00,14250,14433,221,Reworked
B101017,P02,L005,SKU510,2024-09-23 16:38:00,12597,11794,167,Scrapped
B101018,P01,L006,SKU506,2025-01-02 08:50:00,17999,17549,221,Completed
B101019,P01,L023,SKU504,2023-12-29 13:19:00,12356,11498,592,Completed
B101020,P01,L005,SKU507,2023-07-02 12:58:00,15686,15399,832,Completed
B101021,P01,L002,SKU514,2023-07-31 10:49:00,16155,15453,256,Completed
B101022,P04,L018,SKU509,2024-07-04 21:30:00,2176,2212,181,Scrapped
B101023,P04,L010,SKU510,2024-04-23 14:25:00,4671,4491,96,Scrapped
B101024,P04,L015,SKU501,2023-03-11 10:29:00,16040,14975,219,Completed
B101025,P01,L005,SKU514,2023-07-03 22:17:00,5228,5245,239,Completed
B101026,P01,L007,SKU503,2025-05-20 19:06:00,5710,5721,84,Scrapped
B101027,P02,L015,SKU514,2024-10-15 14:32:00,15537,15373,74,Scrapped
B101028,P03,L023,SKU506,2024-11-10 11:31:00,5681,5651,34,Completed
B101029,P02,L014,SKU513,2023-06-27 06:28:00,4691,4439,38,Reworked
B101030,P02,L018,SKU513,2023-02-27 19:11:00,2242,2206,6,Reworked
B101031,P01,L017,SKU511,2023-09-20 03:17:00,10450,9653,356,Completed
B101032,P03,L009,SKU513,2025-02-10 04:34:00,13462,12650,152,Completed
B101033,P02,L009,SKU509,2024-03-31 21:22:00,15169,15369,223,Completed
B101034,P01,L014,SKU512,2024-12-07 03:53:00,18300,18188,156,Completed
B101035,P03,L002,SKU502,2024-03-14 00:56:00,13722,12940,436,Completed
B101036,P04,L022,SKU501,2024-03-17 04:00:00,15615,14539,591,Reworked
B101037,P01,L020,SKU508,2024-06-24 18:20:00,5790,5876,295,Scrapped
B101038,P02,L010,SKU512,2025-05-13 00:51:00,8127,7568,522,Completed
B101039,P04,L012,SKU511,2024-01-29 16:48:00,7471,7065,517,Completed
B101040,P03,L011,SKU507,2024-06-20 04:26:00,3170,2974,26,Completed
B101041,P04,L021,SKU507,2025-04-07 12:37:00,19441,17900,696,Reworked
B101042,P02,L025,SKU509,2023-12-02 01:49:00,6342,6033,76,Completed
B101043,P02,L004,SKU513,2025-01-25 22:34:00,10076,10251,294,Scrapped
B101044,P03,L014,SKU512,2024-04-26 13:08:00,8425,8039,215,Reworked
B101045,P01,L001,SKU501,2025-03-02 04:51:00,2800,2717,7,Reworked
B101046,P01,L015,SKU508,2024-02-26 00:45:00,18260,18161,1559,Completed
B101047,P03,L008,SKU505,2024-07-20 13:33:00,5952,5803,618,Completed
B101048,P03,L011,SKU511,2023-10-18 22:55:00,3807,3785,62,Completed
B101049,P01,L015,SKU507,2024-07-25 12:10:00,8163,8050,939,Reworked
B101050,P03,L011,SKU514,2023-10-21 14:56:00,4587,4499,138,Completed
B101051,P02,L013,SKU506,2024-07-02 06:41:00,19990,19689,975,Reworked
B101052,P03,L025,SKU510,2024-12-10 21:24:00,5401,5400,393,Completed
B101053,P04,L026,SKU501,2024-01-27 09:29:00,7448,7381,566,Completed
B101054,P01,L001,SKU513,2024-01-22 07:27:00,6881,6875,418,Reworked
B101055,P04,L013,SKU502,2023-10-17 21:29:00,2475,2313,170,Scrapped
B101056,P02,L028,SKU505,2024-10-19 10:05:00,2232,2204,27,Completed
B101057,P04,L017,SKU512,2024-06-16 19:15:00,11232,11161,397,Completed
B101058,P02,L007,SKU514,2024-04-09 19:09:00,6188,5878,740,Completed
B101059,P02,L019,SKU507,2023-01-23 23:29:00,3504,3530,248,Scrapped
B101060,P04,L005,SKU507,2023-04-10 02:11:00,7244,6885,1111,Completed
B101061,P03,L001,SKU500,2023-01-07 17:03:00,6933,6547,19,Completed
B101062,P01,L021,SKU514,2025-02-04 05:21:00,9633,9697,204,Reworked
B101063,P03,L017,SKU500,2025-02-05 11:27:00,19862,18763,268,Completed
B101064,P04,L025,SKU500,2023-03-03 03:13:00,7524,7234,530,Completed
B101065,P02,L012,SKU507,2023-02-11 18:45:00,14683,14048,408,Reworked
B101066,P04,L028,SKU500,2024-12-04 06:58:00,15832,15987,530,Completed
B101067,P03,L014,SKU502,2024-04-17 07:34:00,2911,2810,107,Completed
B101068,P02,L024,SKU509,2023-10-06 00:48:00,11023,10906,699,Completed
B101069,P01,L004,SKU510,2024-07-07 11:44:00,10076,10069,130,Completed
B101070,P03,L004,SKU504,2023-08-01 19:41:00,11138,10946,180,Completed
B101071,P01,L026,SKU511,2023-06-28 08:29:00,5089,5162,209,Completed
B101072,P04,L027,SKU509,2023-11-27 17:31:00,10371,10373,544,Completed
B101073,P03,L031,SKU503,2025-03-17 03:47:00,4213,4044,78,Scrapped
B101074,P02,L011,SKU510,2024-11-21 10:28:00,19024,19310,2582,Completed
B101075,P01,L001,SKU508,2023-06-21 02:04:00,12567,12220,293,Completed
B101076,P03,L032,SKU512,2024-05-20 13:10:00,2621,2417,6,Scrapped
B101077,P01,L020,SKU502,2025-03-07 01:31:00,11101,10501,574,Reworked
B101078,P02,L008,SKU503,2025-05-06 10:56:00,18674,18341,1364,Scrapped
B101079,P04,L025,SKU504,2024-11-17 16:35:00,15371,14382,878,Completed
B101080,P04,L029,SKU505,2023-04-26 23:23:00,6913,6763,175,Completed
B101081,P04,L010,SKU513,2023-08-05 16:02:00,18061,17269,593,Completed
B101082,P04,L025,SKU510,2023-07-16 17:56:00,5339,5197,93,Completed
B101083,P03,L026,SKU508,2023-05-16 16:04:00,6440,5926,630,Completed
B101084,P01,L017,SKU508,2023-06-07 19:02:00,4789,4812,130,Completed
B101085,P04,L021,SKU513,2023-10-12 14:37:00,18613,17797,704,Completed
B101086,P04,L009,SKU506,2024-05-14 23:01:00,14904,13920,781,Scrapped
B101087,P04,L030,SKU503,2023-12-25 03:43:00,11323,10913,366,Scrapped
B101088,P03,L032,SKU502,2024-01-14 17:37:00,14022,13581,354,Completed
B101089,P01,L032,SKU504,2023-08-10 04:56:00,6659,6550,384,Reworked
B101090,P03,L024,SKU509,2023-05-16 22:24:00,3271,3180,29,Completed
B101091,P02,L002,SKU507,2025-06-18 00:03:00,17224,15921,307,Scrapped
B101092,P04,L012,SKU506,2024-06-23 02:19:00,19355,19493,879,Reworked
B101093,P02,L015,SKU507,2023-07-26 16:29:00,2639,2548,9,Reworked
B101094,P02,L031,SKU514,2024-12-29 23:45:00,2930,2718,106,Completed
B101095,P01,L018,SKU514,2025-01-17 13:42:00,12071,12038,497,Scrapped
B101096,P04,L018,SKU502,2025-05-20 02:26:00,2774,2735,210,Completed
B101097,P04,L005,SKU501,2023-05-24 04:56:00,14989,14763,1381,Scrapped
B101098,P01,L026,SKU503,2024-07-29 23:20:00,19016,18306,331,Reworked
B101099,P02,L011,SKU512,2025-06-01 05:17:00,7039,6764,93,Completed
B101100,P02,L003,SKU506,2024-12-27 00:04:00,7298,7105,189,Completed
B101101,P02,L032,SKU512,2023-07-22 23:18:00,17542,16227,1311,Scrapped
B101102,P04,L007,SKU509,2025-03-14 17:31:00,8411,7989,81,Completed
B101103,P01,L001,SKU508,2024-01-15 12:28:00,6325,6443,237,Completed
B101104,P02,L003,SKU504,2024-03-16 00:39:00,3516,3467,26,Completed
B101105,P01,L015,SKU505,2024-05-17 16:59:00,17117,16464,52,Completed
B101106,P01,L004,SKU502,2024-11-25 06:04:00,18666,17587,139,Completed
B101107,P04,L027,SKU507,2023-04-19 06:10:00,3413,3394,137,Completed
B101108,P04,L017,SKU504,2024-04-30 07:52:00,16453,15565,296,Completed
B101109,P01,L011,SKU504,2025-01-05 03:18:00,4878,4566,81,Completed
B101110,P03,L001,SKU500,2024-05-08 15:40:00,4499,4208,52,Completed
B101111,P01,L016,SKU511,2023-09-05 05:12:00,8857,8794,433,Completed
B101112,P01,L005,SKU514,2023-02-20 15:44:00,9860,9705,350,Completed
B101113,P02,L032,SKU507,2024-05-09 08:13:00,17372,16103,580,Completed
B101114,P01,L010,SKU508,2024-09-25 00:22:00,14595,13595,195,Completed
B101115,P02,L016,SKU513,2024-05-09 16:05:00,4602,4525,12,Completed
B101116,P04,L001,SKU507,2025-05-31 10:02:00,12513,12226,486,Completed
B101117,P03,L005,SKU509,2024-06-26 09:02:00,17757,17554,633,Scrapped
B101118,P03,L007,SKU506,2024-04-02 09:44:00,13917,13051,840,Reworked
B101119,P02,L002,SKU507,2023-02-19 22:29:00,6135,6089,188,Completed
B101120,P01,L024,SKU507,2024-05-17 17:42:00,4319,4377,55,Completed
B101121,P01,L031,SKU510,2023-06-01 18:09:00,10145,9943,12,Completed
B101122,P02,L032,SKU509,2024-10-14 06:18:00,10499,9864,69,Scrapped
B101123,P01,L009,SKU507,2023-05-26 01:45:00,8349,8248,103,Reworked
B101124,P04,L026,SKU501,2025-03-27 00:38:00,3966,3784,62,Completed
B101125,P04,L017,SKU513,2023-09-29 20:18:00,4126,3816,25,Reworked
B101126,P04,L002,SKU513,2024-01-26 14:03:00,11521,10947,509,Completed
B101127,P03,L003,SKU502,2023-05-11 10:08:00,18997,19197,1109,Scrapped
B101128,P03,L018,SKU504,2023-07-09 15:07:00,12762,12265,192,Completed
B101129,P03,L014,SKU514,2025-04-09 17:30:00,9887,9950,201,Completed
B101130,P02,L001,SKU504,2023-09-13 07:38:00,18763,18216,464,Reworked
B101131,P03,L030,SKU512,2024-04-06 15:48:00,14425,14016,924,Completed
B101132,P04,L024,SKU511,2025-06-02 06:13:00,14922,13736,164,Completed
B101133,P04,L017,SKU512,2024-07-15 05:13:00,12354,12152,827,Scrapped
B101134,P03,L032,SKU500,2023-02-07 11:26:00,15731,14642,1215,Reworked
B101135,P01,L032,SKU507,2023-11-18 17:44:00,11030,10675,319,Completed
B101136,P03,L032,SKU508,2023-12-15 04:02:00,13197,12484,450,Completed
B101137,P02,L009,SKU512,2023-09-06 14:54:00,13098,12564,57,Reworked
B101138,P03,L029,SKU503,2023-08-06 01:28:00,15547,15138,364,Completed
B101139,P03,L017,SKU504,2024-03-28 20:37:00,18170,16742,662,Completed
B101140,P04,L024,SKU502,2023-12-06 08:05:00,7296,6919,450,Reworked
B101141,P02,L028,SKU511,2023-09-22 21:22:00,14587,14863,1179,Completed
B101142,P04,L006,SKU514,2024-01-07 16:25:00,2569,2378,11,Scrapped
B101143,P04,L015,SKU502,2023-11-06 06:45:00,11584,11027,188,Scrapped
B101144,P02,L005,SKU503,2023-07-25 20:46:00,18176,17306,114,Scrapped
B101145,P02,L009,SKU504,2024-02-12 11:25:00,13613,13040,79,Completed
B101146,P03,L014,SKU513,2025-04-28 01:42:00,6818,6739,152,Reworked
B101147,P04,L028,SKU506,2024-03-31 03:50:00,12915,12201,253,Completed
B101148,P03,L028,SKU504,2024-06-21 19:13:00,8439,8152,257,Reworked
B101149,P04,L013,SKU504,2025-06-04 21:10:00,9796,9644,243,Reworked
B101150,P02,L011,SKU508,2024-07-06 06:00:00,6105,5813,282,Reworked
B101151,P03,L017,SKU505,2023-07-20 23:46:00,13245,13442,826,Completed
B101152,P02,L030,SKU502,2023-12-25 15:01:00,5570,5670,135,Completed
B101153,P04,L032,SKU512,2024-03-15 04:17:00,9984,9304,134,Completed
B101154,P02,L008,SKU506,2024-03-03 07:18:00,18906,18043,385,Scrapped
B101155,P03,L006,SKU503,2023-05-15 13:27:00,15637,14711,627,Completed
B101156,P01,L023,SKU510,2023-04-06 06:03:00,9458,8878,459,Reworked
B101157,P04,L010,SKU511,2023-11-11 23:59:00,19440,18839,1373,Completed
B101158,P02,L007,SKU502,2025-04-02 20:03:00,2251,2197,39,Completed
B101159,P02,L001,SKU501,2024-10-07 13:54:00,19277,18555,2841,Reworked
B101160,P03,L013,SKU500,2025-01-27 13:07:00,8338,7898,35,Reworked
B101161,P02,L013,SKU511,2023-06-07 00:22:00,16773,15898,129,Completed
B101162,P04,L019,SKU509,2024-01-08 20:18:00,19055,19421,1488,Reworked
B101163,P03,L007,SKU511,2024-06-07 05:11:00,12831,12989,169,Completed
B101164,P03,L023,SKU509,2024-01-26 21:13:00,12988,12047,692,Reworked
B101165,P01,L022,SKU506,2024-01-11 00:44:00,15487,15264,344,Completed
B101166,P01,L015,SKU508,2023-11-20 19:29:00,6315,6098,547,Reworked
B101167,P02,L006,SKU510,2023-02-16 10:07:00,5204,5146,717,Scrapped
B101168,P04,L017,SKU505,2025-02-10 12:00:00,8186,8019,267,Completed
B101169,P04,L022,SKU513,2025-04-19 18:25:00,10622,10716,147,Completed
B101170,P03,L012,SKU513,2023-03-14 18:17:00,15371,14244,379,Reworked
B101171,P03,L009,SKU512,2024-01-08 05:49:00,6631,6332,26,Scrapped
B101172,P02,L017,SKU514,2024-04-11 01:12:00,12166,12391,641,Reworked
B101173,P01,L012,SKU505,2024-12-06 12:48:00,2062,1934,17,Completed
B101174,P01,L013,SKU501,2025-06-07 01:43:00,2556,2384,25,Completed
B101175,P02,L012,SKU507,2024-01-10 16:22:00,19401,19263,573,Completed
B101176,P02,L010,SKU511,2024-11-05 00:44:00,17305,17265,280,Reworked
B101177,P01,L023,SKU511,2025-04-23 14:58:00,17549,17324,249,Reworked
B101178,P02,L015,SKU505,2025-01-17 06:25:00,7916,7897,106,Reworked
B101179,P01,L015,SKU504,2023-09-19 10:09:00,11246,11126,35,Completed
B101180,P03,L021,SKU506,2025-01-05 17:47:00,14144,13204,304,Completed
B101181,P04,L012,SKU512,2024-01-07 00:10:00,6574,6447,26,Reworked
B101182,P03,L004,SKU500,2023-01-16 18:27:00,15400,15364,1130,Completed
B101183,P02,L028,SKU504,2024-11-13 23:28:00,14473,14567,1507,Scrapped
B101184,P02,L002,SKU503,2025-01-21 20:40:00,9330,8813,208,Completed
B101185,P02,L019,SKU512,2023-11-06 07:12:00,9826,9165,450,Scrapped
B101186,P01,L009,SKU507,2024-02-10 20:11:00,7532,7517,95,Reworked
B101187,P03,L007,SKU501,2023-11-24 22:06:00,16460,15565,490,Completed
B101188,P03,L002,SKU503,2023-04-16 07:46:00,19764,18245,615,Scrapped
B101189,P01,L029,SKU500,2025-06-14 08:10:00,19991,20041,212,Reworked
B101190,P02,L014,SKU507,2023-01-21 08:27:00,15885,15417,16,Completed
B101191,P02,L011,SKU514,2024-05-15 01:16:00,8283,7890,332,Completed
B101192,P01,L024,SKU508,2023-01-14 10:28:00,16059,14792,396,Scrapped
B101193,P03,L002,SKU513,2024-09-12 10:37:00,6399,5909,188,Reworked
B101194,P03,L019,SKU511,2025-03-21 18:19:00,18138,18124,698,Completed
B101195,P03,L016,SKU513,2024-08-02 02:47:00,6812,6600,122,Completed
B101196,P03,L018,SKU504,2024-06-29 13:15:00,9251,8649,1387,Scrapped
B101197,P04,L004,SKU514,2025-01-15 03:09:00,3680,3517,19,Completed
B101198,P04,L031,SKU503,2025-05-26 19:27:00,3464,3244,207,Scrapped
B101199,P03,L008,SKU506,2025-02-14 15:25:00,9092,8467,245,Completed
B101200,P04,L022,SKU510,2023-07-28 06:45:00,11903,11279,345,Scrapped
B101201,P02,L024,SKU504,2024-05-21 22:19:00,2313,2255,109,Completed
B101202,P04,L012,SKU503,2025-01-06 22:17:00,17231,16214,416,Completed
B101203,P04,L005,SKU501,2023-09-23 02:24:00,4059,3873,275,Reworked
B101204,P03,L010,SKU500,2024-08-30 16:15:00,19971,19327,2278,Completed
B101205,P04,L026,SKU507,2023-01-21 12:29:00,6890,6628,207,Completed
B101206,P03,L030,SKU514,2025-02-28 14:23:00,8821,8228,114,Reworked
B101207,P03,L030,SKU503,2024-07-06 23:06:00,4877,4505,43,Completed
B101208,P02,L008,SKU506,2024-10-30 19:14:00,16839,15551,824,Scrapped
B101209,P04,L020,SKU514,2025-01-12 22:07:00,15178,14495,163,Reworked
B101210,P03,L005,SKU511,2023-07-16 21:36:00,3413,3385,45,Reworked
B101211,P04,L023,SKU500,2024-02-10 11:39:00,3900,3639,104,Completed
B101212,P02,L014,SKU507,2025-02-11 18:42:00,12964,12947,521,Reworked
B101213,P04,L023,SKU502,2023-05-29 05:39:00,17587,17438,211,Scrapped
B101214,P01,L022,SKU503,2025-01-10 05:14:00,3976,3659,275,Completed
B101215,P01,L032,SKU503,2023-09-17 06:34:00,5980,5517,188,Completed
B101216,P03,L016,SKU509,2024-06-01 22:58:00,11816,11101,410,Reworked
B101217,P03,L011,SKU502,2024-04-03 23:45:00,3954,3659,83,Completed
B101218,P04,L017,SKU503,2024-09-09 20:14:00,7482,7280,57,Completed
B101219,P02,L006,SKU503,2025-01-23 00:18:00,2181,2015,73,Completed
B101220,P03,L004,SKU505,2023-11-11 01:54:00,10984,10986,594,Completed
B101221,P03,L017,SKU509,2023-06-04 13:52:00,14873,14416,1399,Completed
B101222,P04,L027,SKU505,2024-01-16 13:05:00,9415,9347,68,Reworked
B101223,P03,L018,SKU504,2024-07-04 22:26:00,6619,6586,118,Completed
B101224,P02,L026,SKU507,2024-11-06 09:33:00,9638,9355,471,Scrapped
B101225,P04,L006,SKU509,2024-11-09 00:45:00,11170,11310,607,Reworked
B101226,P01,L015,SKU500,2023-11-02 23:09:00,4982,5076,174,Reworked
B101227,P04,L020,SKU513,2025-04-22 10:37:00,4009,3832,206,Completed
B101228,P01,L012,SKU513,2023-03-16 20:26:00,5272,4916,100,Completed
B101229,P02,L001,SKU509,2023-04-16 00:47:00,19735,18873,1201,Scrapped
B101230,P04,L003,SKU508,2023-01-23 07:02:00,15013,14147,651,Completed
B101231,P03,L030,SKU510,2025-04-13 18:03:00,4256,4141,98,Completed
B101232,P04,L020,SKU506,2023-06-12 02:34:00,7424,7110,346,Completed
B101233,P03,L009,SKU505,2024-06-25 07:41:00,9414,9113,570,Reworked
B101234,P03,L009,SKU505,2025-01-01 15:47:00,5261,5241,32,Scrapped
B101235,P02,L002,SKU502,2024-11-21 00:45:00,17329,16417,565,Completed
B101236,P01,L031,SKU512,2025-05-03 23:02:00,18930,18433,1033,Completed
B101237,P01,L004,SKU504,2023-02-18 09:32:00,6407,6109,29,Completed
B101238,P02,L025,SKU504,2024-01-02 08:48:00,2297,2293,170,Completed
B101239,P01,L008,SKU514,2024-03-31 12:48:00,6805,6695,223,Completed
B101240,P03,L011,SKU507,2024-09-18 12:48:00,12485,11496,190,Scrapped
B101241,P04,L009,SKU509,2024-07-14 08:48:00,16552,16320,356,Completed
B101242,P04,L027,SKU503,2024-05-18 22:54:00,8111,7600,197,Reworked
B101243,P02,L002,SKU504,2023-10-04 03:36:00,6920,6867,60,Completed
B101244,P04,L012,SKU510,2023-04-06 19:51:00,6479,6328,32,Scrapped
B101245,P04,L009,SKU506,2024-01-24 11:38:00,2051,1969,49,Completed
B101246,P04,L009,SKU502,2023-08-22 16:36:00,2252,2228,14,Reworked
B101247,P02,L007,SKU512,2024-05-13 20:50:00,9702,9756,228,Completed
B101248,P02,L030,SKU506,2024-12-18 09:56:00,13115,13087,481,Completed
B101249,P04,L013,SKU510,2024-05-12 07:02:00,2225,2168,34,Scrapped
B101250,P01,L014,SKU505,2024-06-08 17:43:00,5605,5561,170,Completed
B101251,P02,L013,SKU508,2023-02-07 16:12:00,18376,17666,1025,Completed
B101252,P01,L032,SKU511,2024-08-03 04:24:00,19821,19799,488,Completed
B101253,P04,L011,SKU513,2024-01-31 12:48:00,13552,13591,579,Completed
B101254,P03,L011,SKU503,2023-04-22 07:51:00,11390,10635,1014,Reworked
B101255,P01,L011,SKU510,2023-07-12 10:28:00,12494,11791,1121,Completed
B101256,P01,L011,SKU513,2024-12-03 16:03:00,8668,8208,424,Completed
B101257,P03,L003,SKU509,2025-04-05 00:36:00,5628,5271,118,Completed
B101258,P03,L020,SKU502,2024-04-01 22:49:00,8767,8409,769,Scrapped
B101259,P04,L001,SKU502,2025-05-28 22:07:00,14599,13712,333,Completed
B101260,P02,L008,SKU503,2023-06-12 00:50:00,13927,13642,270,Reworked
B101261,P04,L007,SKU501,2023-09-27 16:22:00,14190,13198,297,Reworked
B101262,P02,L010,SKU511,2025-04-17 01:25:00,12956,12269,405,Scrapped
B101263,P04,L025,SKU514,2023-06-07 16:00:00,3088,3046,64,Reworked
B101264,P01,L020,SKU507,2024-08-16 10:38:00,13276,12743,171,Scrapped
B101265,P01,L032,SKU508,2023-07-17 13:17:00,17855,17179,772,Reworked
B101266,P01,L012,SKU511,2023-10-26 01:26:00,13680,13677,288,Completed
B101267,P02,L030,SKU506,2024-03-05 23:26:00,12429,12658,291,Completed
B101268,P04,L002,SKU507,2023-11-20 23:44:00,6031,5889,35,Reworked
B101269,P01,L017,SKU508,2025-02-26 01:19:00,16264,15091,515,Completed
B101270,P02,L026,SKU504,2025-05-25 12:14:00,10128,9421,1656,Completed
B101271,P01,L018,SKU500,2024-03-26 00:46:00,6732,6845,86,Reworked
B101272,P04,L030,SKU508,2024-04-17 16:41:00,10817,10686,485,Completed
B101273,P03,L011,SKU512,2023-02-19 20:28:00,4196,4176,42,Completed
B101274,P04,L002,SKU501,2023-07-30 18:46:00,18675,18442,18,Completed
B101275,P03,L025,SKU503,2023-02-05 21:31:00,14644,13735,392,Completed
B101276,P03,L003,SKU503,2025-02-09 23:37:00,7877,7600,117,Scrapped
B101277,P04,L025,SKU512,2023-07-24 15:38:00,16289,16285,163,Completed
B101278,P01,L024,SKU507,2023-11-03 13:41:00,2975,2994,49,Scrapped
B101279,P04,L028,SKU508,2025-01-28 11:51:00,8948,8444,122,Reworked
B101280,P03,L016,SKU509,2024-10-03 23:04:00,13724,13443,428,Completed
B101281,P03,L029,SKU504,2024-07-13 07:58:00,2426,2270,136,Completed
B101282,P02,L006,SKU510,2023-02-04 14:59:00,14757,14990,643,Scrapped
B101283,P04,L014,SKU500,2024-05-21 15:53:00,16728,15811,820,Scrapped
B101284,P02,L004,SKU501,2024-05-19 19:16:00,12694,12600,407,Completed
B101285,P01,L025,SKU512,2023-10-15 01:44:00,5709,5384,63,Completed
B101286,P04,L023,SKU509,2024-11-01 10:27:00,15483,15198,186,Reworked
B101287,P01,L026,SKU502,2025-04-16 11:35:00,8102,7987,113,Scrapped
B101288,P01,L025,SKU506,2023-08-22 03:10:00,15246,14527,130,Scrapped
B101289,P03,L010,SKU500,2023-10-26 01:27:00,13308,13333,97,Completed
B101290,P01,L003,SKU510,2023-10-18 02:26:00,3681,3712,33,Scrapped
B101291,P04,L030,SKU511,2025-01-21 10:47:00,3799,3819,39,Reworked
B101292,P02,L016,SKU504,2023-03-11 23:50:00,2272,2165,173,Completed
B101293,P01,L004,SKU505,2025-03-17 07:30:00,3295,3276,110,Completed
B101294,P04,L030,SKU503,2024-11-28 12:45:00,7393,7215,279,Scrapped
B101295,P03,L032,SKU505,2024-03-11 00:02:00,2462,2410,22,Scrapped
B101296,P02,L015,SKU504,2024-06-09 04:02:00,18892,18282,206,Scrapped
B101297,P03,L025,SKU503,2025-03-15 20:38:00,18499,18129,89,Completed
B101298,P03,L002,SKU506,2024-11-23 20:28:00,5106,4766,115,Completed
B101299,P01,L003,SKU512,2023-09-07 02:57:00,7604,7306,145,Scrapped
B101300,P04,L009,SKU511,2023-02-15 08:38:00,15359,14403,1095,Completed
B101301,P02,L021,SKU504,2024-08-15 14:09:00,13891,13168,97,Reworked
B101302,P03,L005,SKU514,2023-05-12 05:26:00,12469,11630,247,Completed
B101303,P04,L002,SKU503,2023-03-21 04:01:00,19806,18642,214,Completed
B101304,P03,L022,SKU513,2025-06-03 01:33:00,13336,13311,473,Completed
B101305,P03,L025,SKU504,2024-03-02 12:58:00,14050,13698,1015,Completed
B101306,P02,L024,SKU508,2024-08-08 18:17:00,11037,10180,721,Reworked
B101307,P01,L026,SKU503,2023-07-15 14:22:00,11451,11437,201,Completed
B101308,P02,L026,SKU511,2023-04-02 12:40:00,7238,7317,55,Reworked
B101309,P04,L020,SKU504,2023-02-26 11:41:00,11376,11467,407,Scrapped
B101310,P03,L017,SKU513,2023-11-15 22:17:00,18527,18569,998,Completed
B101311,P02,L028,SKU501,2023-01-04 08:28:00,8784,8952,1375,Scrapped
B101312,P04,L012,SKU507,2024-01-14 01:12:00,4398,4304,88,Completed
B101313,P04,L004,SKU502,2023-10-20 06:38:00,12796,13004,1168,Completed
B101314,P04,L025,SKU513,2024-04-19 03:35:00,16133,16373,213,Scrapped
B101315,P02,L009,SKU506,2024-06-14 13:51:00,19258,18320,574,Completed
B101316,P03,L032,SKU510,2023-10-05 14:07:00,11758,11832,722,Reworked
B101317,P03,L014,SKU513,2024-02-14 16:58:00,16184,16171,367,Completed
B101318,P02,L028,SKU508,2023-03-12 06:54:00,6508,6492,13,Completed
B101319,P02,L002,SKU500,2023-09-29 14:13:00,9636,9728,89,Completed
B101320,P01,L022,SKU503,2025-05-30 08:57:00,9542,9145,24,Completed
B101321,P02,L015,SKU503,2025-06-11 01:55:00,7984,7664,68,Completed
B101322,P03,L015,SKU513,2024-03-13 05:28:00,14890,14651,59,Completed
B101323,P04,L009,SKU513,2025-04-25 13:44:00,17903,17791,822,Scrapped
B101324,P04,L032,SKU507,2024-03-27 04:07:00,7878,7940,351,Completed
B101325,P01,L013,SKU513,2023-04-24 02:06:00,4444,4477,25,Completed
B101326,P03,L028,SKU503,2025-02-20 02:43:00,16857,16724,603,Completed
B101327,P01,L014,SKU510,2024-01-09 14:19:00,17292,17563,147,Scrapped
B101328,P03,L002,SKU505,2024-07-05 04:28:00,18828,17658,247,Completed
B101329,P02,L029,SKU503,2024-08-06 23:05:00,6591,6690,444,Scrapped
B101330,P02,L006,SKU503,2023-10-05 05:34:00,14942,13842,1241,Scrapped
B101331,P03,L009,SKU506,2024-10-22 03:24:00,14881,14517,198,Completed
B101332,P02,L028,SKU505,2024-03-27 04:14:00,16220,15068,417,Reworked
B101333,P04,L029,SKU503,2023-11-26 17:38:00,16511,16127,102,Completed
B101334,P03,L030,SKU505,2023-09-26 02:57:00,19145,18360,842,Completed
B101335,P04,L014,SKU501,2024-11-02 15:41:00,10585,9824,132,Completed
B101336,P03,L025,SKU514,2023-08-13 09:46:00,3366,3314,59,Reworked
B101337,P02,L011,SKU505,2023-04-22 17:38:00,5461,5423,336,Completed
B101338,P04,L024,SKU501,2025-03-04 13:42:00,17959,16835,172,Completed
B101339,P02,L017,SKU508,2023-10-26 15:09:00,17205,17023,474,Reworked
B101340,P03,L002,SKU513,2024-07-30 22:18:00,2199,2062,107,Scrapped
B101341,P01,L014,SKU505,2024-10-06 18:57:00,8615,8044,77,Completed
B101342,P01,L015,SKU512,2025-01-24 12:07:00,6413,5994,157,Completed
B101343,P03,L009,SKU509,2024-07-17 02:44:00,7772,7615,42,Completed
B101344,P01,L012,SKU511,2024-09-29 03:31:00,13498,13469,244,Completed
B101345,P04,L017,SKU504,2025-01-23 11:44:00,11180,10952,235,Scrapped
B101346,P04,L002,SKU500,2025-04-29 00:37:00,10656,10665,254,Reworked
B101347,P03,L005,SKU505,2023-02-12 04:06:00,9831,9626,251,Completed
B101348,P03,L025,SKU513,2024-10-30 22:16:00,13549,13545,685,Reworked
B101349,P03,L012,SKU511,2023-06-06 22:51:00,14294,14546,300,Completed
B101350,P01,L020,SKU511,2025-03-13 03:35:00,2782,2668,141,Completed
B101351,P02,L019,SKU513,2023-02-13 15:28:00,4469,4178,138,Scrapped
B101352,P02,L018,SKU505,2023-08-11 02:17:00,8141,7599,299,Reworked
B101353,P04,L014,SKU504,2023-06-22 21:40:00,9842,9642,81,Completed
B101354,P01,L016,SKU513,2024-06-27 01:48:00,19931,19426,852,Completed
B101355,P02,L027,SKU508,2023-01-04 20:30:00,18050,16938,808,Completed
B101356,P02,L031,SKU504,2023-01-16 07:44:00,13677,13789,179,Completed
B101357,P01,L009,SKU504,2024-03-29 18:56:00,2649,2690,3,Completed
B101358,P01,L022,SKU513,2025-05-24 11:57:00,3812,3603,50,Scrapped
B101359,P02,L032,SKU500,2024-04-20 11:35:00,10232,9625,201,Completed
B101360,P01,L001,SKU500,2024-02-06 08:03:00,12566,11829,355,Completed
B101361,P01,L026,SKU511,2024-08-15 02:27:00,13889,13315,191,Completed
B101362,P02,L016,SKU500,2024-05-11 15:03:00,4554,4578,355,Reworked
B101363,P01,L031,SKU502,2023-12-13 10:06:00,17978,17611,1770,Reworked
B101364,P03,L019,SKU514,2024-06-13 16:39:00,10878,10081,525,Scrapped
B101365,P01,L027,SKU506,2023-01-03 21:17:00,12688,12273,593,Completed
B101366,P02,L006,SKU510,2023-08-09 00:56:00,2707,2514,56,Completed
B101367,P02,L005,SKU507,2024-08-29 12:02:00,16840,16176,331,Completed
B101368,P04,L030,SKU501,2023-11-04 09:30:00,11774,11307,222,Completed
B101369,P03,L017,SKU502,2023-02-18 20:41:00,6008,5916,124,Completed
B101370,P04,L018,SKU511,2023-04-22 23:55:00,7739,7545,111,Reworked
B101371,P02,L006,SKU501,2025-02-18 13:16:00,8350,8412,554,Completed
B101372,P02,L008,SKU508,2023-10-24 14:52:00,2487,2292,90,Reworked
B101373,P02,L027,SKU505,2023-01-21 09:19:00,18958,18908,110,Scrapped
B101374,P04,L010,SKU505,2024-10-17 22:12:00,16453,15174,140,Completed
B101375,P04,L019,SKU514,2024-04-22 10:15:00,17947,17057,902,Reworked
B101376,P04,L011,SKU509,2024-02-11 05:56:00,8365,8431,94,Completed
B101377,P04,L009,SKU509,2025-03-16 10:13:00,12043,11911,51,Reworked
B101378,P03,L006,SKU505,2023-10-10 08:26:00,10248,9604,226,Completed
B101379,P03,L030,SKU505,2024-05-30 05:46:00,10558,10231,131,Completed
B101380,P04,L031,SKU510,2024-11-01 09:51:00,12600,12501,854,Completed
B101381,P02,L004,SKU500,2024-07-01 13:48:00,10119,10257,82,Completed
B101382,P02,L012,SKU503,2023-07-07 04:13:00,15918,15654,250,Completed
B101383,P04,L019,SKU509,2024-09-05 10:47:00,3058,2820,39,Scrapped
B101384,P02,L013,SKU509,2024-10-31 01:26:00,5467,5302,52,Completed
B101385,P01,L024,SKU501,2023-04-21 04:01:00,18062,16893,251,Scrapped
B101386,P03,L009,SKU511,2023-05-29 21:41:00,17882,16536,154,Completed
B101387,P02,L002,SKU508,2024-08-30 10:25:00,16726,16388,190,Reworked
B101388,P04,L011,SKU503,2023-04-18 01:58:00,8637,8617,945,Reworked
B101389,P04,L020,SKU511,2025-03-03 07:39:00,10212,9431,62,Completed
B101390,P02,L006,SKU514,2023-04-09 14:39:00,2454,2449,70,Completed
B101391,P03,L027,SKU506,2025-05-26 19:10:00,7029,6963,317,Completed
B101392,P04,L001,SKU504,2024-08-27 08:42:00,15075,15002,691,Scrapped
B101393,P03,L003,SKU504,2024-02-03 17:55:00,8172,7718,42,Completed
B101394,P01,L017,SKU508,2023-08-30 13:19:00,10644,10211,293,Reworked
B101395,P03,L017,SKU500,2023-11-07 01:18:00,4216,3929,24,Completed
B101396,P03,L010,SKU507,2024-11-04 15:53:00,10934,10320,1490,Reworked
B101397,P03,L009,SKU500,2024-11-08 23:29:00,14992,14246,821,Completed
B101398,P01,L003,SKU500,2023-07-07 19:01:00,12298,11707,273,Completed
B101399,P02,L022,SKU506,2024-05-03 14:05:00,12020,11268,463,Completed
B101400,P04,L013,SKU511,2025-06-12 15:25:00,18462,17333,106,Completed
B101401,P01,L004,SKU513,2023-08-20 13:46:00,6213,6276,295,Completed
B101402,P02,L013,SKU501,2024-09-16 01:32:00,7390,7378,129,Reworked
B101403,P02,L030,SKU503,2023-06-04 22:36:00,13214,12612,228,Completed
B101404,P01,L009,SKU506,2025-01-20 16:12:00,10643,10800,126,Completed
B101405,P01,L029,SKU508,2023-06-03 04:58:00,19626,18524,2746,Completed
B101406,P02,L009,SKU514,2023-09-25 20:33:00,3074,2953,99,Completed
B101407,P04,L006,SKU510,2024-02-18 06:13:00,4203,4208,274,Completed
B101408,P01,L009,SKU508,2023-11-30 14:10:00,8155,7863,92,Completed
B101409,P02,L011,SKU500,2023-06-03 02:41:00,10252,9672,232,Completed
B101410,P01,L004,SKU501,2024-07-30 21:18:00,18028,17250,793,Completed
B101411,P03,L019,SKU502,2023-01-18 17:55:00,10894,10567,549,Completed
B101412,P02,L011,SKU509,2025-06-04 04:04:00,9868,9691,206,Completed
B101413,P04,L023,SKU504,2023-02-16 21:07:00,5002,4804,242,Scrapped
B101414,P03,L016,SKU503,2023-10-28 11:25:00,9816,9454,339,Completed
B101415,P04,L015,SKU510,2025-04-16 21:30:00,11568,10947,92,Completed
B101416,P03,L016,SKU512,2023-05-20 13:46:00,12508,12176,1241,Completed
B101417,P02,L006,SKU506,2023-03-07 15:57:00,12907,12157,158,Scrapped
B101418,P04,L023,SKU513,2024-10-31 12:36:00,9733,9798,86,Completed
B101419,P02,L004,SKU511,2023-03-07 20:42:00,4832,4806,277,Completed
B101420,P04,L024,SKU510,2025-03-20 15:20:00,4749,4563,156,Completed
B101421,P04,L032,SKU513,2024-02-11 01:40:00,4785,4759,158,Reworked
B101422,P03,L025,SKU502,2025-02-21 09:34:00,13134,12092,804,Reworked
B101423,P03,L015,SKU511,2023-08-09 14:09:00,17414,16620,353,Completed
B101424,P02,L011,SKU514,2023-05-08 00:32:00,17896,17252,747,Completed
B101425,P04,L028,SKU514,2025-05-16 10:11:00,7604,7352,188,Reworked
B101426,P03,L009,SKU508,2024-11-16 22:58:00,3433,3415,29,Completed
B101427,P04,L016,SKU511,2025-03-30 21:17:00,13346,13563,143,Scrapped
B101428,P02,L025,SKU513,2023-10-15 21:34:00,2690,2577,93,Reworked
B101429,P04,L030,SKU512,2023-12-31 06:27:00,13281,12684,234,Completed
B101430,P02,L030,SKU513,2024-06-03 12:00:00,8895,8726,307,Completed
B101431,P01,L003,SKU512,2024-02-08 20:36:00,17105,16217,809,Reworked
B101432,P01,L029,SKU505,2023-08-07 09:32:00,13256,12382,59,Reworked
B101433,P03,L004,SKU510,2023-12-04 14:27:00,15318,15565,271,Scrapped
B101434,P02,L019,SKU506,2024-07-01 21:09:00,9303,9311,803,Reworked
B101435,P01,L030,SKU512,2023-02-04 01:54:00,17130,17401,111,Reworked
B101436,P02,L021,SKU512,2023-10-30 08:22:00,11452,10785,29,Completed
B101437,P03,L031,SKU514,2023-09-21 13:29:00,13253,12216,254,Completed
B101438,P02,L012,SKU508,2023-03-05 06:57:00,8491,8182,145,Reworked
B101439,P04,L011,SKU507,2023-04-21 09:44:00,10090,10224,585,Completed
B101440,P04,L011,SKU502,2024-03-22 02:40:00,17122,15989,1044,Scrapped
B101441,P03,L012,SKU509,2023-04-03 03:11:00,9084,8463,554,Scrapped
B101442,P04,L022,SKU508,2023-11-07 09:56:00,2384,2209,129,Completed
B101443,P02,L015,SKU507,2024-05-19 18:36:00,8822,8791,191,Reworked
B101444,P01,L024,SKU510,2025-02-25 11:01:00,9055,9042,229,Completed
B101445,P01,L014,SKU512,2023-03-30 21:19:00,9531,9431,546,Scrapped
B101446,P04,L010,SKU502,2024-01-27 04:18:00,3271,3026,168,Completed
B101447,P04,L007,SKU506,2023-04-03 15:18:00,4327,4293,59,Completed
B101448,P03,L018,SKU510,2024-01-21 17:10:00,7832,7556,289,Reworked
B101449,P01,L029,SKU512,2024-03-08 11:05:00,9631,9012,393,Reworked
B101450,P02,L028,SKU511,2024-12-20 08:07:00,2522,2394,28,Completed
B101451,P01,L009,SKU511,2024-02-03 01:17:00,9010,8740,279,Scrapped
B101452,P01,L016,SKU512,2025-04-21 23:06:00,7762,7396,186,Completed
B101453,P01,L023,SKU514,2023-05-04 20:54:00,2622,2666,149,Scrapped
B101454,P03,L020,SKU509,2023-02-17 20:14:00,6507,6295,247,Completed
B101455,P01,L003,SKU503,2023-01-05 00:05:00,6952,6654,131,Reworked
B101456,P04,L019,SKU508,2023-11-18 01:42:00,4583,4524,69,Completed
B101457,P02,L002,SKU510,2023-06-23 16:14:00,15534,15301,893,Completed
B101458,P02,L004,SKU501,2023-03-24 10:13:00,3302,3038,118,Reworked
B101459,P03,L021,SKU511,2023-08-01 07:16:00,12403,12177,850,Reworked
B101460,P04,L004,SKU508,2025-05-27 11:42:00,13976,13198,979,Completed
B101461,P02,L011,SKU514,2024-12-21 05:21:00,16511,15809,1436,Reworked
B101462,P01,L019,SKU503,2023-01-17 17:10:00,11820,11709,766,Scrapped
B101463,P01,L021,SKU513,2025-04-03 21:28:00,11768,11482,568,Completed
B101464,P04,L015,SKU506,2023-07-04 17:30:00,15694,15017,338,Completed
B101465,P01,L004,SKU508,2024-01-01 08:23:00,17373,16274,1713,Completed
B101466,P03,L026,SKU509,2023-10-22 20:56:00,5797,5626,267,Completed
B101467,P02,L031,SKU508,2023-12-31 12:34:00,16329,15544,95,Scrapped
B101468,P04,L029,SKU513,2024-11-15 15:38:00,10322,10438,56,Reworked
B101469,P01,L024,SKU502,2024-10-03 05:35:00,3769,3668,209,Completed
B101470,P04,L013,SKU510,2024-06-18 15:12:00,13023,13108,656,Reworked
B101471,P03,L029,SKU514,2024-07-18 05:30:00,19586,18783,14,Completed
B101472,P02,L016,SKU503,2024-10-16 18:34:00,4532,4544,119,Completed
B101473,P01,L005,SKU503,2023-06-15 17:25:00,2265,2096,95,Reworked
B101474,P04,L028,SKU507,2023-12-23 02:27:00,18497,17568,811,Completed
B101475,P02,L011,SKU510,2023-04-07 22:05:00,12743,11823,868,Scrapped
B101476,P02,L031,SKU514,2024-09-25 18:06:00,5943,5486,137,Scrapped
B101477,P02,L012,SKU511,2024-01-29 20:25:00,16265,16458,128,Reworked
B101478,P01,L028,SKU511,2024-07-27 13:12:00,9086,9010,221,Reworked
B101479,P02,L018,SKU506,2024-05-23 08:17:00,7974,7834,272,Completed
B101480,P01,L015,SKU509,2023-09-04 06:27:00,7216,7022,143,Completed
B101481,P01,L010,SKU503,2023-05-05 20:05:00,12774,12479,281,Completed
B101482,P02,L027,SKU506,2025-05-25 15:31:00,4421,4349,13,Completed
B101483,P01,L002,SKU502,2023-09-21 22:42:00,8518,8540,121,Completed
B101484,P02,L016,SKU500,2023-04-09 14:34:00,7491,7338,123,Scrapped
B101485,P04,L012,SKU512,2023-10-03 08:22:00,3091,3075,45,Completed
B101486,P01,L018,SKU512,2025-03-23 04:13:00,15736,14919,147,Completed
B101487,P01,L009,SKU507,2023-08-24 04:02:00,2152,2190,55,Scrapped
B101488,P01,L022,SKU500,2025-06-07 02:39:00,19274,17793,277,Scrapped
B101489,P03,L013,SKU501,2024-02-19 16:26:00,3707,3553,358,Completed
B101490,P02,L007,SKU501,2025-02-14 15:13:00,8448,8517,279,Completed
B101491,P02,L007,SKU510,2024-08-10 18:10:00,3771,3537,157,Completed
B101492,P01,L023,SKU503,2023-02-09 12:58:00,8603,8036,255,Completed
B101493,P02,L009,SKU503,2024-04-03 10:49:00,12996,12431,1995,Scrapped
B101494,P02,L010,SKU512,2024-01-11 05:43:00,3574,3441,65,Completed
B101495,P02,L021,SKU513,2023-07-01 07:27:00,11465,11617,732,Completed
B101496,P03,L011,SKU511,2024-05-09 23:43:00,15893,15950,744,Completed
B101497,P04,L013,SKU504,2023-04-03 15:29:00,10198,9855,243,Completed
B101498,P02,L008,SKU508,2024-09-20 11:16:00,4024,4093,135,Completed
B101499,P04,L012,SKU503,2025-01-09 16:24:00,14454,14226,1125,Completed
B101500,P03,L023,SKU512,2023-03-25 06:59:00,5356,5395,171,Reworked
B101501,P02,L018,SKU501,2024-03-07 08:58:00,2302,2174,152,Completed
B101502,P01,L032,SKU511,2024-08-12 14:41:00,9862,9555,22,Completed
B101503,P02,L025,SKU507,2023-02-25 22:12:00,6877,6347,43,Completed
B101504,P03,L001,SKU511,2023-12-17 09:28:00,2512,2313,100,Completed
B101505,P01,L013,SKU506,2023-08-21 07:25:00,15993,15841,421,Scrapped
B101506,P04,L010,SKU502,2023-02-05 07:57:00,12795,11922,54,Reworked
B101507,P02,L019,SKU511,2024-12-24 15:07:00,18379,17915,1017,Scrapped
B101508,P04,L009,SKU509,2024-02-05 04:54:00,10646,10535,194,Completed
B101509,P03,L031,SKU506,2024-11-07 13:17:00,9890,9130,173,Reworked
B101510,P02,L010,SKU505,2024-06-12 08:49:00,17167,16563,582,Scrapped
B101511,P01,L017,SKU505,2025-02-27 05:38:00,3466,3425,7,Reworked
B101512,P03,L004,SKU507,2025-06-16 07:19:00,8510,8586,370,Reworked
B101513,P02,L030,SKU503,2024-06-25 21:05:00,16377,15556,106,Completed
B101514,P01,L030,SKU504,2023-11-13 22:51:00,7265,7391,148,Reworked
B101515,P04,L026,SKU504,2024-01-16 14:46:00,17933,18012,1273,Scrapped
B101516,P02,L012,SKU500,2025-01-12 20:45:00,7112,7005,344,Completed
B101517,P01,L002,SKU513,2024-01-19 23:18:00,9445,9059,206,Completed
B101518,P02,L023,SKU503,2024-04-12 18:21:00,18152,17990,675,Completed
B101519,P02,L014,SKU502,2023-06-24 14:24:00,6380,6390,172,Completed
B101520,P04,L032,SKU502,2025-06-10 01:24:00,19426,18461,1244,Completed
B101521,P03,L023,SKU514,2024-08-08 17:15:00,2791,2844,48,Completed
B101522,P01,L018,SKU507,2023-10-25 04:30:00,6784,6857,293,Completed
B101523,P01,L032,SKU504,2024-06-10 13:29:00,12639,12241,902,Completed
B101524,P03,L026,SKU506,2023-12-28 00:35:00,12694,12596,355,Completed
B101525,P01,L015,SKU501,2023-05-20 09:04:00,18377,17869,541,Completed
B101526,P02,L001,SKU504,2025-02-26 06:33:00,19276,19200,309,Reworked
B101527,P01,L003,SKU503,2025-03-08 02:19:00,14201,14239,512,Completed
B101528,P01,L015,SKU512,2025-01-21 09:42:00,13875,12797,590,Completed
B101529,P04,L018,SKU500,2023-11-28 14:54:00,7710,7154,138,Completed
B101530,P01,L001,SKU506,2023-08-19 18:16:00,16501,15736,1224,Completed
B101531,P01,L005,SKU511,2023-02-14 18:21:00,13571,13730,687,Completed
B101532,P04,L023,SKU512,2024-10-20 09:13:00,2433,2335,110,Completed
B101533,P01,L025,SKU507,2023-10-23 02:13:00,16977,17125,828,Completed
B101534,P04,L001,SKU503,2025-03-13 23:57:00,8473,8186,18,Completed
B101535,P01,L017,SKU505,2025-02-21 20:54:00,10564,10024,173,Completed
B101536,P01,L003,SKU503,2023-04-26 08:41:00,10749,10857,270,Reworked
B101537,P01,L024,SKU509,2025-04-05 06:15:00,16755,16354,208,Completed
B101538,P03,L027,SKU504,2023-05-07 06:13:00,6822,6522,353,Completed
B101539,P03,L028,SKU509,2024-03-17 08:36:00,9054,8369,439,Completed
B101540,P02,L020,SKU509,2024-03-02 12:53:00,2704,2517,53,Scrapped
B101541,P01,L021,SKU514,2025-05-10 16:56:00,8273,7726,320,Completed
B101542,P01,L030,SKU505,2024-08-14 13:51:00,3590,3433,50,Completed
B101543,P03,L020,SKU514,2025-02-26 17:13:00,12493,12252,1395,Completed
B101544,P01,L015,SKU506,2024-06-20 05:18:00,18077,17186,1236,Completed
B101545,P03,L025,SKU510,2025-01-12 16:59:00,10364,9602,207,Reworked
B101546,P03,L019,SKU509,2025-02-05 21:47:00,18417,17431,258,Completed
B101547,P04,L027,SKU512,2025-02-12 17:44:00,19588,18821,919,Reworked
B101548,P02,L017,SKU507,2024-01-06 10:56:00,2968,3025,76,Completed
B101549,P01,L028,SKU511,2023-12-10 16:30:00,11295,10835,96,Completed
B101550,P02,L002,SKU505,2025-06-05 08:08:00,11509,10690,191,Scrapped
B101551,P04,L002,SKU507,2024-11-11 19:43:00,8933,8737,68,Completed
B101552,P03,L004,SKU507,2025-04-05 13:46:00,16948,17150,692,Completed
B101553,P03,L018,SKU510,2024-06-03 14:31:00,9108,9095,46,Scrapped
B101554,P02,L023,SKU509,2025-04-16 02:55:00,2993,3003,257,Reworked
B101555,P01,L007,SKU501,2024-10-09 17:10:00,11862,12014,363,Completed
B101556,P04,L005,SKU512,2024-10-30 07:24:00,5634,5541,182,Scrapped
B101557,P04,L028,SKU511,2023-06-10 00:10:00,8388,8551,592,Completed
B101558,P04,L025,SKU501,2024-05-25 04:43:00,11034,10188,429,Completed
B101559,P04,L021,SKU514,2024-10-20 06:06:00,15012,15064,947,Completed
B101560,P02,L016,SKU509,2024-11-15 21:35:00,7006,7045,28,Completed
B101561,P02,L014,SKU501,2025-05-11 19:59:00,8851,8954,278,Scrapped
B101562,P01,L001,SKU507,2023-10-22 06:00:00,3222,3118,335,Completed
B101563,P04,L007,SKU512,2023-09-30 09:31:00,8914,8903,106,Completed
B101564,P03,L029,SKU504,2025-05-22 12:45:00,12444,11691,98,Completed
B101565,P02,L011,SKU513,2025-06-06 13:05:00,13105,12847,715,Scrapped
B101566,P04,L023,SKU506,2023-06-11 21:25:00,7278,6956,145,Completed
B101567,P03,L023,SKU503,2023-12-07 12:55:00,3095,3031,239,Reworked
B101568,P04,L010,SKU505,2025-05-03 06:44:00,12391,12236,131,Completed
B101569,P04,L007,SKU507,2023-06-29 18:01:00,13796,13171,97,Completed
B101570,P01,L023,SKU510,2024-12-05 20:21:00,3533,3326,13,Completed
B101571,P02,L003,SKU513,2023-04-12 01:22:00,11089,10558,281,Completed
B101572,P03,L016,SKU502,2023-06-10 11:31:00,3711,3660,38,Completed
B101573,P04,L029,SKU514,2024-12-07 11:10:00,10154,10028,306,Completed
B101574,P01,L023,SKU507,2024-06-30 17:17:00,13535,13455,530,Completed
B101575,P02,L025,SKU501,2024-05-14 08:13:00,14946,13939,660,Completed
B101576,P03,L003,SKU513,2025-02-09 22:16:00,14848,14875,554,Completed
B101577,P04,L007,SKU505,2023-10-04 10:02:00,15648,15472,376,Completed
B101578,P01,L009,SKU509,2024-03-28 23:12:00,6342,5853,146,Completed
B101579,P03,L010,SKU510,2024-07-01 14:31:00,17232,16431,990,Completed
B101580,P02,L007,SKU500,2024-10-27 21:09:00,8294,8017,685,Reworked
B101581,P01,L032,SKU503,2023-10-26 21:23:00,8746,8361,601,Reworked
B101582,P03,L006,SKU510,2024-07-24 06:30:00,16176,15071,245,Scrapped
B101583,P02,L023,SKU504,2024-02-08 12:31:00,7886,7418,187,Reworked
B101584,P03,L019,SKU500,2024-05-02 18:17:00,3347,3087,66,Completed
B101585,P02,L020,SKU500,2025-02-15 09:32:00,14858,13807,171,Scrapped
B101586,P04,L007,SKU512,2023-12-21 06:55:00,13917,13174,214,Scrapped
B101587,P01,L010,SKU502,2024-08-24 08:23:00,12472,12496,787,Completed
B101588,P04,L020,SKU501,2025-04-27 19:01:00,4579,4453,117,Completed
B101589,P01,L010,SKU508,2024-11-17 03:52:00,13372,12869,338,Scrapped
B101590,P03,L023,SKU501,2025-06-08 20:25:00,5571,5494,421,Scrapped
B101591,P02,L002,SKU509,2024-06-09 03:27:00,11999,11688,194,Scrapped
B101592,P02,L003,SKU508,2023-09-11 18:09:00,11142,10397,300,Completed
B101593,P01,L024,SKU509,2025-06-11 06:11:00,15908,14989,281,Scrapped
B101594,P03,L020,SKU507,2024-08-03 02:51:00,19578,18447,278,Reworked
B101595,P01,L002,SKU511,2023-08-06 06:27:00,5420,5311,105,Reworked
B101596,P03,L029,SKU509,2023-10-13 11:17:00,4064,3926,48,Reworked
B101597,P03,L001,SKU506,2023-08-25 01:29:00,12002,11507,99,Completed
B101598,P04,L031,SKU500,2025-01-20 05:55:00,19135,18669,801,Reworked
B101599,P03,L024,SKU504,2023-03-25 07:16:00,4845,4927,80,Scrapped
B101600,P02,L032,SKU501,2024-10-27 21:58:00,10772,10248,880,Scrapped
B101601,P03,L031,SKU500,2024-05-13 14:49:00,9330,9068,307,Completed
B101602,P04,L011,SKU504,2023-03-08 03:00:00,7724,7477,263,Completed
B101603,P02,L025,SKU503,2024-07-06 00:33:00,13951,13834,151,Reworked
B101604,P01,L007,SKU501,2024-11-08 20:04:00,7318,7266,250,Completed
B101605,P04,L016,SKU504,2024-10-15 08:46:00,10875,10797,405,Completed
B101606,P01,L008,SKU507,2024-04-20 15:54:00,17217,16186,1816,Completed
B101607,P03,L016,SKU502,2023-10-29 21:37:00,8832,8522,558,Completed
B101608,P01,L028,SKU504,2023-05-28 11:01:00,2379,2381,291,Completed
B101609,P01,L014,SKU500,2023-01-12 00:44:00,17929,17178,398,Completed
B101610,P04,L003,SKU500,2023-11-20 14:21:00,6941,7068,498,Completed
B101611,P01,L011,SKU502,2024-07-23 00:09:00,15910,15217,589,Completed
B101612,P03,L026,SKU506,2023-02-03 21:22:00,15730,15254,702,Completed
B101613,P03,L017,SKU509,2025-06-17 19:49:00,11473,11099,32,Completed
B101614,P01,L018,SKU511,2024-06-11 08:32:00,3580,3448,165,Completed
B101615,P01,L014,SKU509,2023-09-23 02:15:00,19100,19187,301,Scrapped
B101616,P04,L010,SKU509,2025-05-15 21:30:00,14255,13335,119,Completed
B101617,P03,L020,SKU514,2023-06-15 12:59:00,9638,9414,85,Completed
B101618,P01,L021,SKU503,2025-05-11 20:07:00,17370,17054,164,Scrapped
B101619,P04,L029,SKU511,2023-09-11 14:09:00,16185,16267,1234,Completed
B101620,P02,L020,SKU514,2023-12-08 18:11:00,15685,15385,1542,Reworked
B101621,P01,L032,SKU508,2024-01-18 20:58:00,5022,5102,167,Completed
B101622,P04,L027,SKU512,2025-06-14 08:28:00,13391,13487,299,Scrapped
B101623,P01,L003,SKU502,2023-08-14 19:43:00,7144,6821,237,Completed
B101624,P03,L013,SKU513,2025-05-25 14:01:00,3412,3432,47,Completed
B101625,P04,L013,SKU508,2023-11-09 06:20:00,8085,8213,266,Completed
B101626,P03,L001,SKU503,2023-09-14 15:58:00,3872,3661,128,Completed
B101627,P03,L006,SKU500,2024-07-28 09:15:00,3904,3829,317,Reworked
B101628,P02,L025,SKU510,2024-09-16 08:58:00,15086,14304,545,Reworked
B101629,P01,L012,SKU506,2023-11-07 12:36:00,11032,10866,184,Scrapped
B101630,P03,L005,SKU504,2023-05-01 15:50:00,9161,8513,571,Reworked
B101631,P04,L010,SKU505,2023-12-23 10:52:00,5460,5424,268,Completed
B101632,P01,L009,SKU514,2024-05-01 09:04:00,15877,15273,679,Completed
B101633,P04,L006,SKU506,2023-02-06 00:40:00,13415,13129,806,Completed
B101634,P02,L004,SKU501,2023-03-12 18:53:00,12540,11569,113,Scrapped
B101635,P03,L025,SKU504,2025-04-06 03:33:00,5421,5364,198,Reworked
B101636,P01,L027,SKU502,2023-02-02 06:39:00,4223,4094,388,Reworked
B101637,P03,L016,SKU510,2024-01-02 04:44:00,4223,4149,101,Completed
B101638,P01,L020,SKU512,2024-11-18 12:05:00,2450,2331,125,Completed
B101639,P02,L030,SKU512,2023-10-23 07:53:00,19443,18171,408,Reworked
B101640,P03,L027,SKU509,2024-03-21 07:05:00,8619,8304,555,Scrapped
B101641,P01,L002,SKU511,2023-03-19 20:03:00,13848,14047,548,Completed
B101642,P02,L031,SKU506,2024-12-15 23:51:00,19680,18553,571,Completed
B101643,P03,L003,SKU509,2024-07-24 18:21:00,18856,18621,316,Scrapped
B101644,P01,L001,SKU501,2025-02-05 11:43:00,7770,7187,30,Scrapped
B101645,P02,L013,SKU508,2025-02-16 10:37:00,10817,10728,723,Completed
B101646,P02,L024,SKU508,2023-11-12 17:23:00,10334,9753,42,Completed
B101647,P03,L003,SKU500,2023-02-07 00:54:00,2601,2510,115,Scrapped
B101648,P04,L010,SKU508,2023-11-08 17:09:00,15829,15144,290,Scrapped
B101649,P04,L009,SKU510,2023-05-11 17:53:00,12338,11490,251,Scrapped
B101650,P01,L013,SKU505,2024-04-24 23:12:00,8686,8291,371,Scrapped
B101651,P01,L032,SKU508,2023-05-12 18:01:00,12049,11506,227,Completed
B101652,P01,L011,SKU504,2025-04-09 17:04:00,15238,14814,25,Completed
B101653,P03,L007,SKU504,2024-06-26 01:08:00,2269,2308,78,Completed
B101654,P01,L004,SKU501,2023-08-16 17:31:00,13628,13178,591,Reworked
B101655,P01,L007,SKU504,2025-04-09 02:34:00,17502,17702,530,Completed
B101656,P04,L005,SKU512,2024-11-23 17:15:00,15075,14564,496,Completed
B101657,P04,L019,SKU514,2024-01-29 23:47:00,13159,12247,99,Completed
B101658,P04,L014,SKU509,2023-05-12 20:33:00,3629,3422,149,Reworked
B101659,P02,L016,SKU509,2023-11-06 10:13:00,15404,14799,743,Scrapped
B101660,P03,L027,SKU509,2024-06-09 14:34:00,15512,14775,49,Scrapped
B101661,P03,L019,SKU507,2024-11-20 06:09:00,10890,10961,303,Completed
B101662,P01,L005,SKU506,2023-08-24 17:37:00,12487,12335,254,Completed
B101663,P03,L013,SKU509,2024-10-30 07:29:00,13131,12839,310,Completed
B101664,P03,L011,SKU511,2023-09-12 13:16:00,4180,4050,89,Reworked
B101665,P02,L027,SKU506,2023-08-11 01:55:00,6634,6366,235,Completed
B101666,P04,L010,SKU508,2024-02-07 07:35:00,16261,15955,252,Reworked
B101667,P03,L005,SKU507,2023-05-25 17:50:00,19527,18208,690,Completed
B101668,P03,L024,SKU504,2023-12-31 04:33:00,6861,6423,725,Reworked
B101669,P03,L014,SKU504,2023-11-19 00:41:00,9212,8754,293,Scrapped
B101670,P04,L004,SKU501,2023-09-10 00:54:00,18475,17313,250,Completed
B101671,P03,L023,SKU506,2024-11-29 01:01:00,4921,4860,116,Reworked
B101672,P02,L007,SKU510,2023-10-26 13:19:00,6701,6181,221,Completed
B101673,P04,L028,SKU510,2024-09-17 13:22:00,3006,2813,133,Reworked
B101674,P03,L027,SKU514,2024-10-10 06:14:00,6225,6288,62,Completed
B101675,P04,L012,SKU500,2024-08-22 06:26:00,13451,13716,172,Completed
B101676,P01,L018,SKU511,2023-08-31 09:30:00,8268,8009,297,Completed
B101677,P02,L019,SKU511,2025-01-16 11:39:00,19700,19099,2110,Reworked
B101678,P04,L021,SKU506,2023-08-01 21:30:00,18047,17998,529,Reworked
B101679,P03,L003,SKU504,2023-09-07 10:00:00,18124,16739,1926,Completed
B101680,P04,L011,SKU505,2025-02-26 11:45:00,15074,14511,225,Reworked
B101681,P01,L006,SKU510,2023-11-02 17:10:00,14637,13612,177,Completed
B101682,P01,L023,SKU512,2024-09-19 07:35:00,11174,10728,631,Completed
B101683,P04,L003,SKU509,2023-02-08 02:31:00,19830,20194,425,Completed
B101684,P02,L017,SKU507,2024-07-06 21:24:00,3716,3698,120,Completed
B101685,P03,L024,SKU509,2025-02-20 20:54:00,15010,15287,626,Scrapped
B101686,P02,L031,SKU501,2024-09-29 20:00:00,4524,4499,162,Reworked
B101687,P02,L010,SKU509,2024-06-08 04:28:00,8106,7950,531,Reworked
B101688,P04,L001,SKU500,2025-02-03 03:02:00,6601,6570,485,Reworked
B101689,P01,L024,SKU514,2023-09-26 07:26:00,12821,12640,1178,Reworked
B101690,P04,L001,SKU513,2023-12-06 02:27:00,16169,15625,185,Reworked
B101691,P04,L003,SKU507,2023-03-04 11:23:00,3435,3260,233,Completed
B101692,P03,L032,SKU505,2024-09-20 12:51:00,12829,12470,175,Scrapped
B101693,P02,L028,SKU510,2024-10-13 01:38:00,5990,5665,48,Completed
B101694,P01,L023,SKU509,2024-11-07 05:46:00,3385,3278,108,Reworked
B101695,P03,L027,SKU510,2024-11-04 20:43:00,9515,8892,110,Completed
B101696,P02,L003,SKU507,2023-04-25 15:29:00,12462,12169,609,Completed
B101697,P01,L003,SKU503,2024-08-22 13:27:00,5632,5319,712,Reworked
B101698,P02,L010,SKU501,2024-11-17 23:55:00,9016,8559,914,Completed
B101699,P04,L001,SKU504,2023-07-03 09:40:00,19163,18586,743,Reworked
B101700,P02,L029,SKU507,2024-03-04 19:58:00,8241,7715,437,Completed
B101701,P01,L002,SKU506,2025-04-01 21:28:00,19920,20243,434,Reworked
B101702,P03,L018,SKU507,2024-01-09 07:53:00,17015,16414,1229,Reworked
B101703,P01,L028,SKU504,2024-11-08 20:12:00,8676,8287,534,Completed
B101704,P04,L024,SKU514,2024-04-22 07:28:00,12382,11427,45,Reworked
B101705,P04,L008,SKU505,2024-08-14 23:32:00,14766,14829,213,Completed
B101706,P04,L016,SKU512,2024-07-17 20:31:00,10363,10182,261,Reworked
B101707,P04,L018,SKU505,2024-08-08 20:23:00,9339,8980,305,Completed
B101708,P01,L025,SKU506,2024-12-02 10:30:00,7935,7495,525,Completed
B101709,P01,L014,SKU509,2025-03-24 22:07:00,4511,4486,72,Reworked
B101710,P02,L010,SKU503,2023-09-24 02:23:00,2448,2483,25,Completed
B101711,P02,L026,SKU503,2025-04-15 11:26:00,8064,7725,702,Scrapped
B101712,P04,L029,SKU505,2024-07-19 01:49:00,16323,15237,105,Completed
B101713,P03,L016,SKU512,2024-06-20 01:46:00,6200,5771,91,Completed
B101714,P03,L001,SKU502,2023-10-22 22:57:00,5235,4819,84,Scrapped
B101715,P04,L017,SKU506,2024-01-11 00:03:00,7905,7860,371,Reworked
B101716,P03,L029,SKU510,2024-08-09 11:06:00,12780,13011,415,Reworked
B101717,P02,L032,SKU510,2023-11-24 08:39:00,5870,5983,138,Reworked
B101718,P02,L013,SKU506,2023-09-16 13:20:00,5967,5957,168,Reworked
B101719,P03,L005,SKU501,2025-01-07 04:06:00,4022,3765,160,Completed
B101720,P01,L019,SKU500,2024-01-09 21:15:00,7979,8120,345,Completed
B101721,P03,L027,SKU507,2024-08-03 03:28:00,5913,5633,365,Completed
B101722,P03,L031,SKU512,2023-01-29 01:41:00,16961,16169,199,Completed
B101723,P03,L002,SKU500,2023-03-11 12:56:00,18303,18096,1050,Completed
B101724,P03,L010,SKU513,2025-02-02 08:31:00,8669,8018,150,Reworked
B101725,P04,L016,SKU510,2023-05-08 23:13:00,3533,3542,83,Scrapped
B101726,P04,L004,SKU500,2024-12-17 05:19:00,3574,3644,72,Completed
B101727,P03,L029,SKU505,2025-03-21 04:00:00,7845,7825,375,Completed
B101728,P02,L004,SKU503,2024-03-09 06:09:00,10342,10323,220,Reworked
B101729,P01,L022,SKU514,2025-03-07 01:09:00,11512,11040,524,Completed
B101730,P04,L030,SKU508,2024-01-20 12:06:00,7474,6925,364,Reworked
B101731,P04,L022,SKU504,2025-05-06 15:34:00,8381,8374,425,Completed
B101732,P03,L025,SKU504,2023-08-02 09:41:00,7106,6961,298,Completed
B101733,P04,L009,SKU508,2024-01-21 01:34:00,11316,11439,255,Reworked
B101734,P04,L027,SKU500,2023-12-17 00:32:00,14544,13549,1337,Reworked
B101735,P04,L014,SKU503,2024-12-06 15:42:00,2781,2643,103,Completed
B101736,P03,L002,SKU502,2023-02-09 08:18:00,10616,10149,550,Completed
B101737,P01,L012,SKU509,2025-01-15 09:39:00,13674,13514,526,Scrapped
B101738,P01,L012,SKU510,2023-01-22 02:06:00,14105,14087,1388,Completed
B101739,P01,L017,SKU507,2023-10-12 03:03:00,12142,12337,244,Completed
B101740,P02,L009,SKU502,2024-06-20 11:04:00,11452,10874,832,Completed
B101741,P03,L015,SKU505,2023-05-11 19:17:00,14257,13820,891,Scrapped
B101742,P02,L014,SKU512,2024-03-17 02:31:00,8810,8130,113,Scrapped
B101743,P01,L011,SKU503,2025-06-16 07:46:00,12210,11542,335,Completed
B101744,P01,L023,SKU502,2025-01-10 21:18:00,7750,7419,65,Completed
B101745,P04,L010,SKU501,2023-01-28 04:44:00,9882,9678,225,Completed
B101746,P04,L025,SKU512,2024-06-16 14:03:00,4233,4093,183,Completed
B101747,P02,L009,SKU501,2024-06-21 14:27:00,8302,7940,162,Reworked
B101748,P04,L028,SKU508,2023-03-03 09:39:00,4557,4476,203,Completed
B101749,P03,L012,SKU514,2024-08-08 04:35:00,6075,6092,97,Completed
B101750,P04,L002,SKU509,2024-04-13 21:36:00,9550,9016,202,Scrapped
B101751,P04,L005,SKU506,2024-09-05 14:38:00,11001,10498,1122,Completed
B101752,P03,L026,SKU503,2023-09-25 18:02:00,18955,18774,245,Scrapped
B101753,P02,L028,SKU500,2023-08-19 01:33:00,2468,2462,28,Reworked
B101754,P03,L007,SKU502,2024-10-24 08:42:00,18174,18220,1754,Completed
B101755,P02,L020,SKU514,2024-10-11 10:06:00,7908,7440,367,Completed
B101756,P02,L019,SKU502,2023-05-26 13:06:00,15034,14642,130,Completed
B101757,P03,L005,SKU500,2023-07-14 18:13:00,14201,14343,136,Completed
B101758,P03,L015,SKU512,2024-06-11 17:22:00,19475,18680,7,Completed
B101759,P03,L023,SKU506,2025-01-16 03:13:00,3956,3809,77,Reworked
B101760,P02,L031,SKU505,2023-07-01 14:48:00,19409,19767,623,Completed
B101761,P02,L028,SKU510,2023-07-17 04:55:00,3132,2916,142,Reworked
B101762,P01,L004,SKU507,2024-12-28 00:00:00,17791,17623,548,Completed
B101763,P03,L008,SKU513,2024-09-19 00:51:00,13739,13807,367,Completed
B101764,P03,L014,SKU507,2025-03-23 01:22:00,10674,9981,274,Scrapped
B101765,P04,L005,SKU510,2024-12-06 01:43:00,9159,9080,73,Completed
B101766,P03,L019,SKU513,2025-05-07 22:48:00,3684,3562,157,Reworked
B101767,P02,L001,SKU506,2023-06-20 01:13:00,16432,16518,1376,Completed
B101768,P01,L004,SKU504,2023-09-02 17:51:00,15103,15265,241,Completed
B101769,P01,L002,SKU514,2023-08-03 04:30:00,18871,19007,666,Completed
B101770,P02,L010,SKU503,2023-02-19 21:23:00,15147,14032,1206,Scrapped
B101771,P02,L025,SKU500,2024-12-02 04:38:00,19226,19143,1611,Completed
B101772,P02,L006,SKU508,2024-08-18 13:53:00,17962,18180,475,Completed
B101773,P02,L032,SKU514,2023-03-19 09:34:00,9660,9487,59,Completed
B101774,P04,L009,SKU501,2023-06-28 07:40:00,14666,14373,730,Completed
B101775,P01,L002,SKU512,2023-06-21 16:26:00,6757,6246,269,Reworked
B101776,P02,L011,SKU512,2023-12-29 15:17:00,16314,16405,423,Reworked
B101777,P01,L024,SKU513,2024-02-14 23:28:00,12955,11978,450,Completed
B101778,P02,L004,SKU506,2023-09-18 02:13:00,9925,9442,42,Scrapped
B101779,P03,L003,SKU503,2025-04-17 03:55:00,13307,13474,811,Completed
B101780,P01,L028,SKU507,2023-07-11 11:46:00,6989,7093,77,Completed
B101781,P02,L019,SKU502,2024-05-20 16:33:00,13202,13455,238,Scrapped
B101782,P01,L011,SKU512,2024-01-30 04:23:00,10546,10204,429,Scrapped
B101783,P04,L025,SKU509,2023-12-15 21:50:00,7792,7306,819,Reworked
B101784,P03,L028,SKU507,2025-01-13 05:03:00,19559,18948,732,Completed
B101785,P01,L012,SKU507,2025-05-30 12:47:00,3147,2927,180,Reworked
B101786,P01,L018,SKU510,2023-01-06 06:54:00,15638,15751,479,Completed
B101787,P01,L001,SKU507,2024-02-22 08:09:00,5780,5641,185,Completed
B101788,P02,L010,SKU512,2023-04-18 05:46:00,6005,5767,22,Completed
B101789,P04,L020,SKU513,2024-01-26 08:40:00,4779,4434,115,Reworked
B101790,P03,L007,SKU514,2024-07-09 07:55:00,3843,3691,267,Completed
B101791,P04,L032,SKU509,2024-01-06 11:31:00,4230,4257,101,Scrapped
B101792,P02,L032,SKU511,2023-10-06 04:28:00,16988,16823,230,Scrapped
B101793,P02,L009,SKU504,2023-10-08 23:05:00,18673,17333,2180,Completed
B101794,P02,L013,SKU500,2023-09-27 21:07:00,12526,11724,414,Completed
B101795,P01,L007,SKU506,2023-10-21 03:00:00,2249,2157,101,Completed
B101796,P04,L017,SKU513,2023-12-03 14:06:00,17560,16333,382,Completed
B101797,P01,L004,SKU502,2024-09-11 01:16:00,12833,13005,193,Completed
B101798,P02,L013,SKU508,2023-03-28 09:41:00,11375,11206,261,Scrapped
B101799,P03,L018,SKU502,2023-02-06 18:02:00,19054,17710,457,Scrapped
B101800,P01,L020,SKU506,2024-04-10 01:40:00,9376,9364,390,Scrapped
B101801,P02,L020,SKU502,2024-09-05 15:14:00,8480,8114,23,Completed
B101802,P02,L008,SKU511,2023-08-21 20:17:00,16036,15145,465,Reworked
B101803,P02,L026,SKU512,2023-07-01 02:01:00,11487,11222,231,Completed
B101804,P01,L023,SKU511,2024-07-16 06:49:00,14903,13730,626,Completed
B101805,P01,L025,SKU510,2023-12-12 18:53:00,14524,14038,508,Completed
B101806,P01,L015,SKU503,2024-10-24 11:03:00,17109,17183,1597,Completed
B101807,P02,L029,SKU507,2023-05-12 21:14:00,7709,7807,164,Scrapped
B101808,P01,L013,SKU501,2023-04-20 00:01:00,3296,3145,60,Completed
B101809,P04,L026,SKU505,2024-05-12 11:25:00,10597,10430,886,Completed
B101810,P01,L007,SKU507,2023-12-20 05:44:00,13655,12872,376,Completed
B101811,P03,L008,SKU510,2024-10-18 09:58:00,16707,16306,718,Completed
B101812,P03,L017,SKU501,2024-03-31 12:20:00,6806,6434,43,Reworked
B101813,P02,L018,SKU512,2023-11-16 04:33:00,15416,15063,678,Scrapped
B101814,P04,L024,SKU506,2023-05-24 17:02:00,16979,15912,381,Completed
B101815,P01,L010,SKU513,2023-05-28 01:47:00,16552,16785,874,Completed
B101816,P01,L028,SKU507,2024-11-11 06:18:00,16545,16688,451,Completed
B101817,P02,L011,SKU508,2023-07-23 20:31:00,19772,18856,1090,Completed
B101818,P01,L018,SKU510,2024-03-28 04:51:00,13900,13867,105,Scrapped
B101819,P02,L030,SKU512,2025-01-06 07:14:00,8665,8054,123,Completed
B101820,P02,L018,SKU502,2025-03-19 01:14:00,9856,9797,1111,Scrapped
B101821,P04,L022,SKU507,2023-08-29 21:12:00,15447,14647,590,Completed
B101822,P02,L030,SKU500,2023-04-09 15:45:00,6257,5841,443,Scrapped
B101823,P04,L032,SKU507,2024-11-28 05:34:00,12850,12693,90,Completed
B101824,P04,L016,SKU512,2024-09-10 13:10:00,12309,11902,371,Scrapped
B101825,P04,L014,SKU512,2023-10-26 01:54:00,13998,13620,744,Completed
B101826,P01,L007,SKU504,2024-06-18 05:02:00,9582,9314,157,Completed
B101827,P04,L018,SKU505,2023-06-19 20:37:00,15317,14182,258,Completed
B101828,P03,L030,SKU508,2024-09-22 14:44:00,3285,3039,19,Completed
B101829,P04,L016,SKU505,2024-10-16 13:51:00,15495,15186,511,Reworked
B101830,P02,L012,SKU502,2023-09-27 10:22:00,16613,16320,633,Completed
B101831,P04,L004,SKU504,2024-02-26 16:34:00,17943,16592,367,Completed
B101832,P03,L013,SKU506,2023-10-28 15:52:00,18610,17825,545,Scrapped
B101833,P01,L008,SKU507,2023-01-29 03:35:00,8287,8131,102,Completed
B101834,P02,L032,SKU513,2023-04-25 13:53:00,2834,2793,152,Scrapped
B101835,P01,L017,SKU508,2025-05-13 22:45:00,13762,13800,281,Reworked
B101836,P04,L005,SKU505,2024-02-15 10:19:00,3623,3485,62,Reworked
B101837,P02,L003,SKU509,2023-05-13 23:28:00,7045,6867,354,Scrapped
B101838,P01,L028,SKU511,2023-02-09 20:13:00,14644,14319,392,Completed
B101839,P03,L030,SKU506,2023-11-15 01:35:00,12702,12082,815,Completed
B101840,P02,L025,SKU507,2025-06-03 12:54:00,12919,11955,377,Completed
B101841,P01,L004,SKU503,2023-12-13 07:33:00,15521,14285,396,Completed
B101842,P04,L004,SKU512,2025-06-18 12:20:00,4965,4982,32,Completed
B101843,P04,L007,SKU513,2024-03-16 11:41:00,16238,15264,237,Completed
B101844,P03,L025,SKU502,2024-11-18 13:27:00,12557,12343,564,Scrapped
B101845,P03,L025,SKU505,2024-12-07 21:35:00,9562,9348,262,Scrapped
B101846,P02,L027,SKU504,2023-01-26 08:19:00,10345,9930,294,Completed
B101847,P03,L004,SKU513,2023-01-06 11:33:00,11156,11193,403,Scrapped
B101848,P03,L005,SKU500,2025-04-10 05:26:00,11906,11785,342,Completed
B101849,P01,L029,SKU503,2025-04-19 05:23:00,8009,7386,409,Completed
B101850,P01,L030,SKU504,2023-04-30 08:44:00,6014,5999,38,Scrapped
B101851,P02,L024,SKU508,2024-08-04 09:22:00,5042,4894,62,Completed
B101852,P02,L004,SKU503,2025-04-11 08:40:00,8132,7763,57,Completed
B101853,P01,L003,SKU508,2025-05-05 14:00:00,6689,6640,824,Completed
B101854,P01,L002,SKU511,2023-09-24 17:42:00,11290,11161,269,Completed
B101855,P04,L023,SKU512,2025-01-05 15:36:00,18418,17516,399,Reworked
B101856,P02,L028,SKU501,2024-08-04 16:47:00,3945,4017,136,Reworked
B101857,P03,L021,SKU502,2025-04-15 01:18:00,7561,7446,137,Completed
B101858,P03,L009,SKU501,2023-05-13 01:08:00,2884,2827,169,Completed
B101859,P03,L025,SKU513,2024-06-24 21:36:00,19545,18117,200,Completed
B101860,P03,L002,SKU509,2023-01-23 00:58:00,14613,13852,431,Completed
B101861,P02,L027,SKU507,2023-11-18 13:52:00,6346,6121,61,Completed
B101862,P04,L029,SKU511,2023-01-11 06:24:00,9456,9295,425,Completed
B101863,P02,L023,SKU508,2024-02-03 14:56:00,15015,14583,483,Reworked
B101864,P04,L029,SKU503,2024-12-30 23:27:00,19238,19166,179,Scrapped
B101865,P02,L019,SKU507,2024-08-15 05:29:00,12330,11667,306,Scrapped
B101866,P01,L015,SKU510,2023-10-13 04:27:00,6876,6808,322,Completed
B101867,P04,L011,SKU500,2024-01-20 05:43:00,14543,14567,165,Completed
B101868,P01,L030,SKU509,2023-11-27 16:47:00,14343,14292,640,Completed
B101869,P04,L023,SKU507,2024-10-20 12:07:00,13591,13551,617,Scrapped
B101870,P01,L007,SKU501,2023-08-28 14:07:00,2827,2852,338,Completed
B101871,P01,L031,SKU503,2023-03-24 15:55:00,14721,13667,324,Completed
B101872,P03,L002,SKU506,2024-04-01 01:20:00,2353,2328,15,Scrapped
B101873,P04,L019,SKU505,2025-01-16 23:42:00,18299,18607,979,Reworked
B101874,P02,L007,SKU504,2024-03-05 10:09:00,17875,17470,819,Scrapped
B101875,P01,L022,SKU509,2023-07-03 18:28:00,12142,11434,363,Scrapped
B101876,P01,L014,SKU506,2023-02-11 10:55:00,13629,13899,472,Scrapped
B101877,P04,L014,SKU507,2025-04-29 13:16:00,3221,3019,42,Completed
B101878,P03,L022,SKU511,2024-11-15 15:39:00,17739,16915,1108,Completed
B101879,P01,L025,SKU501,2023-05-20 23:47:00,6874,6442,98,Completed
B101880,P02,L013,SKU505,2023-03-08 12:52:00,6717,6491,874,Reworked
B101881,P02,L032,SKU501,2023-04-27 05:56:00,14747,14184,320,Completed
B101882,P01,L016,SKU513,2023-12-05 21:05:00,18899,18315,369,Completed
B101883,P04,L006,SKU502,2024-12-31 16:31:00,10893,11032,304,Scrapped
B101884,P03,L001,SKU512,2023-05-24 21:16:00,11135,10776,401,Completed
B101885,P01,L007,SKU502,2025-01-06 19:57:00,11873,11534,107,Completed
B101886,P03,L023,SKU504,2023-01-02 16:48:00,7240,7302,107,Reworked
B101887,P02,L018,SKU509,2024-10-26 21:12:00,12738,12760,483,Completed
B101888,P01,L011,SKU512,2023-09-12 04:10:00,19297,18215,1351,Scrapped
B101889,P02,L016,SKU502,2025-05-14 11:27:00,8887,8187,175,Completed
B101890,P01,L027,SKU503,2024-03-04 06:15:00,15915,15643,559,Completed
B101891,P01,L019,SKU513,2023-09-01 11:39:00,15930,16001,1275,Completed
B101892,P04,L002,SKU504,2023-08-07 15:11:00,17314,16886,205,Reworked
B101893,P03,L002,SKU503,2025-01-13 23:36:00,15023,14138,1501,Completed
B101894,P01,L016,SKU511,2023-12-29 16:45:00,18586,18477,1069,Reworked
B101895,P04,L013,SKU501,2023-11-13 20:04:00,14857,14663,1207,Scrapped
B101896,P03,L028,SKU513,2024-10-24 02:25:00,19570,19110,179,Completed
B101897,P04,L019,SKU513,2024-04-28 15:48:00,14875,14969,416,Completed
B101898,P03,L025,SKU512,2024-08-20 10:51:00,17064,17037,349,Reworked
B101899,P02,L019,SKU504,2024-02-06 00:57:00,18026,17787,40,Completed
B101900,P03,L012,SKU501,2023-02-27 14:26:00,19701,19434,99,Completed
B101901,P03,L022,SKU506,2023-01-06 06:21:00,12717,12541,117,Completed
B101902,P03,L020,SKU505,2023-02-05 04:40:00,14784,14377,250,Completed
B101903,P01,L024,SKU514,2024-06-01 00:23:00,19407,18754,412,Scrapped
B101904,P02,L007,SKU509,2024-04-07 06:17:00,8844,8764,783,Scrapped
B101905,P01,L021,SKU514,2024-11-03 18:07:00,4145,4066,5,Completed
B101906,P02,L010,SKU511,2025-03-16 04:10:00,17916,17360,995,Completed
B101907,P01,L026,SKU510,2023-06-07 02:19:00,13375,12474,85,Completed
B101908,P01,L026,SKU501,2025-05-11 13:26:00,9712,9616,253,Scrapped
B101909,P04,L020,SKU501,2025-04-18 11:45:00,14904,14674,707,Completed
B101910,P01,L031,SKU500,2024-07-08 08:14:00,2587,2468,29,Scrapped
B101911,P04,L018,SKU508,2024-04-22 08:37:00,10589,10119,34,Completed
B101912,P01,L001,SKU503,2023-06-08 23:51:00,6778,6402,55,Completed
B101913,P04,L020,SKU514,2023-06-10 10:06:00,7187,7303,183,Completed
B101914,P02,L025,SKU501,2023-01-17 19:07:00,19447,19564,1253,Completed
B101915,P03,L004,SKU514,2024-08-04 08:28:00,11900,11615,712,Completed
B101916,P02,L004,SKU510,2024-01-25 19:53:00,4527,4346,50,Completed
B101917,P02,L009,SKU501,2023-06-22 17:31:00,8565,8510,412,Completed
B101918,P02,L028,SKU500,2023-05-01 11:06:00,6367,6193,164,Reworked
B101919,P03,L017,SKU505,2023-02-27 04:19:00,18364,18686,76,Reworked
B101920,P02,L032,SKU505,2024-07-30 20:41:00,7242,6702,298,Completed
B101921,P03,L028,SKU504,2024-09-08 18:48:00,8422,7777,252,Completed
B101922,P04,L018,SKU507,2024-07-22 11:19:00,8014,7828,617,Completed
B101923,P02,L022,SKU501,2023-04-10 15:00:00,5162,4853,622,Completed
B101924,P02,L011,SKU501,2023-02-07 05:20:00,16043,15729,547,Scrapped
B101925,P01,L003,SKU510,2023-04-06 14:17:00,12375,12352,797,Reworked
B101926,P02,L013,SKU514,2024-11-07 10:31:00,9865,9212,132,Completed
B101927,P01,L019,SKU504,2024-10-27 22:46:00,9127,8798,494,Completed
B101928,P01,L006,SKU513,2023-09-23 08:21:00,14000,13844,448,Completed
B101929,P04,L008,SKU505,2023-02-19 16:22:00,3726,3738,257,Completed
B101930,P01,L001,SKU505,2023-10-15 18:15:00,18771,18201,295,Completed
B101931,P02,L024,SKU501,2024-12-29 19:00:00,12167,11444,63,Scrapped
B101932,P04,L029,SKU506,2023-05-10 01:48:00,6097,5966,333,Completed
B101933,P04,L027,SKU507,2024-12-17 12:48:00,11681,11277,80,Completed
B101934,P01,L013,SKU509,2024-02-22 00:00:00,17336,17287,918,Completed
B101935,P01,L019,SKU502,2023-05-08 06:05:00,5117,4991,115,Reworked
B101936,P02,L031,SKU502,2025-04-20 12:05:00,11429,10834,99,Completed
B101937,P03,L019,SKU506,2024-04-11 13:01:00,12757,12698,1253,Completed
B101938,P04,L010,SKU501,2024-08-27 09:30:00,16580,16112,512,Completed
B101939,P01,L011,SKU502,2023-03-28 23:06:00,12212,11451,774,Scrapped
B101940,P01,L024,SKU509,2023-12-01 11:29:00,15255,14893,103,Completed
B101941,P02,L015,SKU514,2024-07-23 07:32:00,15925,16161,1979,Completed
B101942,P04,L027,SKU508,2024-08-03 19:38:00,18040,17869,375,Completed
B101943,P01,L028,SKU502,2023-02-26 15:17:00,8508,8081,156,Completed
B101944,P02,L002,SKU514,2024-06-27 20:19:00,14669,14538,373,Completed
B101945,P01,L024,SKU507,2025-04-30 00:47:00,6477,6141,416,Scrapped
B101946,P01,L012,SKU510,2024-12-08 17:53:00,17197,16754,540,Completed
B101947,P04,L017,SKU502,2023-07-06 22:59:00,19121,18598,1459,Completed
B101948,P01,L009,SKU508,2025-04-01 08:13:00,7295,6891,23,Completed
B101949,P02,L012,SKU501,2024-09-06 14:31:00,12101,11553,33,Completed
B101950,P04,L011,SKU509,2023-02-21 06:01:00,16802,17040,1199,Completed
B101951,P03,L002,SKU503,2023-04-26 11:05:00,2488,2351,49,Completed
B101952,P01,L026,SKU513,2025-04-09 03:12:00,14690,14691,512,Completed
B101953,P02,L005,SKU500,2023-07-08 15:16:00,16772,16549,2292,Completed
B101954,P04,L013,SKU509,2023-03-29 02:00:00,17682,17209,583,Reworked
B101955,P02,L007,SKU502,2024-02-10 20:30:00,5541,5173,405,Reworked
B101956,P03,L006,SKU510,2024-04-18 01:05:00,15628,14697,300,Scrapped
B101957,P03,L012,SKU507,2024-05-30 18:52:00,16148,15145,676,Completed
B101958,P03,L030,SKU514,2024-08-15 23:28:00,2051,2007,14,Completed
B101959,P01,L031,SKU509,2025-06-17 23:26:00,14692,14946,1265,Completed
B101960,P04,L013,SKU505,2024-11-14 07:37:00,13272,13374,1065,Completed
B101961,P04,L017,SKU501,2023-01-24 08:00:00,19438,17932,1616,Completed
B101962,P01,L032,SKU508,2023-03-21 17:11:00,2774,2628,22,Completed
B101963,P04,L008,SKU506,2023-01-01 06:47:00,19380,18134,1040,Completed
B101964,P04,L031,SKU500,2023-12-22 17:05:00,12285,12500,1098,Completed
B101965,P03,L004,SKU508,2023-11-12 07:55:00,6939,6547,109,Reworked
B101966,P02,L008,SKU503,2025-04-20 04:29:00,8974,8436,458,Completed
B101967,P02,L011,SKU503,2023-11-26 12:58:00,15796,15513,538,Completed
B101968,P04,L002,SKU500,2023-01-28 14:07:00,19928,19442,12,Completed
B101969,P01,L027,SKU505,2025-03-06 10:53:00,7703,7260,72,Completed
B101970,P04,L028,SKU503,2023-08-23 05:52:00,19706,19450,506,Scrapped
B101971,P04,L013,SKU501,2025-04-01 07:46:00,13325,12388,143,Completed
B101972,P03,L027,SKU506,2024-11-28 00:04:00,5456,5030,17,Completed
B101973,P02,L025,SKU503,2025-03-03 11:20:00,12759,11843,309,Completed
B101974,P03,L026,SKU502,2025-01-07 17:56:00,16431,15716,67,Completed
B101975,P01,L026,SKU507,2023-05-09 20:39:00,2981,3033,29,Completed
B101976,P04,L019,SKU500,2024-07-17 13:30:00,3420,3333,341,Reworked
B101977,P02,L004,SKU514,2024-01-06 21:27:00,2093,2083,6,Reworked
B101978,P01,L030,SKU507,2024-07-19 21:35:00,12266,11679,473,Reworked
B101979,P04,L020,SKU514,2024-11-02 07:07:00,3039,3014,35,Completed
B101980,P03,L029,SKU513,2024-03-26 20:39:00,18777,19089,305,Completed
B101981,P03,L031,SKU514,2023-10-09 08:23:00,4302,4111,154,Completed
B101982,P01,L006,SKU508,2025-04-04 16:47:00,3289,3354,61,Reworked
B101983,P04,L013,SKU506,2024-08-19 21:56:00,6637,6529,103,Scrapped
B101984,P03,L007,SKU510,2025-03-07 23:43:00,15737,15656,1268,Completed
B101985,P04,L002,SKU501,2023-08-02 10:17:00,18325,17321,2057,Completed
B101986,P04,L031,SKU512,2025-01-24 10:23:00,6518,6415,212,Completed
B101987,P01,L030,SKU504,2023-10-19 01:51:00,11335,11007,417,Reworked
B101988,P01,L030,SKU500,2024-02-19 10:30:00,15927,16176,372,Completed
B101989,P04,L029,SKU503,2025-02-13 09:16:00,16344,16515,290,Completed
B101990,P03,L021,SKU503,2023-11-16 05:54:00,4752,4560,63,Completed
B101991,P02,L017,SKU500,2023-08-14 10:59:00,17089,17339,67,Completed
B101992,P02,L032,SKU510,2025-04-03 23:51:00,17611,17760,235,Completed
B101993,P03,L018,SKU501,2025-05-17 21:24:00,15228,14908,112,Completed
B101994,P04,L021,SKU512,2023-10-07 23:15:00,11490,10665,245,Completed
B101995,P01,L007,SKU506,2023-10-03 15:12:00,9044,8465,285,Completed
B101996,P03,L024,SKU510,2023-07-24 21:43:00,18009,16706,231,Completed
B101997,P04,L027,SKU505,2023-01-22 04:12:00,17549,16334,338,Reworked
B101998,P02,L022,SKU501,2024-05-12 14:15:00,11327,11527,158,Reworked
B101999,P02,L016,SKU502,2023-08-18 09:51:00,15356,14453,657,Completed
B102000,P04,L007,SKU509,2025-02-03 04:11:00,9198,9097,424,Scrapped
B102001,P01,L002,SKU510,2023-06-04 02:01:00,15376,15124,130,Completed
B102002,P02,L021,SKU504,2024-07-25 17:54:00,3607,3546,67,Reworked
B102003,P02,L022,SKU505,2024-04-01 03:27:00,18228,17146,658,Reworked
B102004,P04,L025,SKU514,2024-07-04 17:35:00,11279,11030,59,Completed
B102005,P01,L031,SKU512,2023-04-12 10:40:00,12775,12552,463,Completed
B102006,P02,L016,SKU506,2024-02-24 21:33:00,5409,5284,64,Completed
B102007,P01,L027,SKU503,2024-07-17 10:39:00,11514,10807,64,Completed
B102008,P04,L023,SKU504,2023-11-03 20:20:00,2056,2040,44,Reworked
B102009,P03,L009,SKU508,2025-02-26 09:49:00,18022,16712,761,Completed
B102010,P02,L028,SKU508,2024-04-21 13:56:00,15479,15155,446,Completed
B102011,P02,L002,SKU502,2023-11-23 06:24:00,10180,9809,169,Completed
B102012,P01,L020,SKU500,2023-01-28 17:42:00,17045,16108,1629,Completed
B102013,P04,L031,SKU507,2023-06-01 15:26:00,16608,16620,182,Scrapped
B102014,P03,L022,SKU511,2024-03-04 22:22:00,4143,3884,69,Completed
B102015,P02,L030,SKU502,2023-12-27 00:32:00,2969,3008,27,Completed
B102016,P02,L002,SKU506,2025-02-23 08:42:00,6564,6619,302,Completed
B102017,P03,L018,SKU502,2024-12-08 08:53:00,2023,1934,125,Reworked
B102018,P03,L025,SKU503,2023-05-24 01:45:00,12316,11706,1005,Completed
B102019,P02,L021,SKU509,2024-06-16 08:08:00,11509,10746,141,Completed
B102020,P02,L029,SKU504,2024-02-13 23:11:00,11683,11818,128,Scrapped
B102021,P03,L015,SKU503,2023-04-02 00:41:00,3325,3267,117,Completed
B102022,P03,L022,SKU514,2024-08-22 07:43:00,18527,17103,203,Scrapped
B102023,P03,L014,SKU502,2024-04-28 11:14:00,19577,19011,1419,Completed
B102024,P01,L028,SKU502,2023-03-20 17:05:00,12629,11727,169,Completed
B102025,P02,L004,SKU513,2024-02-26 06:38:00,2099,2051,58,Completed
B102026,P03,L009,SKU508,2024-10-20 12:01:00,9127,8861,475,Completed
B102027,P04,L004,SKU500,2023-10-22 09:37:00,14926,13855,282,Completed
B102028,P03,L023,SKU506,2023-11-18 04:50:00,15477,15501,801,Scrapped
B102029,P02,L008,SKU508,2023-04-10 03:28:00,6380,6036,143,Completed
B102030,P03,L011,SKU503,2023-07-03 21:42:00,16808,16373,919,Completed
B102031,P01,L027,SKU508,2025-06-02 00:01:00,19415,19102,881,Completed
B102032,P01,L012,SKU509,2024-07-12 17:15:00,11156,11337,883,Reworked
B102033,P03,L005,SKU503,2023-06-08 10:32:00,8867,8595,732,Completed
B102034,P04,L001,SKU512,2024-03-10 11:26:00,11470,11604,71,Completed
B102035,P04,L008,SKU506,2023-06-23 11:14:00,2491,2380,42,Completed
B102036,P03,L030,SKU514,2024-02-03 11:11:00,11422,11487,295,Completed
B102037,P01,L018,SKU501,2023-05-12 00:35:00,2484,2343,99,Completed
B102038,P04,L032,SKU504,2024-07-10 22:07:00,2626,2601,137,Completed
B102039,P02,L007,SKU510,2024-05-28 04:10:00,11960,11109,64,Reworked
B102040,P02,L012,SKU513,2024-07-24 02:11:00,11194,11402,91,Completed
B102041,P04,L006,SKU503,2024-02-04 07:15:00,19760,20064,839,Completed
B102042,P03,L013,SKU514,2023-09-15 09:06:00,11138,10739,820,Reworked
B102043,P03,L019,SKU502,2023-08-13 14:26:00,19635,19092,390,Completed
B102044,P02,L026,SKU506,2023-07-13 15:08:00,16527,16192,224,Scrapped
B102045,P04,L012,SKU504,2024-01-22 11:32:00,8070,7646,704,Reworked
B102046,P02,L025,SKU506,2024-02-11 07:34:00,18671,18436,1151,Completed
B102047,P03,L021,SKU513,2024-08-29 04:04:00,10688,10579,130,Completed
B102048,P04,L010,SKU510,2023-02-17 04:35:00,12709,12359,239,Reworked
B102049,P03,L030,SKU511,2023-09-11 12:43:00,3808,3559,173,Completed
B102050,P01,L014,SKU503,2025-02-06 08:41:00,5826,5895,308,Reworked
B102051,P02,L005,SKU514,2025-04-03 17:18:00,11399,10618,36,Scrapped
B102052,P02,L031,SKU506,2025-04-17 19:34:00,6882,6764,458,Completed
B102053,P04,L030,SKU509,2023-10-03 17:04:00,12794,11902,974,Completed
B102054,P03,L002,SKU510,2023-05-04 10:01:00,3438,3213,164,Completed
B102055,P02,L029,SKU509,2023-06-28 08:40:00,6519,6010,254,Completed
B102056,P03,L031,SKU509,2023-04-29 16:29:00,13972,13361,212,Reworked
B102057,P03,L027,SKU507,2025-05-09 02:39:00,13018,12809,285,Completed
B102058,P02,L009,SKU509,2025-03-06 01:10:00,19705,19156,563,Scrapped
B102059,P02,L021,SKU513,2024-12-30 12:06:00,18194,17965,262,Completed
B102060,P04,L018,SKU505,2024-10-18 19:43:00,16591,16383,237,Completed
B102061,P03,L020,SKU507,2023-11-05 19:46:00,2017,1883,115,Completed
B102062,P01,L020,SKU502,2024-03-04 02:51:00,12844,11890,27,Reworked
B102063,P03,L021,SKU505,2025-01-27 06:55:00,6120,6013,129,Completed
B102064,P03,L017,SKU511,2025-01-02 22:19:00,6804,6704,41,Scrapped
B102065,P03,L023,SKU509,2024-04-11 22:23:00,5778,5637,884,Completed
B102066,P03,L017,SKU503,2025-01-23 19:20:00,10206,9640,300,Scrapped
B102067,P04,L001,SKU508,2023-11-09 01:51:00,4229,4233,193,Completed
B102068,P02,L002,SKU512,2024-01-08 03:38:00,11572,10733,63,Completed
B102069,P02,L031,SKU501,2025-01-25 15:36:00,4989,4905,120,Completed
B102070,P01,L030,SKU500,2023-12-05 18:46:00,11008,10259,83,Completed
B102071,P03,L019,SKU505,2024-11-07 22:45:00,13266,13072,592,Completed
B102072,P02,L006,SKU509,2024-02-12 22:58:00,5234,5033,21,Completed
B102073,P02,L026,SKU504,2023-09-26 02:05:00,3848,3816,438,Completed
B102074,P03,L005,SKU512,2023-07-16 22:49:00,16512,15277,392,Completed
B102075,P02,L013,SKU512,2024-06-30 00:15:00,15293,14918,69,Completed
B102076,P02,L011,SKU507,2024-03-07 16:38:00,6706,6266,147,Reworked
B102077,P02,L001,SKU505,2023-11-29 10:49:00,17966,17754,528,Completed
B102078,P02,L026,SKU500,2024-10-30 20:10:00,5980,5573,209,Completed
B102079,P01,L017,SKU512,2023-01-01 22:43:00,18678,17321,816,Completed
B102080,P04,L011,SKU513,2023-03-24 23:22:00,4039,4003,208,Completed
B102081,P01,L017,SKU506,2025-05-15 15:13:00,13883,12860,333,Reworked
B102082,P02,L001,SKU507,2024-08-20 04:14:00,2345,2210,59,Reworked
B102083,P03,L014,SKU511,2024-05-09 15:59:00,5553,5566,75,Scrapped
B102084,P01,L017,SKU510,2023-01-14 06:15:00,9284,9292,574,Completed
B102085,P03,L011,SKU502,2024-06-22 14:08:00,3535,3554,113,Completed
B102086,P03,L027,SKU510,2024-01-27 07:36:00,10225,9740,179,Completed
B102087,P03,L008,SKU513,2024-06-23 21:39:00,6176,6008,136,Completed
B102088,P02,L005,SKU511,2023-02-06 21:36:00,3781,3770,375,Completed
B102089,P01,L017,SKU507,2024-05-10 13:51:00,19315,18034,1322,Scrapped
B102090,P04,L029,SKU507,2024-06-04 01:57:00,19672,19523,631,Reworked
B102091,P02,L013,SKU503,2023-09-19 01:02:00,19322,17964,1223,Reworked
B102092,P04,L002,SKU509,2023-02-19 01:28:00,4773,4827,79,Reworked
B102093,P01,L032,SKU503,2025-05-24 10:02:00,8874,8729,378,Scrapped
B102094,P01,L015,SKU505,2024-09-30 10:44:00,7893,7650,109,Reworked
B102095,P04,L006,SKU503,2024-07-13 12:02:00,7864,7616,295,Reworked
B102096,P04,L020,SKU505,2024-11-21 09:07:00,9498,8910,1559,Reworked
B102097,P04,L011,SKU505,2024-08-26 19:54:00,11180,10672,127,Reworked
B102098,P04,L031,SKU501,2023-05-01 22:54:00,10732,10653,114,Reworked
B102099,P01,L010,SKU510,2024-02-14 07:31:00,7250,7062,190,Completed
B102100,P04,L018,SKU506,2025-03-10 19:16:00,19636,19104,627,Completed
B102101,P03,L018,SKU514,2023-09-17 01:48:00,19633,18445,170,Completed
B102102,P01,L008,SKU502,2025-05-24 23:42:00,7961,7873,269,Scrapped
B102103,P01,L016,SKU510,2023-02-27 21:56:00,5981,5736,71,Completed
B102104,P04,L004,SKU502,2023-10-25 15:37:00,11588,10872,171,Completed
B102105,P02,L021,SKU508,2023-11-12 04:58:00,8644,8768,80,Completed
B102106,P04,L025,SKU507,2024-07-09 16:13:00,19768,19188,1198,Reworked
B102107,P01,L031,SKU506,2023-06-08 11:42:00,9728,9463,218,Reworked
B102108,P02,L011,SKU509,2023-07-26 05:26:00,2716,2765,17,Completed
B102109,P02,L010,SKU512,2024-08-18 21:06:00,4251,4066,310,Scrapped
B102110,P02,L018,SKU504,2023-09-14 04:02:00,3342,3389,104,Reworked
B102111,P03,L023,SKU512,2025-03-02 02:29:00,8890,8796,110,Completed
B102112,P04,L032,SKU502,2025-02-22 04:09:00,7697,7568,319,Reworked
B102113,P04,L001,SKU504,2023-09-30 11:30:00,17421,16435,1485,Completed
B102114,P03,L008,SKU504,2024-05-18 22:53:00,18030,16680,455,Completed
B102115,P01,L009,SKU514,2023-10-27 14:15:00,4526,4362,225,Scrapped
B102116,P04,L009,SKU501,2023-11-07 09:14:00,19002,17501,1149,Completed
B102117,P03,L015,SKU505,2024-08-26 07:52:00,12512,11599,735,Scrapped
B102118,P03,L028,SKU506,2023-09-21 19:30:00,7522,7368,310,Reworked
B102119,P03,L001,SKU512,2023-05-15 08:15:00,9319,9248,131,Scrapped
B102120,P04,L027,SKU507,2023-08-22 04:54:00,9944,9315,1270,Reworked
B102121,P04,L020,SKU514,2025-04-16 11:50:00,5069,5034,34,Reworked
B102122,P03,L020,SKU511,2023-08-22 09:22:00,17613,17876,113,Completed
B102123,P03,L022,SKU510,2023-11-24 11:05:00,2222,2209,133,Scrapped
B102124,P03,L004,SKU511,2024-07-19 22:27:00,3255,3250,56,Reworked
B102125,P02,L024,SKU502,2023-04-02 01:54:00,6920,6851,686,Completed
B102126,P02,L008,SKU506,2023-08-30 14:42:00,4584,4320,31,Completed
B102127,P03,L017,SKU508,2023-06-07 05:10:00,3112,2975,84,Completed
B102128,P01,L022,SKU503,2025-04-11 22:14:00,8901,9033,118,Completed
B102129,P02,L020,SKU501,2025-04-19 11:18:00,8781,8659,364,Completed
B102130,P03,L011,SKU502,2024-11-11 03:51:00,4260,4255,59,Scrapped
B102131,P04,L013,SKU511,2023-08-11 09:46:00,16583,16862,1120,Completed
B102132,P03,L016,SKU509,2024-07-08 18:33:00,17886,16869,863,Reworked
B102133,P02,L002,SKU504,2024-08-19 01:00:00,14954,14238,450,Scrapped
B102134,P02,L024,SKU511,2025-02-21 10:34:00,11399,11222,173,Scrapped
B102135,P03,L004,SKU510,2023-05-21 13:10:00,19052,17574,956,Completed
B102136,P03,L015,SKU512,2024-10-24 15:05:00,8309,8118,440,Completed
B102137,P01,L021,SKU513,2023-06-24 16:35:00,9686,9694,593,Reworked
B102138,P03,L003,SKU513,2024-05-26 19:46:00,2271,2227,82,Scrapped
B102139,P02,L032,SKU502,2025-03-02 07:32:00,14740,13996,217,Completed
B102140,P03,L013,SKU511,2023-02-25 20:46:00,3664,3636,171,Completed
B102141,P04,L001,SKU505,2023-05-14 05:31:00,13976,13062,284,Reworked
B102142,P04,L022,SKU506,2025-01-01 19:37:00,16083,16235,672,Reworked
B102143,P03,L018,SKU509,2023-01-17 21:00:00,5906,5493,213,Completed
B102144,P02,L021,SKU509,2024-09-08 14:43:00,13016,13098,725,Completed
B102145,P02,L025,SKU506,2024-03-27 02:38:00,7464,7238,690,Completed
B102146,P01,L016,SKU514,2023-11-08 22:38:00,9169,8828,408,Completed
B102147,P04,L027,SKU502,2025-02-15 10:53:00,11536,11190,1137,Completed
B102148,P04,L012,SKU501,2025-02-03 01:31:00,6490,6100,52,Completed
B102149,P04,L018,SKU500,2023-10-21 09:24:00,16339,15779,820,Completed
B102150,P02,L006,SKU512,2023-01-04 23:38:00,9103,9148,813,Scrapped
B102151,P02,L020,SKU506,2023-04-26 08:18:00,10312,10312,138,Completed
B102152,P04,L009,SKU506,2023-04-07 15:04:00,16664,15602,73,Scrapped
B102153,P03,L023,SKU509,2025-06-03 00:11:00,6099,6021,115,Reworked
B102154,P03,L026,SKU506,2024-06-21 04:51:00,10140,10197,460,Completed
B102155,P02,L028,SKU508,2024-09-01 01:33:00,19882,19921,1705,Completed
B102156,P02,L030,SKU500,2023-07-27 19:32:00,9195,8850,21,Completed
B102157,P03,L004,SKU502,2025-02-04 14:55:00,4080,3773,40,Scrapped
B102158,P04,L005,SKU513,2024-10-12 09:39:00,7119,7212,777,Completed
B102159,P02,L030,SKU506,2024-11-07 22:11:00,19206,18429,1141,Scrapped
B102160,P04,L013,SKU502,2024-02-26 10:03:00,15664,14976,423,Reworked
B102161,P01,L001,SKU505,2024-09-20 10:01:00,16562,16494,358,Completed
B102162,P02,L010,SKU505,2024-05-04 15:30:00,6564,6212,103,Completed
B102163,P04,L027,SKU504,2023-12-13 02:35:00,17100,17159,459,Completed
B102164,P04,L012,SKU504,2024-06-19 01:03:00,9080,8422,383,Reworked
B102165,P04,L003,SKU510,2023-10-19 21:44:00,16308,16211,16,Completed
B102166,P02,L024,SKU501,2025-05-07 13:29:00,17855,18151,554,Reworked
B102167,P04,L007,SKU504,2024-10-07 06:18:00,5747,5859,230,Completed
B102168,P04,L012,SKU507,2024-10-27 02:03:00,18892,19125,380,Completed
B102169,P04,L001,SKU508,2024-10-07 01:00:00,13386,13480,442,Completed
B102170,P01,L020,SKU513,2024-02-08 12:13:00,15155,14365,1092,Completed
B102171,P03,L015,SKU513,2025-05-05 12:42:00,15621,15881,194,Scrapped
B102172,P04,L028,SKU504,2023-07-07 01:48:00,5032,5096,19,Scrapped
B102173,P04,L011,SKU508,2024-05-26 19:03:00,15422,15012,1141,Scrapped
B102174,P01,L007,SKU500,2023-03-04 11:20:00,5832,5599,108,Reworked
B102175,P04,L006,SKU509,2023-09-23 03:48:00,6888,6412,337,Completed
B102176,P01,L007,SKU502,2024-06-01 02:13:00,4097,4011,66,Reworked
B102177,P02,L015,SKU501,2024-03-16 13:49:00,5260,5207,134,Reworked
B102178,P03,L003,SKU510,2025-04-27 01:04:00,19620,18843,505,Completed
B102179,P02,L013,SKU502,2024-07-06 08:13:00,7906,7594,505,Scrapped
B102180,P03,L028,SKU507,2024-01-06 07:50:00,8966,8762,144,Scrapped
B102181,P01,L025,SKU501,2024-01-20 01:21:00,10637,9815,302,Completed
B102182,P03,L021,SKU511,2024-07-04 10:25:00,14832,15066,1449,Completed
B102183,P03,L029,SKU511,2024-12-13 00:28:00,12328,11699,727,Scrapped
B102184,P03,L025,SKU508,2023-09-06 21:04:00,11650,10882,295,Completed
B102185,P02,L021,SKU512,2024-06-10 03:38:00,17065,15709,703,Scrapped
B102186,P02,L028,SKU506,2024-06-01 06:01:00,10926,10988,1856,Completed
B102187,P02,L004,SKU502,2023-01-09 11:48:00,15842,15942,79,Scrapped
B102188,P02,L027,SKU502,2025-04-01 11:52:00,18396,17099,748,Completed
B102189,P03,L010,SKU503,2024-05-27 20:32:00,14170,13252,678,Reworked
B102190,P02,L024,SKU503,2023-08-06 20:52:00,2635,2542,31,Completed
B102191,P02,L030,SKU504,2024-07-24 05:50:00,6742,6327,333,Completed
B102192,P02,L016,SKU503,2024-09-02 00:46:00,13119,13034,861,Completed
B102193,P01,L003,SKU508,2025-04-03 17:38:00,10619,9831,102,Completed
B102194,P03,L012,SKU502,2023-01-31 16:00:00,7125,6946,43,Reworked
B102195,P04,L014,SKU509,2024-01-08 08:23:00,8037,7701,45,Scrapped
B102196,P02,L030,SKU505,2023-06-12 03:21:00,3410,3295,70,Completed
B102197,P04,L031,SKU510,2024-06-01 00:30:00,6228,5994,172,Completed
B102198,P03,L019,SKU507,2024-03-27 10:43:00,16090,15049,306,Reworked
B102199,P01,L031,SKU513,2024-03-03 11:56:00,2184,2057,61,Completed
B102200,P02,L014,SKU506,2025-06-02 19:46:00,17062,15807,960,Scrapped
B102201,P01,L014,SKU504,2024-04-23 11:46:00,8110,7554,121,Completed
B102202,P01,L027,SKU508,2024-01-05 21:52:00,16541,16835,1094,Completed
B102203,P02,L022,SKU509,2023-03-02 13:46:00,6610,6266,73,Completed
B102204,P02,L017,SKU506,2023-09-18 15:32:00,16917,16083,1537,Scrapped
B102205,P04,L015,SKU508,2025-03-18 13:19:00,12294,11466,832,Completed
B102206,P01,L023,SKU507,2024-02-11 12:04:00,17326,17248,247,Reworked
B102207,P04,L025,SKU504,2025-03-30 08:54:00,3121,3159,115,Scrapped
B102208,P01,L016,SKU504,2024-04-24 08:45:00,16353,16336,162,Completed
B102209,P01,L002,SKU513,2024-05-08 06:05:00,6869,6740,962,Completed
B102210,P03,L004,SKU510,2024-01-22 21:17:00,8459,8470,395,Completed
B102211,P04,L005,SKU501,2024-05-15 21:35:00,2805,2693,19,Completed
B102212,P03,L015,SKU514,2023-03-02 00:24:00,19173,19287,384,Scrapped
B102213,P01,L020,SKU510,2023-02-21 19:12:00,13545,13542,828,Completed
B102214,P01,L026,SKU500,2024-03-04 04:43:00,19656,18086,353,Completed
B102215,P02,L008,SKU510,2024-06-22 03:43:00,12227,11845,796,Completed
B102216,P02,L026,SKU508,2024-05-10 18:43:00,4847,4587,86,Completed
B102217,P04,L022,SKU513,2024-01-22 05:40:00,8074,7497,238,Reworked
B102218,P02,L002,SKU507,2023-09-22 14:56:00,9917,9962,926,Completed
B102219,P01,L012,SKU507,2024-09-30 03:20:00,4652,4283,278,Scrapped
B102220,P04,L010,SKU504,2024-06-28 05:46:00,18767,18635,411,Reworked
B102221,P01,L029,SKU504,2023-02-12 09:53:00,19242,19604,559,Scrapped
B102222,P01,L030,SKU509,2024-02-12 03:28:00,12142,11755,434,Completed
B102223,P02,L027,SKU512,2024-10-01 19:10:00,12519,11982,1288,Completed
B102224,P02,L017,SKU513,2024-12-06 18:09:00,14662,14377,781,Completed
B102225,P03,L016,SKU511,2023-09-16 04:54:00,14224,14230,1769,Scrapped
B102226,P04,L010,SKU509,2025-04-12 11:23:00,3128,2952,148,Completed
B102227,P04,L025,SKU507,2024-08-09 12:50:00,11564,10928,364,Completed
B102228,P02,L003,SKU505,2024-01-29 21:42:00,15988,15679,489,Completed
B102229,P04,L009,SKU511,2024-07-18 09:55:00,16517,16748,542,Reworked
B102230,P03,L005,SKU504,2025-02-23 08:56:00,12728,12089,737,Scrapped
B102231,P01,L016,SKU504,2023-07-24 03:46:00,18134,17366,2115,Reworked
B102232,P04,L010,SKU513,2023-05-16 07:56:00,12551,12793,808,Completed
B102233,P01,L007,SKU508,2024-02-01 09:46:00,8888,8333,242,Completed
B102234,P03,L013,SKU505,2023-03-17 12:46:00,9967,9246,33,Completed
B102235,P04,L028,SKU512,2025-01-22 01:40:00,14420,14116,771,Completed
B102236,P01,L018,SKU514,2025-05-23 09:32:00,17956,16563,152,Completed
B102237,P02,L027,SKU504,2024-06-29 00:46:00,6137,5756,371,Reworked
B102238,P02,L030,SKU507,2025-05-31 20:45:00,7282,7152,143,Completed
B102239,P04,L029,SKU507,2023-03-03 20:44:00,13733,13540,548,Completed
B102240,P01,L012,SKU510,2024-07-23 06:57:00,15744,15288,1172,Scrapped
B102241,P03,L029,SKU514,2024-02-03 14:49:00,9184,8801,251,Reworked
B102242,P02,L030,SKU508,2023-09-07 15:06:00,13577,13273,891,Reworked
B102243,P01,L031,SKU511,2023-10-08 14:15:00,2122,2088,2,Completed
B102244,P03,L012,SKU508,2024-05-05 15:52:00,7251,7253,791,Completed
B102245,P04,L008,SKU513,2024-07-31 11:32:00,19199,19185,1672,Completed
B102246,P03,L019,SKU506,2023-05-28 14:36:00,12376,12208,190,Reworked
B102247,P01,L030,SKU505,2024-07-07 02:34:00,17631,17797,617,Scrapped
B102248,P01,L029,SKU506,2025-04-13 21:18:00,5917,5939,455,Reworked
B102249,P02,L019,SKU514,2023-01-10 08:35:00,7235,6752,210,Completed
B102250,P03,L005,SKU509,2025-03-01 12:32:00,19548,19854,1081,Scrapped
B102251,P03,L014,SKU502,2024-06-30 22:13:00,19959,20142,2937,Completed
B102252,P01,L023,SKU500,2023-11-04 23:56:00,17783,16931,343,Completed
B102253,P03,L018,SKU507,2024-10-23 08:45:00,7708,7106,226,Completed
B102254,P02,L012,SKU512,2024-07-10 00:12:00,16426,16104,357,Completed
B102255,P03,L011,SKU507,2024-11-22 20:34:00,10259,9888,621,Completed
B102256,P04,L002,SKU508,2023-03-15 03:50:00,17190,17103,1059,Completed
B102257,P03,L010,SKU511,2023-02-23 01:52:00,17322,16844,10,Completed
B102258,P01,L022,SKU507,2024-07-31 19:30:00,9827,9116,134,Completed
B102259,P04,L008,SKU513,2023-10-01 07:01:00,7482,7066,230,Reworked
B102260,P01,L032,SKU509,2023-08-03 10:39:00,19547,19708,234,Reworked
B102261,P04,L003,SKU510,2024-01-15 03:30:00,10109,9338,689,Completed
B102262,P01,L019,SKU511,2024-10-14 16:38:00,9770,9708,311,Completed
B102263,P03,L016,SKU509,2023-06-11 19:04:00,13980,13269,426,Reworked
B102264,P01,L027,SKU500,2025-05-25 21:00:00,18860,18204,57,Scrapped
B102265,P01,L029,SKU506,2024-01-14 15:51:00,4348,4231,39,Completed
B102266,P03,L018,SKU502,2023-05-16 12:31:00,19720,18635,903,Completed
B102267,P03,L021,SKU507,2023-03-06 00:23:00,9602,9459,153,Completed
B102268,P01,L023,SKU502,2025-02-10 12:53:00,2460,2433,83,Completed
B102269,P04,L017,SKU507,2023-04-12 21:29:00,7569,7027,76,Completed
B102270,P02,L006,SKU505,2024-01-13 01:35:00,10324,9884,338,Completed
B102271,P02,L014,SKU500,2024-08-24 19:48:00,14181,14102,703,Scrapped
B102272,P02,L008,SKU501,2024-04-06 18:52:00,12194,12098,1023,Reworked
B102273,P02,L015,SKU507,2023-08-25 07:33:00,4447,4333,156,Completed
B102274,P01,L020,SKU501,2023-04-08 03:14:00,10788,10763,567,Reworked
B102275,P02,L007,SKU512,2024-10-02 06:21:00,6189,5760,166,Completed
B102276,P01,L008,SKU511,2024-03-17 06:14:00,6851,6383,39,Scrapped
B102277,P01,L027,SKU510,2023-02-13 07:08:00,14804,14593,1422,Completed
B102278,P02,L013,SKU502,2023-06-13 01:52:00,16459,16283,361,Completed
B102279,P03,L007,SKU511,2024-05-21 10:23:00,4812,4818,396,Completed
B102280,P04,L023,SKU509,2023-06-01 13:07:00,12842,12047,118,Completed
B102281,P02,L023,SKU505,2023-12-19 07:17:00,9596,9324,610,Reworked
B102282,P02,L027,SKU500,2023-04-23 01:40:00,8059,7946,164,Scrapped
B102283,P04,L025,SKU507,2024-12-18 06:34:00,14831,13976,396,Completed
B102284,P03,L032,SKU511,2024-07-21 08:50:00,6478,6294,130,Reworked
B102285,P04,L019,SKU500,2024-12-06 13:21:00,15778,15523,173,Completed
B102286,P04,L010,SKU500,2023-02-17 04:56:00,9213,8673,448,Completed
B102287,P04,L028,SKU505,2023-12-05 00:05:00,3707,3549,49,Completed
B102288,P04,L009,SKU507,2023-08-29 20:30:00,16260,15310,488,Completed
B102289,P02,L010,SKU507,2024-07-14 10:37:00,17335,17513,730,Reworked
B102290,P02,L027,SKU506,2025-01-09 08:18:00,12135,11451,945,Completed
B102291,P02,L029,SKU503,2023-07-24 19:03:00,15031,14010,342,Scrapped
B102292,P01,L011,SKU500,2024-11-23 18:15:00,4655,4298,457,Completed
B102293,P03,L024,SKU500,2024-06-06 08:47:00,8107,7494,755,Completed
B102294,P03,L030,SKU501,2025-01-11 15:39:00,8298,7793,390,Reworked
B102295,P04,L026,SKU510,2023-03-15 03:19:00,15748,15445,1342,Reworked
B102296,P01,L001,SKU511,2025-06-10 19:55:00,8336,7683,44,Completed
B102297,P02,L022,SKU506,2024-01-27 03:27:00,15109,14333,615,Completed
B102298,P01,L006,SKU501,2023-09-10 01:46:00,7523,6964,83,Completed
B102299,P04,L028,SKU506,2023-06-14 10:55:00,12816,12308,532,Completed
B102300,P02,L003,SKU514,2025-06-05 10:04:00,5776,5341,97,Completed
B102301,P01,L032,SKU503,2025-03-06 01:02:00,12052,11820,938,Reworked
B102302,P03,L006,SKU507,2023-04-29 01:44:00,3454,3415,99,Completed
B102303,P04,L014,SKU508,2024-02-05 09:51:00,15224,15119,157,Completed
B102304,P04,L008,SKU504,2024-10-22 04:23:00,2523,2377,22,Completed
B102305,P01,L027,SKU506,2024-06-15 16:42:00,19986,20122,1504,Scrapped
B102306,P02,L013,SKU507,2023-06-20 03:08:00,17101,16913,787,Completed
B102307,P01,L024,SKU507,2023-11-21 08:14:00,12413,11490,445,Completed
B102308,P02,L003,SKU510,2023-11-28 07:45:00,18372,17712,142,Completed
B102309,P03,L015,SKU508,2023-09-17 20:48:00,16556,16502,233,Reworked
B102310,P02,L030,SKU500,2025-05-14 15:09:00,4569,4345,134,Completed
B102311,P01,L030,SKU500,2023-07-02 15:04:00,15396,14751,117,Completed
B102312,P03,L007,SKU506,2024-09-27 22:46:00,8791,8641,146,Completed
B102313,P01,L013,SKU513,2025-03-31 16:25:00,17404,16108,371,Scrapped
B102314,P01,L014,SKU500,2024-12-16 07:58:00,17548,17840,557,Reworked
B102315,P01,L019,SKU501,2024-12-20 12:27:00,19181,17981,523,Completed
B102316,P01,L018,SKU510,2023-05-23 22:18:00,10117,9334,31,Completed
B102317,P02,L004,SKU506,2023-04-30 22:26:00,5475,5039,157,Scrapped
B102318,P04,L025,SKU503,2024-12-05 15:03:00,4251,4080,290,Scrapped
B102319,P04,L008,SKU503,2024-11-03 01:15:00,4978,5019,228,Completed
B102320,P01,L011,SKU509,2024-10-29 16:54:00,19852,19891,106,Completed
B102321,P01,L027,SKU507,2024-01-12 16:15:00,12554,12694,684,Completed
B102322,P02,L023,SKU509,2024-04-16 02:23:00,8332,8110,5,Completed
B102323,P03,L013,SKU504,2023-01-14 20:34:00,10087,9732,226,Scrapped
B102324,P03,L030,SKU507,2023-09-19 22:12:00,5111,4899,48,Reworked
B102325,P04,L013,SKU512,2024-04-20 12:44:00,12273,11348,43,Completed
B102326,P02,L019,SKU504,2023-04-24 03:38:00,9662,9767,175,Completed
B102327,P01,L008,SKU505,2023-04-28 01:00:00,16364,15866,1289,Reworked
B102328,P01,L006,SKU502,2023-02-10 16:37:00,2380,2297,80,Completed
B102329,P01,L016,SKU509,2023-07-08 22:34:00,18770,18235,438,Completed
B102330,P01,L019,SKU500,2025-06-12 14:08:00,3091,3089,17,Completed
B102331,P04,L026,SKU503,2024-09-18 10:29:00,9513,8965,969,Scrapped
B102332,P02,L013,SKU510,2025-05-03 10:18:00,8131,8057,20,Completed
B102333,P04,L029,SKU500,2023-08-20 10:16:00,14922,14788,1380,Reworked
B102334,P03,L020,SKU514,2024-06-22 23:09:00,13847,13915,244,Scrapped
B102335,P03,L003,SKU506,2025-03-13 16:47:00,5542,5103,226,Completed
B102336,P02,L024,SKU505,2023-11-13 19:51:00,10833,10150,148,Reworked
B102337,P04,L019,SKU508,2024-08-14 10:52:00,11621,11238,144,Scrapped
B102338,P01,L013,SKU509,2024-09-15 13:13:00,10349,10401,669,Completed
B102339,P01,L015,SKU506,2025-01-19 01:19:00,2392,2431,110,Completed
B102340,P02,L010,SKU513,2025-05-22 12:44:00,5205,5098,127,Completed
B102341,P02,L020,SKU514,2024-07-07 16:05:00,11067,10416,62,Reworked
B102342,P03,L019,SKU503,2024-06-08 06:43:00,6688,6276,932,Reworked
B102343,P03,L015,SKU510,2025-02-20 23:09:00,11816,11626,642,Reworked
B102344,P03,L010,SKU504,2024-09-08 01:42:00,4946,4654,487,Completed
B102345,P02,L013,SKU514,2023-11-22 12:23:00,15238,14861,59,Reworked
B102346,P02,L016,SKU503,2024-07-21 02:59:00,5392,5410,95,Completed
B102347,P04,L016,SKU504,2024-05-09 05:26:00,13690,13128,93,Reworked
B102348,P01,L010,SKU510,2023-07-25 21:08:00,17059,16339,508,Completed
B102349,P03,L019,SKU511,2024-04-09 07:13:00,8451,7805,870,Scrapped
B102350,P03,L008,SKU501,2024-07-15 05:02:00,4510,4263,266,Scrapped
B102351,P04,L017,SKU508,2025-03-24 09:52:00,2103,2081,195,Completed
B102352,P03,L004,SKU505,2024-06-06 10:12:00,8489,8115,158,Reworked
B102353,P02,L016,SKU509,2023-05-29 10:10:00,4078,3816,172,Scrapped
B102354,P02,L026,SKU508,2025-06-07 21:08:00,17873,16632,491,Completed
B102355,P02,L027,SKU514,2024-06-04 06:06:00,19515,18139,473,Completed
B102356,P02,L023,SKU514,2023-09-16 09:28:00,19651,19374,251,Completed
B102357,P01,L024,SKU509,2024-11-09 23:42:00,18601,18252,230,Completed
B102358,P03,L003,SKU510,2023-12-13 05:34:00,12560,12206,261,Reworked
B102359,P01,L011,SKU513,2023-11-30 01:04:00,7851,7615,471,Reworked
B102360,P03,L021,SKU502,2025-01-25 11:51:00,10037,9387,482,Completed
B102361,P04,L026,SKU510,2025-02-19 19:45:00,6659,6459,10,Completed
B102362,P04,L019,SKU511,2024-04-16 12:47:00,17124,15856,179,Completed
B102363,P01,L028,SKU501,2023-12-02 17:07:00,9855,9979,787,Completed
B102364,P04,L009,SKU513,2025-02-15 22:45:00,8932,8269,59,Completed
B102365,P01,L005,SKU510,2023-06-05 23:28:00,14418,13875,846,Reworked
B102366,P02,L003,SKU505,2024-11-03 11:26:00,8728,8030,490,Completed
B102367,P01,L019,SKU507,2024-06-09 15:26:00,8422,8410,116,Completed
B102368,P01,L022,SKU507,2025-02-07 15:37:00,6091,5704,486,Scrapped
B102369,P01,L010,SKU513,2024-01-14 12:16:00,3211,3251,61,Completed
B102370,P01,L026,SKU514,2025-01-18 19:46:00,2683,2480,108,Completed
B102371,P04,L024,SKU512,2023-01-14 16:06:00,9250,9269,531,Completed
B102372,P01,L012,SKU509,2024-11-13 10:34:00,19914,19628,891,Completed
B102373,P02,L008,SKU501,2023-03-04 20:30:00,6690,6321,194,Completed
B102374,P03,L024,SKU513,2024-08-01 03:53:00,13539,12729,497,Scrapped
B102375,P04,L022,SKU502,2023-06-25 17:59:00,7848,7500,555,Completed
B102376,P04,L006,SKU502,2025-05-17 02:55:00,7448,7469,629,Reworked
B102377,P01,L009,SKU501,2024-11-23 09:31:00,4933,4963,332,Completed
B102378,P04,L016,SKU514,2023-04-05 03:43:00,12141,11382,419,Completed
B102379,P03,L017,SKU507,2025-03-13 20:03:00,13859,13240,231,Scrapped
B102380,P01,L006,SKU503,2023-08-15 17:56:00,8303,7835,41,Reworked
B102381,P02,L031,SKU501,2024-05-06 01:50:00,11479,10701,331,Completed
B102382,P04,L013,SKU506,2023-03-18 17:55:00,10570,10407,153,Scrapped
B102383,P02,L013,SKU510,2023-04-06 00:12:00,6875,6562,254,Scrapped
B102384,P01,L002,SKU514,2023-08-06 04:23:00,14450,13619,602,Completed
B102385,P04,L029,SKU508,2024-04-25 23:26:00,11969,12047,422,Scrapped
B102386,P04,L008,SKU509,2024-05-03 14:32:00,3185,3168,84,Completed
B102387,P04,L032,SKU512,2025-02-09 01:04:00,10868,10839,597,Completed
B102388,P04,L016,SKU513,2023-05-29 15:01:00,9008,8322,303,Scrapped
B102389,P04,L028,SKU504,2024-11-05 12:43:00,16327,16514,19,Scrapped
B102390,P02,L006,SKU514,2023-01-06 07:00:00,7519,7349,198,Scrapped
B102391,P01,L006,SKU507,2023-09-19 23:43:00,19207,18638,1902,Completed
B102392,P03,L026,SKU513,2023-06-07 12:14:00,13070,12038,39,Completed
B102393,P01,L027,SKU501,2023-04-22 12:02:00,4352,4394,86,Reworked
B102394,P02,L018,SKU501,2024-06-10 01:43:00,9260,9022,652,Completed
B102395,P03,L002,SKU513,2025-03-21 14:43:00,17910,17955,506,Scrapped
B102396,P04,L031,SKU510,2024-08-23 06:41:00,6582,6486,290,Scrapped
B102397,P02,L013,SKU502,2025-02-07 16:19:00,14686,14681,117,Scrapped
B102398,P02,L030,SKU513,2024-06-16 07:10:00,16100,15927,673,Scrapped
B102399,P03,L028,SKU501,2023-02-18 08:15:00,14465,14639,198,Completed
B102400,P01,L028,SKU510,2023-11-08 09:20:00,3626,3417,307,Scrapped
B102401,P03,L023,SKU503,2025-01-11 07:22:00,8737,8214,91,Completed
B102402,P03,L022,SKU501,2023-02-09 18:55:00,8267,8194,660,Completed
B102403,P03,L018,SKU512,2023-03-29 11:47:00,8190,7945,45,Completed
B102404,P02,L001,SKU512,2025-01-20 10:07:00,17821,17463,705,Reworked
B102405,P04,L013,SKU501,2023-02-26 22:55:00,2101,2081,164,Scrapped
B102406,P02,L024,SKU501,2025-05-13 11:59:00,11702,11406,443,Reworked
B102407,P03,L026,SKU509,2024-11-13 17:46:00,19679,19654,1290,Completed
B102408,P02,L018,SKU500,2024-08-21 14:29:00,17759,16904,156,Reworked
B102409,P01,L023,SKU511,2024-04-27 16:18:00,12917,12993,408,Completed
B102410,P03,L001,SKU513,2023-03-22 09:44:00,19962,18579,622,Completed
B102411,P01,L015,SKU511,2024-01-09 02:14:00,9241,9087,201,Completed
B102412,P04,L017,SKU503,2024-12-27 23:33:00,13004,13121,142,Completed
B102413,P03,L029,SKU502,2025-03-24 11:25:00,11787,11141,404,Completed
B102414,P02,L010,SKU510,2024-02-07 06:48:00,2851,2716,131,Scrapped
B102415,P02,L008,SKU500,2025-01-25 08:57:00,2729,2594,43,Completed
B102416,P03,L012,SKU508,2024-11-29 22:27:00,18143,17715,1302,Completed
B102417,P02,L006,SKU506,2023-02-21 20:40:00,5125,4926,708,Completed
B102418,P02,L018,SKU511,2024-07-12 03:46:00,8386,7805,219,Completed
B102419,P02,L021,SKU503,2024-07-08 11:29:00,13220,13340,58,Completed
B102420,P02,L026,SKU511,2024-05-03 14:11:00,12359,11623,271,Reworked
B102421,P04,L032,SKU510,2024-11-26 00:58:00,11256,10956,894,Completed
B102422,P01,L003,SKU503,2025-03-11 13:10:00,19625,19222,31,Completed
B102423,P04,L008,SKU505,2024-05-10 10:35:00,16167,14939,160,Completed
B102424,P02,L010,SKU500,2023-10-16 08:21:00,18951,17616,739,Completed
B102425,P03,L008,SKU506,2025-06-03 16:55:00,13857,14094,638,Completed
B102426,P01,L027,SKU503,2025-05-17 06:22:00,19624,19358,686,Completed
B102427,P02,L005,SKU501,2024-09-09 10:37:00,12825,11842,401,Completed
B102428,P04,L001,SKU508,2024-07-30 13:45:00,11751,11744,196,Reworked
B102429,P02,L028,SKU508,2023-04-04 17:29:00,16674,16188,754,Reworked
B102430,P01,L031,SKU501,2023-12-28 10:54:00,17638,16359,1306,Completed
B102431,P03,L008,SKU502,2023-06-28 11:14:00,3228,3189,36,Completed
B102432,P01,L011,SKU501,2024-04-08 09:42:00,18390,17837,1026,Completed
B102433,P02,L017,SKU510,2025-01-13 14:54:00,14435,13576,382,Completed
B102434,P02,L017,SKU505,2023-07-22 01:51:00,18157,18298,1120,Completed
B102435,P03,L032,SKU501,2025-06-16 01:56:00,14880,14123,750,Completed
B102436,P03,L013,SKU502,2023-04-27 13:50:00,18684,17720,877,Completed
B102437,P03,L001,SKU514,2023-03-30 12:07:00,6952,6585,298,Completed
B102438,P04,L014,SKU503,2025-05-27 00:35:00,5377,5359,1089,Completed
B102439,P01,L018,SKU510,2023-04-01 07:06:00,5521,5469,419,Scrapped
B102440,P02,L017,SKU507,2024-10-23 15:58:00,6538,6605,666,Completed
B102441,P01,L017,SKU502,2024-11-18 01:09:00,5849,5515,563,Scrapped
B102442,P01,L030,SKU504,2023-10-25 02:20:00,9949,9935,71,Scrapped
B102443,P01,L026,SKU500,2023-02-27 22:03:00,5566,5439,365,Completed
B102444,P03,L009,SKU511,2023-10-05 15:15:00,4847,4608,107,Completed
B102445,P04,L012,SKU505,2023-03-03 16:53:00,11428,10554,254,Completed
B102446,P04,L022,SKU507,2024-08-28 00:23:00,16280,16310,248,Completed
B102447,P03,L014,SKU502,2025-03-10 22:26:00,4441,4192,15,Completed
B102448,P04,L014,SKU512,2025-06-16 09:01:00,11203,11014,410,Completed
B102449,P01,L006,SKU503,2024-12-21 09:42:00,13867,13518,696,Reworked
B102450,P04,L009,SKU508,2024-11-28 04:05:00,14700,13530,664,Completed
B102451,P04,L024,SKU513,2025-03-04 09:45:00,3891,3966,26,Completed
B102452,P01,L027,SKU510,2024-11-23 21:16:00,15207,15228,129,Completed
B102453,P02,L026,SKU509,2024-08-08 11:05:00,2484,2406,129,Scrapped
B102454,P04,L010,SKU513,2025-06-15 15:05:00,6264,6189,319,Scrapped
B102455,P02,L005,SKU502,2023-10-18 06:47:00,7747,7496,213,Completed
B102456,P04,L006,SKU514,2024-01-07 11:39:00,17354,17257,689,Completed
B102457,P04,L013,SKU508,2025-03-26 16:21:00,5453,5090,276,Scrapped
B102458,P02,L017,SKU506,2023-10-07 22:06:00,16083,15514,753,Completed
B102459,P01,L029,SKU503,2023-09-26 20:25:00,19795,18875,838,Completed
B102460,P02,L029,SKU511,2023-05-17 21:01:00,19278,18621,406,Completed
B102461,P01,L001,SKU514,2023-09-05 23:02:00,7453,7192,374,Completed
B102462,P02,L023,SKU510,2024-06-18 06:41:00,3722,3477,16,Scrapped
B102463,P03,L010,SKU500,2025-03-08 18:14:00,5997,6102,26,Completed
B102464,P02,L007,SKU507,2023-05-03 15:17:00,15838,14595,363,Completed
B102465,P01,L018,SKU510,2024-09-04 17:46:00,5541,5103,34,Completed
B102466,P02,L002,SKU505,2024-11-20 16:56:00,13620,13039,854,Completed
B102467,P03,L011,SKU511,2025-03-17 02:31:00,8729,8572,470,Scrapped
B102468,P01,L018,SKU510,2024-11-06 01:02:00,15803,14822,361,Completed
B102469,P01,L009,SKU501,2023-05-21 07:28:00,12905,12560,218,Completed
B102470,P04,L019,SKU508,2024-03-16 00:31:00,12539,12442,1288,Reworked
B102471,P01,L015,SKU502,2025-05-07 01:36:00,16075,14940,1236,Completed
B102472,P02,L026,SKU507,2025-03-28 13:42:00,19187,19540,1254,Completed
B102473,P01,L006,SKU505,2024-07-05 11:13:00,8562,8165,218,Scrapped
B102474,P01,L002,SKU512,2025-05-16 20:54:00,11519,11337,1253,Completed
B102475,P02,L017,SKU513,2024-08-24 05:33:00,13267,12352,591,Completed
B102476,P03,L009,SKU506,2023-02-28 09:38:00,16815,16662,113,Completed
B102477,P01,L023,SKU508,2025-04-02 15:42:00,10677,10720,864,Completed
B102478,P01,L003,SKU509,2023-06-01 07:57:00,8741,8133,345,Completed
B102479,P01,L019,SKU509,2023-12-09 16:15:00,17236,16074,114,Completed
B102480,P03,L032,SKU509,2023-08-03 06:59:00,19157,18162,193,Completed
B102481,P04,L003,SKU511,2024-10-09 14:49:00,12242,11277,92,Completed
B102482,P01,L010,SKU514,2023-01-27 23:41:00,3862,3933,177,Completed
B102483,P02,L028,SKU512,2024-07-30 07:21:00,7218,7072,221,Scrapped
B102484,P02,L018,SKU502,2025-02-16 22:38:00,10333,10134,180,Completed
B102485,P02,L006,SKU507,2024-12-09 23:27:00,14664,14897,585,Completed
B102486,P01,L007,SKU506,2023-10-04 07:00:00,14055,14100,160,Completed
B102487,P01,L025,SKU507,2025-03-18 05:57:00,16761,16784,151,Reworked
B102488,P03,L028,SKU507,2023-11-22 20:04:00,2539,2422,15,Completed
B102489,P02,L012,SKU510,2024-09-04 01:18:00,10377,9894,380,Completed
B102490,P02,L016,SKU506,2024-04-01 00:06:00,14619,13875,271,Completed
B102491,P02,L026,SKU503,2023-03-02 21:00:00,19769,18872,1323,Completed
B102492,P04,L006,SKU506,2023-01-03 15:24:00,4562,4365,374,Completed
B102493,P03,L007,SKU512,2023-06-14 19:49:00,17823,16646,862,Reworked
B102494,P02,L025,SKU504,2025-04-21 04:30:00,2139,2044,95,Reworked
B102495,P01,L006,SKU500,2025-05-08 13:55:00,5545,5349,100,Reworked
B102496,P04,L025,SKU514,2024-01-05 02:16:00,17245,16398,785,Completed
B102497,P04,L016,SKU502,2025-05-21 18:51:00,16161,15135,880,Completed
B102498,P01,L032,SKU509,2023-02-14 12:14:00,19509,18676,80,Reworked
B102499,P04,L002,SKU512,2025-05-20 16:07:00,12817,12408,256,Completed
B102500,P03,L031,SKU504,2023-07-27 19:47:00,13087,12983,623,Completed
B102501,P01,L008,SKU505,2023-02-03 02:52:00,11626,11522,103,Completed
B102502,P04,L002,SKU504,2024-11-13 01:56:00,11210,10540,405,Scrapped
B102503,P01,L024,SKU502,2023-12-11 04:52:00,11250,10391,111,Reworked
B102504,P01,L018,SKU502,2023-09-21 02:22:00,7265,6904,45,Reworked
B102505,P01,L027,SKU502,2024-11-14 16:55:00,17361,16244,721,Completed
B102506,P02,L004,SKU506,2023-10-27 18:07:00,8419,8078,110,Reworked
B102507,P03,L003,SKU507,2024-11-08 14:20:00,12995,13228,215,Completed
B102508,P02,L019,SKU500,2023-06-25 17:17:00,14046,13176,466,Scrapped
B102509,P01,L029,SKU512,2023-03-19 07:37:00,11678,11116,121,Completed
B102510,P01,L013,SKU510,2023-10-20 10:17:00,13005,12907,314,Scrapped
B102511,P04,L026,SKU501,2024-07-02 12:57:00,2879,2795,50,Reworked
B102512,P04,L029,SKU512,2023-07-22 11:31:00,7687,7105,48,Scrapped
B102513,P04,L028,SKU500,2023-05-09 13:59:00,10069,9426,260,Completed
B102514,P01,L017,SKU508,2024-11-05 05:38:00,9095,9218,672,Completed
B102515,P04,L023,SKU506,2024-03-19 21:19:00,18344,17065,930,Reworked
B102516,P03,L017,SKU507,2024-01-24 07:27:00,18148,17848,352,Reworked
B102517,P03,L022,SKU514,2023-08-04 17:12:00,14811,14799,438,Reworked
B102518,P01,L019,SKU513,2023-01-16 22:13:00,8341,7895,14,Reworked
B102519,P04,L017,SKU504,2023-02-17 20:16:00,2917,2895,97,Completed
B102520,P02,L014,SKU508,2024-09-05 08:18:00,15592,14609,367,Scrapped
B102521,P01,L021,SKU514,2023-03-14 00:25:00,17911,16988,239,Completed
B102522,P01,L025,SKU510,2023-08-11 05:38:00,10813,10285,326,Scrapped
B102523,P02,L030,SKU513,2025-03-30 19:17:00,16880,17211,1331,Completed
B102524,P01,L020,SKU506,2023-11-06 13:52:00,18752,17654,506,Completed
B102525,P02,L004,SKU504,2024-11-01 04:21:00,11840,11045,114,Completed
B102526,P02,L019,SKU507,2023-11-05 23:46:00,5772,5844,180,Scrapped
B102527,P04,L011,SKU512,2025-04-18 15:23:00,2403,2249,132,Scrapped
B102528,P01,L001,SKU513,2025-01-09 16:13:00,15625,15748,1413,Completed
B102529,P03,L003,SKU510,2024-02-27 23:46:00,12123,11941,410,Completed
B102530,P04,L019,SKU510,2024-09-07 23:13:00,4766,4659,300,Completed
B102531,P04,L031,SKU507,2024-01-07 23:07:00,2982,2967,18,Completed
B102532,P04,L017,SKU504,2025-04-29 23:10:00,19450,19306,600,Reworked
B102533,P01,L015,SKU506,2023-11-19 13:35:00,7766,7230,320,Completed
B102534,P04,L003,SKU507,2025-01-22 19:29:00,7887,8044,391,Completed
B102535,P04,L022,SKU512,2024-07-08 16:13:00,13320,13508,619,Reworked
B102536,P02,L002,SKU508,2024-08-02 07:37:00,8559,8641,207,Completed
B102537,P02,L027,SKU511,2023-11-13 09:40:00,18432,18104,487,Completed
B102538,P03,L027,SKU500,2025-01-19 14:03:00,14256,13860,336,Completed
B102539,P02,L032,SKU511,2024-11-02 15:30:00,8440,8217,564,Reworked
B102540,P02,L010,SKU507,2025-01-03 18:18:00,6799,6265,251,Completed
B102541,P04,L006,SKU514,2024-12-22 04:27:00,17480,16954,2340,Completed
B102542,P04,L010,SKU507,2023-05-22 20:20:00,12651,12428,926,Completed
B102543,P02,L026,SKU507,2025-02-27 06:14:00,18530,18268,872,Completed
B102544,P04,L008,SKU501,2025-01-27 15:49:00,8211,7826,532,Reworked
B102545,P02,L029,SKU512,2023-08-07 12:30:00,2378,2299,20,Completed
B102546,P04,L005,SKU510,2025-06-02 11:41:00,18184,17886,1211,Completed
B102547,P03,L002,SKU512,2024-04-19 07:40:00,6309,6074,135,Scrapped
B102548,P02,L008,SKU501,2023-10-17 17:18:00,17218,17497,1334,Reworked
B102549,P01,L025,SKU503,2023-07-21 02:24:00,14777,14637,320,Reworked
B102550,P03,L020,SKU513,2023-11-25 05:52:00,6172,5679,149,Reworked
B102551,P02,L012,SKU500,2023-02-03 19:12:00,15623,14409,1579,Completed
B102552,P01,L021,SKU507,2024-09-13 15:14:00,3468,3429,25,Completed
B102553,P01,L021,SKU506,2024-09-29 01:01:00,9063,8711,285,Completed
B102554,P04,L018,SKU514,2024-08-24 00:00:00,8418,8451,595,Scrapped
B102555,P01,L017,SKU512,2024-05-09 01:59:00,13821,12954,401,Scrapped
B102556,P04,L004,SKU513,2023-11-23 11:16:00,11621,10707,349,Reworked
B102557,P04,L009,SKU504,2024-10-13 12:49:00,13018,12481,1262,Scrapped
B102558,P01,L017,SKU508,2025-02-23 05:51:00,10571,10503,571,Scrapped
B102559,P03,L005,SKU510,2023-03-20 20:39:00,15315,15578,459,Completed
B102560,P03,L016,SKU514,2023-12-11 14:13:00,4881,4921,136,Reworked
B102561,P02,L004,SKU500,2025-06-14 23:21:00,14935,14463,4,Reworked
B102562,P03,L026,SKU514,2025-02-14 18:31:00,2900,2903,106,Completed
B102563,P02,L004,SKU505,2025-06-13 21:55:00,3545,3286,36,Scrapped
B102564,P02,L003,SKU501,2023-06-14 23:08:00,15025,14682,656,Completed
B102565,P02,L021,SKU509,2024-02-23 11:59:00,4848,4908,255,Completed
B102566,P04,L008,SKU511,2023-04-28 07:39:00,15862,15221,432,Completed
B102567,P03,L012,SKU501,2025-02-18 10:52:00,4389,4459,33,Completed
B102568,P02,L011,SKU500,2024-04-11 22:27:00,4640,4371,222,Completed
B102569,P04,L007,SKU513,2023-08-08 05:04:00,18784,17479,167,Completed
B102570,P04,L025,SKU514,2023-03-23 06:59:00,5191,5048,61,Scrapped
B102571,P04,L023,SKU502,2024-10-25 19:25:00,18443,18640,1910,Completed
B102572,P03,L008,SKU513,2024-12-31 15:49:00,8266,7862,186,Completed
B102573,P02,L022,SKU513,2025-03-02 07:16:00,16353,16353,585,Reworked
B102574,P04,L023,SKU514,2025-05-24 05:45:00,18909,17716,204,Completed
B102575,P02,L018,SKU503,2025-01-03 04:47:00,4100,4077,93,Completed
B102576,P02,L019,SKU508,2024-12-08 16:26:00,7948,7754,118,Completed
B102577,P02,L030,SKU514,2024-12-31 14:19:00,12336,11565,201,Completed
B102578,P04,L015,SKU513,2025-06-17 19:54:00,17579,17435,599,Completed
B102579,P03,L013,SKU509,2024-02-21 17:22:00,5370,5323,417,Completed
B102580,P02,L018,SKU502,2024-11-13 17:15:00,5361,5208,194,Scrapped
B102581,P02,L027,SKU501,2025-01-07 23:46:00,8630,8134,553,Reworked
B102582,P02,L023,SKU503,2023-04-15 15:40:00,5682,5302,94,Reworked
B102583,P03,L003,SKU500,2024-09-13 15:13:00,6807,6914,65,Completed
B102584,P02,L015,SKU502,2023-11-01 22:47:00,4337,4274,210,Completed
B102585,P03,L024,SKU501,2023-04-30 04:57:00,16920,16935,422,Completed
B102586,P02,L008,SKU511,2023-06-03 07:51:00,16340,16171,1248,Scrapped
B102587,P02,L032,SKU508,2023-04-13 18:22:00,4600,4613,79,Completed
B102588,P04,L026,SKU507,2025-03-18 23:17:00,11661,10917,208,Reworked
B102589,P02,L028,SKU512,2024-11-25 17:31:00,13631,13217,1276,Scrapped
B102590,P01,L003,SKU506,2023-04-02 22:25:00,13295,13118,628,Completed
B102591,P02,L019,SKU506,2024-07-16 22:01:00,19710,18336,2101,Completed
B102592,P03,L017,SKU503,2024-08-17 09:16:00,13542,12661,836,Completed
B102593,P01,L021,SKU506,2024-04-12 10:31:00,14366,14127,230,Completed
B102594,P02,L028,SKU502,2024-06-29 11:57:00,2591,2608,14,Scrapped
B102595,P01,L012,SKU508,2025-03-27 12:51:00,3426,3378,272,Reworked
B102596,P03,L018,SKU514,2024-04-11 23:13:00,13140,12136,576,Reworked
B102597,P03,L022,SKU507,2024-08-16 15:09:00,18341,18653,151,Completed
B102598,P04,L025,SKU504,2024-05-28 23:43:00,9182,8575,483,Scrapped
B102599,P02,L025,SKU510,2023-12-23 12:46:00,13575,12804,679,Reworked
B102600,P04,L011,SKU512,2025-03-12 18:28:00,5781,5882,98,Scrapped
B102601,P01,L032,SKU507,2024-01-08 12:55:00,10213,10183,58,Completed
B102602,P04,L001,SKU503,2024-12-20 22:56:00,15523,15735,1208,Completed
B102603,P03,L016,SKU510,2024-06-28 17:16:00,13874,13883,1348,Scrapped
B102604,P04,L020,SKU502,2024-09-08 11:03:00,4055,3994,122,Completed
B102605,P04,L002,SKU514,2024-11-15 05:56:00,17822,16903,661,Completed
B102606,P03,L015,SKU504,2024-10-24 08:15:00,18688,17803,364,Completed
B102607,P02,L020,SKU505,2024-05-22 22:01:00,10588,10743,628,Completed
B102608,P03,L020,SKU510,2024-07-07 22:28:00,8133,8182,10,Completed
B102609,P04,L004,SKU500,2024-04-02 21:14:00,11563,11053,263,Completed
B102610,P04,L009,SKU503,2023-11-02 05:14:00,16424,15723,909,Scrapped
B102611,P04,L008,SKU501,2024-10-16 05:03:00,10144,9634,273,Scrapped
B102612,P01,L021,SKU505,2025-03-01 23:49:00,2542,2421,183,Completed
B102613,P03,L011,SKU508,2024-09-26 17:42:00,3306,3326,164,Scrapped
B102614,P01,L019,SKU502,2024-11-25 22:51:00,16608,15296,862,Completed
B102615,P03,L024,SKU505,2025-01-17 07:29:00,16167,15578,457,Completed
B102616,P04,L026,SKU511,2023-11-27 14:59:00,15896,16123,1026,Reworked
B102617,P01,L006,SKU514,2023-02-26 07:07:00,4275,4164,94,Completed
B102618,P03,L029,SKU500,2023-10-31 19:32:00,5072,4894,522,Completed
B102619,P04,L006,SKU509,2024-11-10 10:57:00,9102,8658,107,Completed
B102620,P04,L001,SKU500,2025-01-04 03:34:00,6155,5708,792,Reworked
B102621,P02,L002,SKU507,2024-04-07 09:13:00,8962,8446,557,Completed
B102622,P01,L007,SKU513,2024-12-01 17:32:00,12052,11196,104,Completed
B102623,P04,L028,SKU511,2023-03-09 05:22:00,7040,6565,434,Completed
B102624,P04,L007,SKU503,2024-08-02 17:07:00,4222,3953,212,Scrapped
B102625,P03,L023,SKU503,2024-09-03 02:36:00,9245,8784,175,Scrapped
B102626,P04,L014,SKU511,2024-04-02 01:20:00,15006,13822,327,Scrapped
B102627,P01,L002,SKU512,2024-10-06 21:16:00,13124,13321,347,Completed
B102628,P03,L015,SKU504,2024-03-18 07:41:00,7786,7259,172,Completed
B102629,P01,L001,SKU500,2024-04-16 06:20:00,7604,7287,861,Scrapped
B102630,P04,L016,SKU506,2024-06-27 13:40:00,12506,12605,42,Completed
B102631,P03,L018,SKU509,2024-12-15 10:03:00,5105,4751,43,Completed
B102632,P04,L017,SKU506,2023-08-12 20:02:00,17005,16466,180,Completed
B102633,P03,L010,SKU514,2023-09-28 05:21:00,17648,17727,1500,Scrapped
B102634,P01,L025,SKU512,2024-01-12 23:00:00,2457,2397,102,Scrapped
B102635,P01,L020,SKU511,2023-07-01 17:11:00,19474,18325,239,Completed
B102636,P02,L009,SKU500,2023-10-28 19:13:00,2421,2405,73,Completed
B102637,P03,L014,SKU512,2023-11-12 15:51:00,10254,10132,487,Completed
B102638,P01,L004,SKU511,2023-10-10 19:31:00,14011,13397,156,Completed
B102639,P04,L030,SKU505,2024-01-05 01:05:00,7886,7291,351,Reworked
B102640,P01,L025,SKU508,2024-03-30 07:18:00,5665,5216,272,Scrapped
B102641,P02,L010,SKU512,2024-09-18 08:09:00,2854,2861,8,Completed
B102642,P01,L022,SKU513,2023-09-30 15:30:00,15093,14370,817,Scrapped
B102643,P02,L022,SKU508,2025-01-30 23:13:00,2663,2486,176,Scrapped
B102644,P02,L020,SKU500,2024-03-07 11:37:00,10715,10413,524,Scrapped
B102645,P01,L002,SKU509,2024-10-10 19:49:00,9071,9180,102,Reworked
B102646,P03,L029,SKU510,2023-04-14 07:49:00,19418,17881,698,Completed
B102647,P04,L031,SKU500,2023-06-06 14:07:00,18744,17349,211,Scrapped
B102648,P04,L032,SKU512,2024-02-13 04:59:00,16715,16074,681,Reworked
B102649,P02,L032,SKU503,2023-11-26 14:17:00,15152,14964,1571,Scrapped
B102650,P04,L030,SKU513,2024-03-22 12:14:00,11772,11390,263,Completed
B102651,P04,L024,SKU508,2023-05-23 13:44:00,8286,8366,364,Completed
B102652,P04,L002,SKU504,2024-03-02 05:56:00,4999,4621,179,Completed
B102653,P02,L015,SKU500,2024-09-10 01:14:00,19424,18530,407,Completed
B102654,P04,L008,SKU500,2024-10-17 14:37:00,8928,8527,596,Completed
B102655,P03,L008,SKU511,2023-08-12 08:30:00,9717,9270,207,Reworked
B102656,P01,L027,SKU505,2023-11-06 23:41:00,4541,4399,46,Reworked
B102657,P02,L027,SKU512,2024-04-17 20:21:00,6982,6975,173,Completed
B102658,P03,L017,SKU503,2024-04-11 04:19:00,13422,12774,542,Completed
B102659,P01,L024,SKU513,2024-12-13 15:31:00,9674,9620,602,Completed
B102660,P02,L005,SKU514,2023-12-18 06:15:00,12545,11725,1158,Completed
B102661,P04,L008,SKU501,2024-08-26 20:17:00,5807,5668,480,Completed
B102662,P01,L028,SKU509,2025-03-06 09:05:00,3477,3329,11,Completed
B102663,P02,L015,SKU514,2023-09-26 12:52:00,17941,17473,650,Reworked
B102664,P01,L018,SKU504,2025-01-10 16:12:00,9776,9099,255,Completed
B102665,P03,L015,SKU501,2023-10-27 13:55:00,8501,8631,1241,Completed
B102666,P01,L007,SKU513,2023-10-28 22:52:00,7149,7224,222,Completed
B102667,P04,L027,SKU507,2024-08-11 00:40:00,13843,13879,1070,Completed
B102668,P01,L025,SKU500,2024-07-13 14:34:00,12135,12247,839,Reworked
B102669,P04,L022,SKU512,2024-05-09 12:30:00,9002,8413,147,Scrapped
B102670,P04,L012,SKU510,2023-07-28 02:29:00,18756,18200,1103,Completed
B102671,P04,L021,SKU501,2023-03-28 18:05:00,18231,17352,30,Scrapped
B102672,P04,L031,SKU503,2025-03-29 01:12:00,5573,5621,133,Reworked
B102673,P01,L021,SKU500,2025-02-25 14:13:00,13562,12733,300,Completed
B102674,P04,L016,SKU514,2025-03-09 00:05:00,19430,18302,469,Completed
B102675,P03,L009,SKU500,2024-04-06 08:26:00,10788,10665,142,Completed
B102676,P04,L017,SKU511,2025-03-07 02:01:00,2543,2362,34,Completed
B102677,P04,L012,SKU507,2024-03-02 00:35:00,4378,4348,385,Reworked
B102678,P03,L020,SKU508,2023-03-09 22:49:00,14018,13272,541,Scrapped
B102679,P02,L002,SKU512,2023-06-28 14:17:00,18234,17980,51,Completed
B102680,P01,L007,SKU513,2023-09-03 08:12:00,4311,4342,126,Scrapped
B102681,P01,L026,SKU501,2023-12-06 07:03:00,11842,11616,256,Reworked
B102682,P02,L013,SKU500,2025-04-25 03:33:00,10943,10300,420,Completed
B102683,P04,L014,SKU501,2023-10-27 13:01:00,7130,6594,730,Reworked
B102684,P03,L018,SKU510,2024-07-05 08:31:00,13370,12360,163,Scrapped
B102685,P02,L015,SKU508,2023-09-01 15:53:00,17802,16535,84,Completed
B102686,P01,L025,SKU501,2024-08-01 22:42:00,6306,6167,92,Completed
B102687,P03,L008,SKU503,2024-05-25 15:58:00,2979,2844,51,Completed
B102688,P03,L025,SKU508,2023-05-16 09:16:00,8462,7990,22,Reworked
B102689,P04,L007,SKU510,2024-02-21 01:08:00,7653,7208,339,Completed
B102690,P03,L012,SKU505,2023-04-05 20:32:00,15089,15313,243,Completed
B102691,P03,L019,SKU514,2025-03-11 06:40:00,11662,10867,300,Completed
B102692,P04,L029,SKU514,2024-09-25 17:13:00,2322,2207,64,Completed
B102693,P02,L008,SKU511,2025-04-27 05:01:00,8116,7849,958,Completed
B102694,P04,L019,SKU506,2025-02-27 01:25:00,15231,14013,388,Scrapped
B102695,P02,L003,SKU513,2023-07-17 12:37:00,10581,10708,441,Completed
B102696,P01,L003,SKU510,2024-09-28 12:05:00,12131,11280,731,Scrapped
B102697,P02,L025,SKU507,2023-04-01 02:16:00,6757,6677,446,Scrapped
B102698,P01,L024,SKU506,2025-05-14 12:57:00,7748,7615,879,Scrapped
B102699,P01,L013,SKU512,2024-12-07 19:17:00,4341,4344,169,Reworked
B102700,P04,L020,SKU508,2024-09-04 10:23:00,3469,3417,72,Completed
B102701,P04,L013,SKU502,2025-06-14 09:00:00,2663,2654,59,Completed
B102702,P01,L009,SKU514,2025-02-01 05:12:00,13239,12737,561,Scrapped
B102703,P04,L014,SKU501,2025-02-16 05:45:00,4837,4686,76,Completed
B102704,P01,L010,SKU510,2023-04-01 02:44:00,12327,12205,18,Completed
B102705,P02,L027,SKU509,2023-01-22 07:51:00,19153,18709,234,Completed
B102706,P03,L014,SKU508,2025-05-14 23:57:00,14549,14129,895,Completed
B102707,P02,L011,SKU500,2023-08-15 03:17:00,12357,11622,338,Completed
B102708,P03,L018,SKU507,2024-01-19 18:15:00,4103,3880,180,Reworked
B102709,P04,L025,SKU513,2023-02-09 00:11:00,10801,10324,57,Completed
B102710,P01,L009,SKU503,2024-07-14 18:10:00,18041,16614,63,Completed
B102711,P01,L031,SKU510,2025-01-08 16:50:00,8917,8575,100,Completed
B102712,P04,L015,SKU512,2025-01-27 13:42:00,16871,15525,618,Completed
B102713,P03,L022,SKU514,2024-06-07 06:23:00,14751,14404,1041,Completed
B102714,P03,L031,SKU507,2024-08-18 04:38:00,6801,6735,48,Completed
B102715,P02,L014,SKU504,2024-04-07 08:19:00,4542,4433,218,Completed
B102716,P02,L007,SKU510,2024-02-06 12:44:00,2305,2280,112,Scrapped
B102717,P03,L024,SKU507,2024-05-14 00:07:00,6970,6412,631,Completed
B102718,P03,L001,SKU509,2025-04-22 07:19:00,7992,7400,254,Completed
B102719,P01,L015,SKU511,2023-08-16 04:56:00,13806,13665,136,Reworked
B102720,P03,L032,SKU510,2024-02-28 04:08:00,12306,12309,344,Completed
B102721,P03,L014,SKU503,2024-06-25 11:23:00,10623,10535,538,Scrapped
B102722,P01,L022,SKU511,2024-05-28 03:08:00,15012,14806,1477,Completed
B102723,P02,L017,SKU508,2023-01-28 14:24:00,15861,15714,153,Reworked
B102724,P04,L007,SKU513,2023-09-16 14:26:00,14842,14752,1127,Scrapped
B102725,P03,L011,SKU509,2024-08-04 09:51:00,18147,18009,747,Scrapped
B102726,P01,L017,SKU513,2024-09-16 16:28:00,8475,8422,480,Scrapped
B102727,P01,L004,SKU514,2024-10-22 23:46:00,16820,15598,436,Completed
B102728,P03,L014,SKU514,2025-06-11 05:34:00,9573,8867,1718,Scrapped
B102729,P02,L014,SKU511,2024-08-28 17:22:00,5315,5081,104,Completed
B102730,P04,L027,SKU508,2024-06-05 16:48:00,4624,4498,22,Scrapped
B102731,P03,L004,SKU501,2023-10-26 21:44:00,3646,3632,154,Scrapped
B102732,P04,L027,SKU505,2023-11-30 09:03:00,19200,18306,686,Completed
B102733,P01,L014,SKU507,2025-01-13 15:16:00,5049,4783,105,Completed
B102734,P02,L021,SKU511,2024-02-26 20:00:00,17034,17002,342,Reworked
B102735,P01,L018,SKU508,2024-10-05 23:45:00,16103,15216,1065,Completed
B102736,P03,L010,SKU506,2023-04-22 17:05:00,9906,9926,1074,Completed
B102737,P01,L030,SKU502,2023-04-26 11:13:00,18448,17298,224,Scrapped
B102738,P02,L008,SKU510,2023-07-13 22:15:00,18349,17540,293,Completed
B102739,P02,L002,SKU506,2023-06-25 15:06:00,18658,17913,729,Reworked
B102740,P01,L025,SKU500,2024-06-30 06:59:00,10943,10395,517,Scrapped
B102741,P01,L020,SKU504,2024-07-27 09:32:00,7367,6780,589,Scrapped
B102742,P03,L029,SKU513,2024-05-17 02:39:00,2788,2630,34,Scrapped
B102743,P04,L015,SKU501,2023-09-18 11:23:00,17126,16334,700,Completed
B102744,P01,L001,SKU506,2024-06-03 00:05:00,17713,16851,361,Completed
B102745,P02,L001,SKU507,2023-04-18 11:45:00,11652,11635,558,Reworked
B102746,P01,L014,SKU501,2024-03-01 13:14:00,3276,3029,224,Completed
B102747,P04,L008,SKU502,2023-05-20 11:19:00,16810,16119,658,Completed
B102748,P02,L030,SKU514,2023-03-11 01:46:00,7369,6807,38,Completed
B102749,P04,L004,SKU508,2023-05-30 01:19:00,11870,12025,666,Completed
B102750,P01,L029,SKU503,2023-04-11 00:31:00,13870,13856,108,Completed
B102751,P01,L007,SKU502,2024-03-06 00:17:00,4626,4710,75,Scrapped
B102752,P03,L004,SKU506,2024-05-06 05:45:00,3129,3163,227,Completed
B102753,P03,L009,SKU510,2024-06-30 15:31:00,3425,3259,136,Completed
B102754,P04,L005,SKU510,2024-01-31 17:51:00,19263,19054,165,Reworked
B102755,P04,L013,SKU502,2023-06-08 18:17:00,19229,18280,580,Reworked
B102756,P04,L011,SKU510,2023-01-19 19:13:00,9682,9767,252,Completed
B102757,P03,L017,SKU513,2024-10-03 05:55:00,9664,9287,83,Scrapped
B102758,P02,L018,SKU503,2025-06-03 11:23:00,9322,8926,494,Completed
B102759,P02,L001,SKU500,2023-09-10 21:52:00,8309,8403,458,Scrapped
B102760,P01,L004,SKU514,2023-07-04 05:36:00,11788,11831,352,Scrapped
B102761,P02,L006,SKU507,2023-10-08 09:39:00,8413,8553,443,Completed
B102762,P02,L007,SKU511,2023-07-12 22:47:00,13090,12129,620,Reworked
B102763,P01,L003,SKU504,2023-07-21 03:34:00,8820,8329,493,Completed
B102764,P01,L011,SKU504,2024-03-21 01:58:00,13338,12672,596,Completed
B102765,P03,L018,SKU503,2024-12-07 16:27:00,19009,18294,1292,Scrapped
B102766,P02,L010,SKU503,2024-10-03 01:34:00,5704,5517,175,Completed
B102767,P04,L011,SKU507,2025-05-13 19:58:00,3128,2968,1,Completed
B102768,P02,L016,SKU501,2023-11-18 14:54:00,11479,11468,149,Reworked
B102769,P04,L018,SKU512,2024-03-19 05:59:00,4143,3904,178,Completed
B102770,P03,L011,SKU507,2023-12-09 06:40:00,6164,6100,507,Completed
B102771,P01,L008,SKU513,2023-02-07 19:51:00,16213,16296,2197,Completed
B102772,P01,L014,SKU507,2023-12-16 15:28:00,9522,9335,335,Completed
B102773,P03,L001,SKU504,2023-08-23 12:17:00,11889,11358,227,Completed
B102774,P03,L016,SKU507,2024-03-06 20:25:00,15970,14992,94,Completed
B102775,P02,L031,SKU502,2023-05-23 05:53:00,4313,4025,224,Scrapped
B102776,P03,L013,SKU512,2024-10-29 11:42:00,10615,10555,277,Completed
B102777,P04,L004,SKU510,2025-01-28 11:39:00,2620,2533,51,Completed
B102778,P02,L023,SKU502,2025-05-14 17:31:00,10984,10156,277,Completed
B102779,P01,L005,SKU508,2023-03-18 08:50:00,6036,6146,211,Reworked
B102780,P02,L007,SKU508,2023-04-16 20:52:00,18402,18165,645,Completed
B102781,P04,L005,SKU503,2025-05-19 19:53:00,6694,6723,96,Completed
B102782,P04,L029,SKU501,2025-02-02 09:30:00,5603,5400,87,Reworked
B102783,P04,L032,SKU511,2024-06-13 15:53:00,2255,2290,74,Completed
B102784,P04,L019,SKU503,2023-10-17 09:09:00,4399,4134,161,Completed
B102785,P01,L020,SKU507,2024-04-10 23:10:00,5889,5526,237,Completed
B102786,P02,L021,SKU503,2024-04-27 02:04:00,6104,6159,202,Completed
B102787,P01,L020,SKU509,2025-02-01 14:46:00,15289,15429,54,Scrapped
B102788,P01,L018,SKU500,2024-04-21 10:59:00,17975,17433,197,Reworked
B102789,P04,L032,SKU505,2023-01-25 19:01:00,17397,16224,171,Completed
B102790,P04,L024,SKU508,2024-09-21 15:08:00,19214,18263,723,Completed
B102791,P01,L003,SKU506,2024-11-30 10:29:00,18168,18084,3720,Completed
B102792,P03,L013,SKU509,2023-09-26 06:21:00,10198,10244,359,Completed
B102793,P03,L032,SKU502,2023-04-15 22:38:00,9018,8610,394,Completed
B102794,P01,L013,SKU506,2023-05-08 23:42:00,13687,12675,271,Completed
B102795,P04,L007,SKU511,2025-01-26 16:48:00,7749,7644,150,Completed
B102796,P04,L028,SKU505,2024-02-07 18:55:00,12866,12788,80,Reworked
B102797,P03,L020,SKU502,2024-04-21 06:12:00,19997,19245,396,Completed
B102798,P03,L019,SKU512,2025-05-14 13:23:00,5566,5445,485,Completed
B102799,P02,L014,SKU511,2023-02-25 00:23:00,15848,16144,783,Completed
B102800,P04,L004,SKU510,2023-07-05 08:17:00,18838,17792,529,Scrapped
B102801,P02,L013,SKU511,2025-01-19 22:05:00,11672,11407,728,Completed
B102802,P04,L014,SKU511,2024-05-01 03:03:00,8408,8249,54,Scrapped
B102803,P01,L030,SKU511,2023-01-25 13:59:00,6585,6419,96,Reworked
B102804,P01,L010,SKU507,2024-09-24 14:21:00,5023,5057,199,Completed
B102805,P04,L005,SKU500,2023-05-05 12:48:00,7783,7631,301,Completed
B102806,P02,L014,SKU508,2024-12-04 22:19:00,15437,14986,304,Reworked
B102807,P02,L032,SKU504,2024-12-19 01:00:00,11276,10512,1316,Reworked
B102808,P04,L016,SKU511,2025-01-11 23:11:00,5986,5928,174,Completed
B102809,P01,L013,SKU507,2024-02-23 09:12:00,11757,10971,211,Scrapped
B102810,P03,L022,SKU513,2023-08-30 00:59:00,16563,15281,724,Scrapped
B102811,P02,L021,SKU508,2025-03-04 05:59:00,2246,2176,51,Scrapped
B102812,P01,L010,SKU508,2024-05-17 21:21:00,2370,2316,222,Completed
B102813,P04,L031,SKU513,2024-07-25 21:16:00,19269,19652,85,Reworked
B102814,P01,L019,SKU507,2023-05-03 20:49:00,15468,15332,208,Completed
B102815,P01,L002,SKU505,2024-07-15 04:13:00,12360,12420,1227,Completed
B102816,P03,L014,SKU505,2024-06-06 02:00:00,18308,17477,434,Completed
B102817,P04,L030,SKU513,2023-09-21 00:16:00,12604,12237,362,Completed
B102818,P01,L013,SKU511,2024-11-21 04:02:00,11372,11570,350,Reworked
B102819,P03,L019,SKU502,2023-05-01 07:29:00,5806,5583,45,Completed
B102820,P03,L020,SKU507,2024-10-09 10:36:00,16591,16603,200,Scrapped
B102821,P04,L023,SKU505,2025-05-15 01:19:00,15769,15336,460,Completed
B102822,P01,L028,SKU509,2024-05-25 12:44:00,7320,6898,21,Scrapped
B102823,P04,L005,SKU500,2023-04-05 07:37:00,15270,14934,172,Reworked
B102824,P03,L017,SKU510,2024-05-12 23:27:00,15087,14209,958,Completed
B102825,P04,L018,SKU511,2024-04-21 02:37:00,3712,3416,35,Completed
B102826,P02,L005,SKU503,2024-05-11 23:13:00,4887,4611,261,Completed
B102827,P04,L022,SKU502,2023-09-03 07:28:00,12709,11937,222,Completed
B102828,P03,L004,SKU509,2024-07-17 11:27:00,13224,12656,98,Completed
B102829,P01,L015,SKU503,2023-08-26 17:26:00,13847,13969,563,Completed
B102830,P04,L011,SKU514,2024-05-17 01:54:00,8717,8357,342,Completed
B102831,P04,L005,SKU511,2024-06-19 03:03:00,17040,17116,145,Reworked
B102832,P02,L027,SKU514,2024-08-04 06:52:00,10021,9776,456,Reworked
B102833,P03,L008,SKU508,2024-12-19 03:22:00,5709,5256,74,Completed
B102834,P02,L009,SKU514,2025-03-05 06:46:00,4072,3823,127,Completed
B102835,P03,L028,SKU500,2024-11-30 11:04:00,17797,18030,1227,Completed
B102836,P04,L029,SKU504,2024-12-17 06:46:00,14728,14439,410,Reworked
B102837,P04,L002,SKU500,2025-02-20 22:06:00,10306,10439,567,Completed
B102838,P01,L009,SKU510,2023-08-07 05:29:00,5767,5484,25,Completed
B102839,P04,L023,SKU507,2023-09-21 14:41:00,3737,3705,14,Scrapped
B102840,P02,L025,SKU504,2024-04-24 17:58:00,4750,4736,32,Completed
B102841,P03,L032,SKU504,2024-02-24 04:13:00,3901,3969,62,Reworked
B102842,P04,L018,SKU509,2024-09-23 21:54:00,11529,10627,732,Completed
B102843,P02,L001,SKU502,2023-01-09 09:37:00,5560,5644,119,Completed
B102844,P02,L028,SKU507,2023-05-06 02:02:00,4300,4124,94,Completed
B102845,P02,L006,SKU509,2024-11-03 04:07:00,7089,7115,52,Scrapped
B102846,P04,L004,SKU503,2025-01-09 18:28:00,14589,14216,1468,Completed
B102847,P02,L022,SKU503,2023-09-30 02:36:00,10935,10677,181,Completed
B102848,P02,L020,SKU505,2023-10-07 20:16:00,4766,4555,25,Scrapped
B102849,P02,L002,SKU508,2024-05-20 08:15:00,15477,15521,439,Completed
B102850,P01,L006,SKU503,2024-03-05 09:44:00,10812,10232,534,Completed
B102851,P02,L019,SKU505,2023-06-02 08:53:00,5361,5196,211,Completed
B102852,P01,L009,SKU508,2024-03-26 09:56:00,14442,14095,693,Reworked
B102853,P01,L022,SKU502,2025-01-07 11:01:00,19867,19752,472,Completed
B102854,P03,L014,SKU508,2024-10-18 14:08:00,11724,11339,308,Completed
B102855,P01,L019,SKU502,2025-01-05 13:04:00,4907,4848,176,Reworked
B102856,P03,L016,SKU502,2024-08-02 10:30:00,7572,7333,149,Completed
B102857,P04,L012,SKU503,2025-02-28 16:58:00,12788,12608,724,Completed
B102858,P03,L011,SKU504,2023-08-13 20:08:00,19989,19737,207,Reworked
B102859,P02,L023,SKU500,2023-02-11 08:14:00,18720,18550,675,Scrapped
B102860,P01,L017,SKU514,2023-04-13 15:15:00,18797,18840,2077,Reworked
B102861,P04,L020,SKU504,2025-06-12 05:06:00,16985,16544,673,Completed
B102862,P04,L019,SKU512,2024-07-30 11:12:00,12346,11596,577,Completed
B102863,P03,L007,SKU513,2023-08-12 00:02:00,13662,13497,167,Completed
B102864,P01,L030,SKU512,2025-02-07 16:30:00,15210,14110,377,Completed
B102865,P01,L019,SKU512,2023-10-06 11:46:00,14878,14013,84,Completed
B102866,P02,L023,SKU501,2024-06-21 13:13:00,13497,13486,506,Completed
B102867,P01,L029,SKU505,2023-08-13 09:39:00,4415,4253,149,Reworked
B102868,P04,L030,SKU511,2023-03-27 09:36:00,17835,17296,1151,Scrapped
B102869,P01,L022,SKU508,2023-08-29 18:42:00,2173,2213,10,Completed
B102870,P02,L026,SKU500,2023-07-25 08:31:00,9667,9120,195,Completed
B102871,P04,L016,SKU508,2024-05-12 09:29:00,9814,9048,453,Completed
B102872,P04,L024,SKU512,2023-01-19 14:57:00,19928,18555,811,Completed
B102873,P01,L011,SKU512,2023-08-04 19:54:00,3611,3410,107,Completed
B102874,P02,L023,SKU505,2024-05-25 23:50:00,10564,10485,127,Completed
B102875,P03,L003,SKU503,2023-12-21 09:27:00,8439,8418,138,Completed
B102876,P03,L030,SKU504,2024-07-26 08:15:00,3758,3669,202,Completed
B102877,P04,L008,SKU504,2024-08-13 01:06:00,6027,5698,288,Completed
B102878,P04,L022,SKU505,2025-05-18 20:06:00,9597,9329,476,Completed
B102879,P04,L001,SKU504,2025-01-22 10:09:00,18494,17042,1338,Scrapped
B102880,P01,L005,SKU506,2023-07-25 09:37:00,8987,8880,142,Completed
B102881,P01,L032,SKU500,2024-09-15 11:12:00,17841,17509,626,Completed
B102882,P03,L027,SKU504,2024-07-18 12:19:00,15207,14023,117,Scrapped
B102883,P01,L008,SKU504,2024-06-18 21:22:00,16740,16768,797,Completed
B102884,P02,L005,SKU502,2024-12-20 01:59:00,17367,17303,1271,Completed
B102885,P01,L027,SKU513,2023-05-13 22:56:00,14850,14119,594,Reworked
B102886,P04,L032,SKU510,2023-12-04 15:48:00,15201,14950,180,Completed
B102887,P01,L006,SKU513,2025-01-04 12:05:00,4773,4678,230,Scrapped
B102888,P01,L022,SKU508,2025-03-13 22:44:00,14906,13926,151,Completed
B102889,P01,L010,SKU501,2023-02-03 13:08:00,2870,2695,137,Reworked
B102890,P01,L024,SKU513,2024-02-29 07:42:00,15273,15094,372,Completed
B102891,P03,L014,SKU506,2023-08-26 18:32:00,13769,13952,409,Completed
B102892,P02,L005,SKU510,2023-06-01 03:48:00,15624,15274,90,Completed
B102893,P04,L011,SKU505,2023-02-21 08:28:00,13560,13245,65,Scrapped
B102894,P02,L018,SKU507,2024-04-29 05:52:00,8636,8503,194,Reworked
B102895,P03,L026,SKU507,2024-08-23 16:27:00,8649,8338,271,Completed
B102896,P03,L001,SKU504,2024-04-23 03:12:00,12730,11780,176,Completed
B102897,P03,L031,SKU508,2023-11-28 12:48:00,10508,10084,344,Completed
B102898,P04,L021,SKU511,2024-11-25 04:15:00,8130,8211,293,Reworked
B102899,P01,L029,SKU500,2024-08-09 20:14:00,10804,10809,36,Completed
B102900,P03,L030,SKU501,2025-03-28 14:02:00,11658,11806,6,Completed
B102901,P04,L005,SKU512,2023-11-09 07:52:00,6318,5909,227,Completed
B102902,P04,L003,SKU508,2023-08-04 01:42:00,13487,13090,171,Completed
B102903,P03,L025,SKU514,2024-02-15 03:59:00,7654,7489,14,Completed
B102904,P03,L007,SKU509,2024-04-01 04:23:00,6819,6416,34,Scrapped
B102905,P04,L005,SKU509,2024-02-17 03:57:00,9531,8960,375,Scrapped
B102906,P03,L015,SKU513,2025-01-19 03:59:00,3859,3852,108,Completed
B102907,P04,L030,SKU509,2023-02-11 00:32:00,12857,12692,373,Completed
B102908,P01,L026,SKU504,2024-04-19 23:47:00,15200,14967,550,Reworked
B102909,P02,L017,SKU507,2024-01-23 04:53:00,19204,18180,227,Completed
B102910,P01,L007,SKU503,2023-07-09 18:39:00,7104,6895,585,Reworked
B102911,P01,L011,SKU505,2024-07-30 22:59:00,11692,10783,432,Completed
B102912,P02,L023,SKU510,2024-12-22 04:47:00,11063,10321,252,Completed
B102913,P01,L006,SKU502,2024-05-06 10:43:00,15160,14732,648,Completed
B102914,P02,L017,SKU510,2023-03-18 10:57:00,13247,12597,312,Completed
B102915,P02,L001,SKU508,2023-03-09 18:07:00,16526,16799,781,Reworked
B102916,P03,L011,SKU504,2024-01-15 11:13:00,17311,16742,378,Scrapped
B102917,P04,L008,SKU500,2024-08-24 06:00:00,4043,3753,163,Scrapped
B102918,P04,L022,SKU510,2023-10-10 03:48:00,8390,7733,873,Completed
B102919,P02,L030,SKU512,2023-10-05 23:26:00,13756,13653,899,Reworked
B102920,P02,L005,SKU510,2025-02-13 02:22:00,11787,11046,162,Reworked
B102921,P04,L026,SKU506,2023-01-13 23:47:00,10677,10023,36,Scrapped
B102922,P01,L021,SKU509,2023-03-13 18:15:00,5116,4923,287,Reworked
B102923,P03,L032,SKU506,2023-05-21 00:51:00,12303,11643,678,Completed
B102924,P02,L030,SKU505,2025-06-04 05:33:00,15330,15048,702,Completed
B102925,P01,L004,SKU504,2024-03-23 19:17:00,2691,2606,112,Completed
B102926,P03,L024,SKU503,2023-05-23 11:01:00,12648,11777,292,Completed
B102927,P02,L019,SKU514,2023-10-07 08:40:00,18311,18283,394,Completed
B102928,P01,L004,SKU509,2025-05-22 11:27:00,12327,11865,1053,Completed
B102929,P03,L009,SKU502,2024-09-16 22:40:00,19150,18787,437,Reworked
B102930,P01,L030,SKU512,2023-07-21 07:46:00,8346,7681,128,Completed
B102931,P03,L018,SKU502,2023-08-05 14:06:00,2062,2026,42,Completed
B102932,P01,L011,SKU508,2023-03-09 11:02:00,14277,13538,32,Completed
B102933,P02,L011,SKU502,2024-11-26 12:23:00,5830,5651,76,Completed
B102934,P04,L027,SKU505,2023-05-04 15:55:00,2174,2064,54,Completed
B102935,P01,L010,SKU509,2023-09-15 19:54:00,5243,5345,103,Completed
B102936,P04,L006,SKU514,2023-11-10 12:50:00,18812,17741,354,Completed
B102937,P03,L019,SKU514,2024-07-12 18:39:00,16063,16244,840,Completed
B102938,P04,L032,SKU513,2024-06-29 16:29:00,6950,7031,383,Completed
B102939,P01,L006,SKU503,2024-12-20 07:04:00,12765,12281,1308,Reworked
B102940,P03,L009,SKU501,2023-09-25 13:02:00,8108,7705,255,Completed
B102941,P04,L016,SKU513,2023-12-14 00:00:00,5192,4974,162,Scrapped
B102942,P04,L007,SKU513,2023-12-16 18:22:00,19790,20164,679,Completed
B102943,P01,L021,SKU504,2023-02-12 02:59:00,16651,16349,251,Completed
B102944,P04,L009,SKU500,2024-10-25 19:34:00,8542,8323,509,Completed
B102945,P01,L005,SKU509,2024-04-26 21:37:00,8362,7723,183,Completed
B102946,P03,L009,SKU501,2024-03-04 02:41:00,16680,16759,221,Completed
B102947,P02,L030,SKU500,2025-06-14 20:50:00,10295,9557,244,Completed
B102948,P03,L030,SKU514,2023-06-10 23:04:00,8785,8123,528,Completed
B102949,P03,L017,SKU507,2025-05-22 02:13:00,8971,8499,232,Completed
B102950,P01,L013,SKU501,2024-09-04 08:02:00,10042,9716,302,Scrapped
B102951,P03,L027,SKU509,2023-07-18 22:04:00,11384,11492,239,Completed
B102952,P04,L007,SKU505,2024-09-02 16:01:00,2721,2718,96,Scrapped
B102953,P02,L021,SKU508,2024-11-11 03:02:00,10642,10000,476,Completed
B102954,P02,L022,SKU513,2023-11-23 05:28:00,9919,9494,200,Scrapped
B102955,P04,L023,SKU503,2023-11-07 10:57:00,6942,6928,132,Completed
B102956,P01,L007,SKU509,2025-01-21 16:01:00,8397,8167,310,Completed
B102957,P02,L023,SKU512,2023-05-25 05:53:00,9642,9038,143,Reworked
B102958,P03,L020,SKU506,2023-01-13 00:08:00,8589,8242,394,Completed
B102959,P02,L029,SKU514,2024-08-22 07:45:00,18350,18030,705,Scrapped
B102960,P04,L006,SKU506,2025-03-26 21:19:00,11513,11712,96,Completed
B102961,P02,L020,SKU506,2024-03-26 18:45:00,11052,10899,294,Completed
B102962,P04,L027,SKU513,2023-05-02 11:29:00,6732,6204,50,Completed
B102963,P01,L009,SKU509,2024-04-30 07:22:00,18494,18318,297,Reworked
B102964,P03,L024,SKU513,2023-08-15 16:40:00,2417,2284,20,Completed
B102965,P03,L004,SKU511,2025-01-14 15:40:00,11902,11975,402,Reworked
B102966,P01,L023,SKU510,2024-07-04 21:29:00,5038,4828,290,Completed
B102967,P01,L020,SKU503,2023-10-30 21:20:00,15838,14887,2067,Completed
B102968,P03,L007,SKU505,2024-07-16 02:24:00,8808,8515,75,Reworked
B102969,P03,L003,SKU512,2024-08-23 09:14:00,7284,6887,524,Completed
B102970,P03,L024,SKU509,2024-09-02 20:47:00,3043,2871,55,Completed
B102971,P01,L008,SKU504,2023-11-26 13:44:00,16227,15859,208,Completed
B102972,P03,L016,SKU504,2024-05-28 13:36:00,9136,9106,907,Completed
B102973,P04,L002,SKU511,2023-02-08 10:50:00,6757,6780,583,Completed
B102974,P01,L031,SKU502,2023-12-30 04:38:00,17197,16505,1254,Completed
B102975,P02,L018,SKU501,2023-12-07 05:07:00,2351,2178,80,Completed
B102976,P02,L030,SKU511,2024-04-26 04:57:00,10439,10109,243,Completed
B102977,P04,L006,SKU504,2025-05-05 00:44:00,4893,4713,7,Completed
B102978,P02,L007,SKU511,2025-05-08 04:24:00,4285,4026,621,Completed
B102979,P02,L020,SKU508,2024-03-10 22:28:00,2389,2411,102,Scrapped
B102980,P03,L020,SKU514,2024-08-04 12:40:00,5366,5459,177,Completed
B102981,P01,L026,SKU507,2023-04-08 09:46:00,19047,17621,387,Scrapped
B102982,P04,L030,SKU513,2024-03-10 00:51:00,10019,10014,309,Completed
B102983,P04,L027,SKU512,2024-09-11 01:03:00,19999,19690,57,Completed
B102984,P03,L005,SKU503,2024-09-06 12:23:00,6811,6444,126,Reworked
B102985,P03,L010,SKU514,2025-05-17 00:59:00,15720,15460,694,Reworked
B102986,P03,L030,SKU511,2024-02-24 14:49:00,3612,3369,271,Scrapped
B102987,P04,L018,SKU501,2025-03-28 03:37:00,3946,3657,161,Scrapped
B102988,P04,L028,SKU500,2025-05-30 20:16:00,2295,2339,114,Completed
B102989,P02,L019,SKU504,2024-05-29 18:21:00,18181,17883,436,Completed
B102990,P02,L002,SKU500,2023-03-24 07:56:00,14089,13318,529,Completed
B102991,P03,L016,SKU505,2023-12-05 15:39:00,15387,14848,23,Completed
B102992,P01,L027,SKU514,2024-11-19 05:53:00,18692,18972,2700,Scrapped
B102993,P04,L021,SKU507,2024-06-06 14:38:00,7980,7691,216,Reworked
B102994,P04,L005,SKU500,2025-04-22 16:28:00,15005,15155,761,Completed
B102995,P03,L007,SKU507,2025-01-04 08:06:00,11041,11116,841,Scrapped
B102996,P02,L028,SKU503,2023-02-26 21:43:00,11767,11230,714,Reworked
B102997,P02,L032,SKU512,2025-02-14 02:43:00,13911,13766,106,Reworked
B102998,P02,L025,SKU501,2023-11-18 15:14:00,10458,10312,350,Reworked
B102999,P03,L004,SKU511,2025-01-06 23:01:00,2432,2424,38,Completed
