shipment_id,batch_id,customer_id,ship_date,qty_units,shipment_status
SH200000,B100811,RC111,2024-02-21 13:04:00,4476,Delivered
SH200001,B101969,RC111,2024-01-01 17:42:00,4852,In Transit
SH200002,B101702,RC114,2023-05-27 08:04:00,7409,Delivered
SH200003,B102554,RC112,2023-05-02 10:13:00,7900,Delivered
SH200004,B100927,RC117,2023-06-28 08:12:00,7822,Delivered
SH200005,B100433,RC113,2025-03-22 19:48:00,3056,Delivered
SH200006,B101848,RC122,2024-10-09 22:52:00,4790,In Transit
SH200007,B101078,RC113,2024-09-12 04:01:00,6649,Delivered
SH200008,B100646,RC120,2023-12-14 12:51:00,4823,Delivered
SH200009,B100950,RC119,2023-04-29 21:22:00,3839,In Transit
SH200010,B102284,RC116,2025-05-14 12:17:00,3420,Delivered
SH200011,B102908,RC113,2023-08-28 15:25:00,1727,Delivered
SH200012,B100350,RC103,2024-01-31 13:38:00,2121,Delivered
SH200013,B100199,RC106,2023-12-11 04:58:00,2111,Delivered
SH200014,B102100,RC117,2023-12-15 05:18:00,7360,Delivered
SH200015,B100243,RC115,2024-12-16 10:59:00,6904,Delivered
SH200016,B100599,RC111,2023-05-15 04:06:00,864,In Transit
SH200017,B100280,RC114,2024-04-26 05:15:00,6142,Delivered
SH200018,B100430,RC121,2023-11-23 02:55:00,2256,Delivered
SH200019,B102653,RC109,2024-07-26 16:48:00,7375,Delivered
SH200020,B102458,RC117,2025-02-12 04:56:00,3753,Delivered
SH200021,B101132,RC121,2023-06-22 11:11:00,765,Delivered
SH200022,B102031,RC124,2024-01-10 10:29:00,594,Delayed
SH200023,B100801,RC123,2025-03-13 18:42:00,7163,Delayed
SH200024,B100853,RC100,2024-05-17 14:37:00,5350,Delivered
SH200025,B102856,RC102,2024-05-27 08:09:00,2843,Delivered
SH200026,B102525,RC117,2024-08-07 02:48:00,5802,Delivered
SH200027,B101208,RC117,2023-04-09 02:54:00,2832,Delivered
SH200028,B102901,RC106,2025-05-02 14:48:00,4284,Delivered
SH200029,B101984,RC115,2024-02-23 19:28:00,6864,Delivered
SH200030,B101413,RC113,2023-05-20 05:18:00,3098,Delivered
SH200031,B102034,RC106,2024-10-01 12:06:00,6439,Delivered
SH200032,B101245,RC113,2023-10-17 23:14:00,1861,Returned
SH200033,B101895,RC107,2024-08-08 03:34:00,5083,In Transit
SH200034,B101021,RC110,2023-11-10 03:19:00,4944,Delivered
SH200035,B102140,RC105,2024-09-07 21:31:00,3071,Delivered
SH200036,B102401,RC113,2025-05-17 19:39:00,7643,Delivered
SH200037,B101588,RC122,2024-07-13 23:24:00,1571,Delivered
SH200038,B102167,RC113,2023-11-14 19:57:00,6046,Delivered
SH200039,B101305,RC107,2024-01-02 00:18:00,5838,In Transit
SH200040,B101861,RC101,2025-02-16 13:08:00,2114,Delivered
SH200041,B101254,RC105,2024-09-21 03:21:00,4949,Delivered
SH200042,B100375,RC100,2025-04-28 05:41:00,2027,Delivered
SH200043,B100160,RC111,2025-01-27 01:09:00,5502,Delivered
SH200044,B102729,RC110,2024-11-08 21:18:00,6708,Delayed
SH200045,B102727,RC117,2024-06-08 06:41:00,1073,Delivered
SH200046,B102231,RC103,2024-04-02 09:45:00,1299,Delivered
SH200047,B101825,RC119,2023-03-12 14:49:00,3091,Delivered
SH200048,B100357,RC120,2025-01-24 07:37:00,3968,Delivered
SH200049,B102439,RC119,2025-01-21 01:58:00,5439,Delivered
SH200050,B101630,RC110,2023-06-13 02:48:00,7582,Delivered
SH200051,B100163,RC102,2023-02-19 20:27:00,3637,Delivered
SH200052,B100656,RC117,2024-05-28 09:45:00,3155,Delivered
SH200053,B101910,RC102,2023-03-04 03:14:00,5719,In Transit
SH200054,B102717,RC120,2023-12-25 18:08:00,7797,Delayed
SH200055,B101198,RC114,2024-07-24 00:25:00,1960,Delivered
SH200056,B100476,RC108,2024-04-18 03:13:00,2129,In Transit
SH200057,B101232,RC103,2024-02-05 05:38:00,6645,In Transit
SH200058,B101965,RC110,2024-07-01 18:56:00,1486,Delivered
SH200059,B101604,RC102,2023-11-29 12:39:00,879,Delivered
SH200060,B100871,RC120,2023-10-26 19:05:00,559,Delivered
SH200061,B102622,RC119,2023-08-30 21:21:00,1718,Delayed
SH200062,B101852,RC109,2023-10-02 14:17:00,3797,Delivered
SH200063,B100653,RC110,2023-07-08 14:51:00,6028,Delivered
SH200064,B100526,RC113,2024-02-06 23:15:00,1660,In Transit
SH200065,B100466,RC120,2025-02-23 15:21:00,2418,Delivered
SH200066,B102244,RC109,2024-10-05 22:23:00,4385,Delivered
SH200067,B101614,RC107,2023-02-21 07:13:00,6099,Delivered
SH200068,B100301,RC115,2023-07-29 21:05:00,3108,Returned
SH200069,B102962,RC124,2023-09-14 15:36:00,6015,Delivered
SH200070,B101287,RC110,2023-08-24 21:54:00,2309,In Transit
SH200071,B100719,RC120,2024-10-23 12:00:00,5682,Delivered
SH200072,B101542,RC104,2024-05-14 12:22:00,7796,Delivered
SH200073,B100772,RC113,2023-06-27 11:36:00,7851,Delivered
SH200074,B101932,RC102,2023-12-04 13:07:00,1307,Delivered
SH200075,B101991,RC123,2024-07-25 22:24:00,3873,Delivered
SH200076,B100514,RC120,2024-07-24 23:46:00,7772,In Transit
SH200077,B101163,RC122,2024-05-01 17:59:00,5588,In Transit
SH200078,B102976,RC112,2023-09-17 18:32:00,7086,Delivered
SH200079,B100494,RC106,2024-02-23 23:28:00,7906,Delivered
SH200080,B102516,RC107,2025-05-08 19:14:00,1698,Delivered
SH200081,B100482,RC118,2024-06-05 13:28:00,3074,Delivered
SH200082,B101993,RC113,2023-12-03 04:29:00,1962,Delivered
SH200083,B102803,RC113,2025-03-08 14:06:00,6936,In Transit
SH200084,B101267,RC119,2023-09-18 05:26:00,5153,Delivered
SH200085,B100180,RC124,2024-08-26 23:05:00,4307,Delivered
SH200086,B101441,RC116,2025-01-23 11:21:00,2200,Delivered
SH200087,B102681,RC120,2023-05-04 18:07:00,1504,Delivered
SH200088,B100962,RC119,2024-05-24 13:36:00,4445,Delivered
SH200089,B102987,RC106,2023-09-20 08:36:00,3387,Delivered
SH200090,B102475,RC116,2023-12-06 07:25:00,1049,Delivered
SH200091,B102589,RC106,2023-08-12 01:49:00,4231,Delivered
SH200092,B101752,RC112,2024-01-16 21:46:00,5776,Delivered
SH200093,B102039,RC117,2023-06-23 18:01:00,1995,Delivered
SH200094,B102340,RC119,2023-08-11 10:45:00,6684,In Transit
SH200095,B102126,RC110,2024-11-25 23:24:00,7066,Delivered
SH200096,B102726,RC114,2024-07-02 15:19:00,2631,Delivered
SH200097,B100559,RC103,2023-12-21 17:57:00,3644,Delivered
SH200098,B101896,RC105,2023-04-25 17:07:00,5305,Delivered
SH200099,B101556,RC121,2023-08-20 02:47:00,3095,Delivered
SH200100,B100457,RC121,2023-02-05 07:02:00,4814,Delivered
SH200101,B102374,RC117,2024-07-14 08:27:00,3755,Delivered
SH200102,B102716,RC121,2024-03-12 22:51:00,1651,Returned
SH200103,B100198,RC124,2023-04-27 13:25:00,5041,Delivered
SH200104,B102867,RC114,2025-05-13 16:54:00,4965,Delivered
SH200105,B100667,RC101,2023-12-16 12:10:00,4895,Delayed
SH200106,B100614,RC105,2025-03-24 14:15:00,2756,Delivered
SH200107,B102433,RC112,2023-08-31 02:36:00,6147,Delivered
SH200108,B100249,RC119,2023-12-06 22:08:00,730,Delivered
SH200109,B102804,RC105,2023-02-25 05:20:00,7660,Delivered
SH200110,B102118,RC108,2024-05-05 05:58:00,2331,Delivered
SH200111,B101835,RC111,2024-08-05 15:47:00,1761,Delivered
SH200112,B100193,RC111,2024-11-27 09:23:00,864,Delivered
SH200113,B101194,RC115,2025-06-02 02:06:00,5568,Delivered
SH200114,B102486,RC123,2025-05-16 13:16:00,7891,Delivered
SH200115,B101872,RC108,2025-03-03 01:23:00,3976,Delivered
SH200116,B100150,RC123,2023-11-22 16:21:00,4868,In Transit
SH200117,B102538,RC104,2023-10-01 14:25:00,4084,Delayed
SH200118,B101634,RC108,2024-08-26 16:45:00,6607,Delivered
SH200119,B101595,RC112,2023-02-04 12:58:00,7932,Delivered
SH200120,B101865,RC119,2025-04-11 13:25:00,1775,Delivered
SH200121,B102348,RC124,2024-06-04 04:52:00,3874,Delivered
SH200122,B102376,RC108,2023-06-08 04:01:00,6849,Delivered
SH200123,B101648,RC109,2023-09-20 20:59:00,5853,Delivered
SH200124,B102269,RC121,2023-02-28 02:49:00,4600,Delivered
SH200125,B100674,RC116,2024-12-18 22:16:00,4251,Delivered
SH200126,B100396,RC109,2023-10-02 21:13:00,5983,Delivered
SH200127,B100507,RC108,2024-08-20 10:33:00,6550,Delivered
SH200128,B100697,RC106,2024-04-23 05:48:00,897,Delivered
SH200129,B100254,RC102,2024-08-20 05:43:00,7892,Delivered
SH200130,B100916,RC124,2024-11-05 02:24:00,2179,Delivered
SH200131,B102277,RC106,2023-09-01 06:23:00,866,Delivered
SH200132,B101282,RC117,2025-06-18 22:23:00,4117,Delivered
SH200133,B102473,RC117,2024-03-30 07:40:00,6008,Delivered
SH200134,B101805,RC112,2024-05-20 21:36:00,5852,In Transit
SH200135,B101423,RC102,2024-12-13 23:32:00,7003,In Transit
SH200136,B102821,RC108,2023-10-14 08:28:00,3463,Delivered
SH200137,B101481,RC115,2023-11-26 13:06:00,3125,Delivered
SH200138,B101720,RC124,2024-10-17 04:48:00,5718,Delivered
SH200139,B100089,RC118,2023-04-14 08:24:00,1406,Delivered
SH200140,B102600,RC105,2023-06-23 00:18:00,6858,Delivered
SH200141,B102685,RC108,2024-01-10 22:33:00,7582,Delivered
SH200142,B102262,RC110,2024-07-09 20:29:00,2891,Delivered
SH200143,B101043,RC111,2023-01-18 11:58:00,6093,Delivered
SH200144,B101623,RC108,2023-07-08 08:19:00,763,Delivered
SH200145,B102537,RC113,2024-10-08 07:17:00,4927,Delivered
SH200146,B102443,RC117,2023-12-31 20:55:00,6557,In Transit
SH200147,B101945,RC110,2023-02-19 00:28:00,4017,Delivered
SH200148,B101831,RC101,2023-11-16 16:26:00,1144,Delivered
SH200149,B100386,RC116,2023-08-25 15:39:00,6970,Delivered
SH200150,B102028,RC102,2023-02-10 12:19:00,6915,Delivered
SH200151,B100695,RC119,2024-10-25 21:17:00,7005,Delivered
SH200152,B100176,RC112,2023-03-04 06:08:00,3419,Delivered
SH200153,B102596,RC124,2024-02-21 01:11:00,5323,Delivered
SH200154,B102071,RC101,2025-06-06 03:42:00,1310,Delivered
SH200155,B101175,RC101,2023-03-08 17:20:00,6730,Delivered
SH200156,B102624,RC112,2023-07-01 04:15:00,5089,Delivered
SH200157,B102041,RC116,2024-05-31 20:22:00,2384,Delivered
SH200158,B101204,RC121,2025-05-01 16:31:00,1866,Delivered
SH200159,B101801,RC121,2024-01-27 21:17:00,7511,Delivered
SH200160,B101192,RC117,2024-05-05 07:09:00,671,Delivered
SH200161,B100516,RC105,2023-04-07 01:00:00,7541,Delivered
SH200162,B102509,RC101,2024-03-13 07:07:00,7294,Delivered
SH200163,B102475,RC123,2023-06-18 19:35:00,1300,Delivered
SH200164,B101154,RC116,2023-08-25 06:25:00,2512,Delivered
SH200165,B100062,RC120,2023-01-16 18:11:00,7803,Delivered
SH200166,B100527,RC110,2025-06-18 07:52:00,6126,Delivered
SH200167,B100133,RC123,2024-03-06 04:36:00,6589,Delivered
SH200168,B101580,RC124,2024-03-21 17:01:00,2531,Delivered
SH200169,B101171,RC105,2024-01-13 19:18:00,1247,Delivered
SH200170,B101751,RC123,2024-02-03 21:44:00,703,Delivered
SH200171,B100711,RC116,2023-06-15 22:11:00,1861,Delivered
SH200172,B101161,RC109,2023-06-18 21:47:00,7453,Delivered
SH200173,B102423,RC120,2023-12-05 17:07:00,4387,Delivered
SH200174,B100820,RC121,2023-05-10 09:48:00,4298,In Transit
SH200175,B101048,RC112,2023-05-29 22:58:00,6416,Delivered
SH200176,B100241,RC116,2023-11-10 13:23:00,7523,In Transit
SH200177,B102897,RC101,2023-05-23 16:26:00,4357,Delivered
SH200178,B102202,RC110,2024-01-01 15:46:00,6638,Delivered
SH200179,B102611,RC103,2023-10-07 19:26:00,5636,Delivered
SH200180,B102114,RC100,2025-04-26 10:57:00,3344,Delivered
SH200181,B101325,RC101,2023-04-23 07:51:00,5979,Delivered
SH200182,B102375,RC102,2023-08-24 06:20:00,2660,Delivered
SH200183,B102214,RC114,2024-07-25 14:37:00,4559,Delivered
SH200184,B101818,RC105,2024-08-19 01:12:00,7936,Delivered
SH200185,B100256,RC112,2024-12-04 17:50:00,7405,Delivered
SH200186,B101326,RC116,2023-12-11 03:53:00,4118,In Transit
SH200187,B102620,RC116,2023-08-12 05:18:00,5163,Delivered
SH200188,B101835,RC120,2023-12-28 11:59:00,4687,Delivered
SH200189,B101301,RC107,2025-03-01 21:29:00,6407,Delivered
SH200190,B102463,RC102,2024-12-26 00:00:00,2843,Delivered
SH200191,B100918,RC123,2023-03-07 23:03:00,4955,Delivered
SH200192,B102088,RC102,2024-05-19 02:00:00,4856,Delivered
SH200193,B100220,RC120,2023-07-10 23:10:00,5051,Delivered
SH200194,B101576,RC102,2025-04-06 14:05:00,2350,Delivered
SH200195,B102190,RC106,2024-11-11 18:34:00,1073,Delivered
SH200196,B101655,RC106,2024-08-28 14:01:00,4917,Delivered
SH200197,B101123,RC112,2023-03-30 16:52:00,2376,Delivered
SH200198,B100756,RC101,2024-06-20 05:30:00,6853,Delayed
SH200199,B100214,RC105,2023-06-12 19:23:00,5391,Delivered
SH200200,B102115,RC106,2025-04-18 07:48:00,5751,In Transit
SH200201,B102650,RC106,2025-02-27 19:26:00,4594,Delivered
SH200202,B101491,RC115,2023-07-11 00:57:00,3917,Delivered
SH200203,B100732,RC103,2023-06-03 20:42:00,7126,Delivered
SH200204,B101551,RC119,2024-01-07 17:33:00,6564,Delivered
SH200205,B100183,RC100,2025-04-21 01:36:00,4452,Delivered
SH200206,B101612,RC106,2024-11-22 08:09:00,3383,Delivered
SH200207,B102166,RC116,2025-03-28 06:26:00,3222,Delivered
SH200208,B102797,RC106,2023-05-22 09:53:00,4587,Delivered
SH200209,B100345,RC101,2024-07-12 14:55:00,1557,Delivered
SH200210,B101050,RC118,2023-08-09 17:33:00,994,Delivered
SH200211,B102448,RC110,2023-10-01 12:31:00,3467,Delivered
SH200212,B102962,RC110,2023-04-09 19:05:00,5305,Delivered
SH200213,B100489,RC104,2024-09-18 21:34:00,647,In Transit
SH200214,B102030,RC111,2024-11-19 16:18:00,6496,In Transit
SH200215,B101900,RC122,2024-09-08 10:54:00,5935,Delivered
SH200216,B102508,RC120,2024-05-30 11:17:00,7715,Delivered
SH200217,B100457,RC119,2024-04-08 12:03:00,4400,Delivered
SH200218,B100843,RC123,2023-08-19 09:10:00,7953,Delivered
SH200219,B100527,RC113,2025-02-20 10:15:00,7394,Delivered
SH200220,B102847,RC114,2023-04-06 01:21:00,3548,Delivered
SH200221,B101058,RC116,2025-02-19 18:26:00,7576,In Transit
SH200222,B100295,RC110,2025-06-07 16:39:00,5879,Delayed
SH200223,B100767,RC110,2024-04-22 12:32:00,5194,Delivered
SH200224,B102405,RC104,2023-01-19 20:59:00,4535,Delivered
SH200225,B100141,RC115,2023-08-26 01:12:00,637,Delivered
SH200226,B102500,RC100,2023-06-17 21:15:00,3428,Delivered
SH200227,B101619,RC123,2023-03-09 04:34:00,3872,Returned
SH200228,B102723,RC104,2025-06-13 11:05:00,4472,Delivered
SH200229,B101002,RC111,2023-02-23 10:36:00,6687,Delivered
SH200230,B102897,RC108,2023-08-12 19:41:00,3159,In Transit
SH200231,B102596,RC101,2025-04-17 12:52:00,3042,Delivered
SH200232,B101849,RC113,2023-01-18 09:10:00,5272,Delivered
SH200233,B102292,RC124,2024-04-30 15:17:00,2370,Delivered
SH200234,B101242,RC110,2023-02-16 17:11:00,925,Delivered
SH200235,B101189,RC118,2024-09-11 00:58:00,1108,Delivered
SH200236,B102851,RC102,2023-02-12 18:43:00,6880,Delivered
SH200237,B100504,RC109,2024-01-30 04:44:00,4583,Delivered
SH200238,B100768,RC118,2023-10-18 15:01:00,7565,In Transit
SH200239,B100099,RC108,2024-08-06 23:37:00,2206,Delivered
SH200240,B100112,RC104,2024-08-10 15:40:00,1115,Delivered
SH200241,B101986,RC103,2023-03-09 08:14:00,7270,Delivered
SH200242,B102053,RC112,2023-10-22 11:25:00,3222,Delivered
SH200243,B102883,RC107,2023-04-22 15:59:00,2154,Delivered
SH200244,B100677,RC108,2023-08-23 01:16:00,5005,Delivered
SH200245,B102424,RC110,2024-04-04 12:32:00,2620,Delayed
SH200246,B102261,RC119,2023-04-26 13:42:00,5168,Delivered
SH200247,B101982,RC100,2023-09-08 17:46:00,6580,Delivered
SH200248,B100728,RC121,2023-09-16 02:52:00,6543,Delivered
SH200249,B100396,RC117,2023-12-15 21:00:00,7091,Delivered
SH200250,B101654,RC115,2023-07-20 20:43:00,6888,Delivered
SH200251,B100220,RC112,2024-04-22 20:38:00,2587,Delivered
SH200252,B101773,RC120,2024-11-20 03:49:00,7870,Delivered
SH200253,B102306,RC122,2024-04-10 17:59:00,2956,Delivered
SH200254,B102931,RC108,2023-01-12 16:05:00,6157,In Transit
SH200255,B100426,RC118,2023-03-11 18:19:00,6660,Delivered
SH200256,B101923,RC103,2023-07-27 19:36:00,2181,Delivered
SH200257,B100058,RC102,2024-06-24 12:45:00,2969,Delivered
SH200258,B101012,RC109,2024-09-24 20:19:00,1454,Delivered
SH200259,B100639,RC107,2023-08-22 05:08:00,7039,Delivered
SH200260,B102256,RC106,2023-04-06 15:17:00,7595,Delivered
SH200261,B100166,RC102,2024-11-04 15:00:00,643,Delivered
SH200262,B102986,RC102,2024-11-23 15:03:00,6169,Delivered
SH200263,B101366,RC115,2025-01-02 20:09:00,6492,Delivered
SH200264,B101346,RC109,2025-04-18 15:17:00,4847,Delivered
SH200265,B102992,RC118,2024-10-10 15:17:00,7003,Delivered
SH200266,B100125,RC115,2023-10-08 05:01:00,7925,Delayed
SH200267,B101429,RC101,2025-04-16 03:31:00,1839,Delayed
SH200268,B100690,RC115,2024-02-11 19:37:00,1418,Delivered
SH200269,B100746,RC116,2023-03-03 06:39:00,6621,Returned
SH200270,B100071,RC119,2024-06-21 03:28:00,2103,Delivered
SH200271,B101758,RC111,2023-07-07 08:50:00,5888,Delivered
SH200272,B100581,RC103,2025-05-24 07:06:00,5700,Delivered
SH200273,B102403,RC106,2024-10-17 21:51:00,7288,In Transit
SH200274,B101874,RC120,2024-07-11 01:46:00,4469,Delivered
SH200275,B101177,RC119,2024-10-12 12:38:00,2485,Delivered
SH200276,B101299,RC107,2024-09-10 00:23:00,5799,Delivered
SH200277,B100701,RC112,2025-05-26 12:10:00,1405,Delivered
SH200278,B100547,RC121,2023-03-12 20:32:00,4612,Delivered
SH200279,B100261,RC113,2023-10-05 11:52:00,2661,Delivered
SH200280,B100436,RC103,2023-04-07 12:38:00,3917,Delivered
SH200281,B101828,RC115,2023-10-17 11:46:00,5448,Returned
SH200282,B102275,RC120,2025-06-12 13:35:00,2517,Delivered
SH200283,B100307,RC110,2024-07-11 20:57:00,6346,Delivered
SH200284,B102301,RC124,2023-04-30 20:38:00,5190,Delivered
SH200285,B102141,RC123,2023-02-23 23:56:00,6624,Delivered
SH200286,B101378,RC112,2023-02-05 15:43:00,6276,Delivered
SH200287,B100236,RC114,2024-05-27 22:27:00,923,In Transit
SH200288,B102536,RC117,2025-01-31 02:16:00,922,Delivered
SH200289,B102885,RC108,2024-09-03 05:13:00,751,Delivered
SH200290,B102991,RC100,2023-12-22 01:24:00,837,Delivered
SH200291,B102174,RC120,2024-10-11 00:21:00,6715,Delivered
SH200292,B102874,RC104,2023-06-13 23:42:00,7058,Delivered
SH200293,B101363,RC110,2023-12-16 07:59:00,6417,Delivered
SH200294,B100533,RC111,2023-01-01 19:38:00,1904,Delivered
SH200295,B101875,RC124,2025-04-22 23:13:00,5814,Delivered
SH200296,B100248,RC114,2023-11-10 23:48:00,6393,Delivered
SH200297,B101768,RC113,2025-05-07 23:35:00,6950,Delivered
SH200298,B102899,RC101,2024-01-03 03:59:00,4012,Delivered
SH200299,B102187,RC123,2024-02-10 18:19:00,1863,Delivered
SH200300,B101519,RC109,2023-10-18 08:31:00,2610,Delivered
SH200301,B100716,RC103,2023-08-26 15:16:00,2413,Delivered
SH200302,B101826,RC116,2023-05-20 14:29:00,2824,Delivered
SH200303,B100100,RC113,2023-10-24 16:39:00,5172,Delivered
SH200304,B102246,RC121,2024-10-24 08:59:00,3387,Delivered
SH200305,B100140,RC112,2024-03-14 13:39:00,2756,Delivered
SH200306,B102963,RC110,2023-02-25 03:05:00,1491,Delivered
SH200307,B101623,RC112,2024-01-10 16:58:00,1940,Delayed
SH200308,B102382,RC106,2023-02-10 11:28:00,3243,Delivered
SH200309,B102166,RC122,2023-04-21 19:33:00,785,Delivered
SH200310,B100172,RC107,2025-03-17 04:55:00,7310,Delivered
SH200311,B101991,RC109,2023-11-25 08:21:00,1089,Delivered
SH200312,B102193,RC121,2025-04-04 20:35:00,1102,Returned
SH200313,B100101,RC121,2023-04-11 12:54:00,6534,Delivered
SH200314,B101814,RC118,2024-04-15 02:48:00,2382,Delivered
SH200315,B101401,RC101,2024-09-22 11:57:00,3110,Delivered
SH200316,B100470,RC100,2023-01-18 21:12:00,7035,Delivered
SH200317,B101474,RC124,2023-05-04 16:01:00,6961,Delivered
SH200318,B102920,RC117,2024-12-11 00:59:00,7517,Delivered
SH200319,B102070,RC116,2023-06-03 03:15:00,6902,Delivered
SH200320,B100831,RC116,2023-05-09 18:02:00,7712,Delivered
SH200321,B100764,RC113,2025-01-25 01:38:00,7370,Delivered
SH200322,B101987,RC110,2023-11-08 03:02:00,2785,Delivered
SH200323,B100568,RC113,2025-01-31 10:25:00,2640,Delivered
SH200324,B102942,RC121,2024-04-01 03:17:00,5126,Delivered
SH200325,B101015,RC106,2024-04-28 05:02:00,3222,Returned
SH200326,B100319,RC119,2025-04-23 02:18:00,2922,Delivered
SH200327,B102973,RC123,2023-07-26 23:09:00,847,Delivered
SH200328,B101791,RC100,2024-09-29 09:53:00,7180,Delivered
SH200329,B100040,RC112,2023-09-01 12:59:00,3386,Delivered
SH200330,B101217,RC115,2023-11-16 06:03:00,2799,Delivered
SH200331,B101178,RC119,2023-07-22 19:01:00,1634,Delivered
SH200332,B102454,RC112,2023-01-28 12:45:00,1628,Delivered
SH200333,B102232,RC117,2023-03-13 22:35:00,2052,Delivered
SH200334,B100139,RC114,2025-04-07 05:36:00,3045,Delivered
SH200335,B102200,RC115,2024-03-27 09:38:00,7557,Delivered
SH200336,B102611,RC122,2025-01-27 06:36:00,7299,Delivered
SH200337,B100268,RC120,2023-02-22 05:48:00,3378,Delivered
SH200338,B101319,RC120,2024-08-07 18:54:00,1705,Delivered
SH200339,B100753,RC119,2024-10-14 04:07:00,2595,In Transit
SH200340,B102108,RC106,2023-09-23 15:27:00,6956,Delivered
SH200341,B100072,RC121,2025-01-27 11:32:00,4514,Delivered
SH200342,B100988,RC100,2024-08-01 13:42:00,7435,Delivered
SH200343,B101737,RC103,2023-05-28 13:20:00,3388,Delivered
SH200344,B100601,RC107,2023-12-16 20:20:00,5588,Delivered
SH200345,B102962,RC117,2024-10-02 15:18:00,4518,Delivered
SH200346,B101426,RC105,2023-02-08 13:02:00,910,Delivered
SH200347,B101716,RC116,2023-12-25 20:53:00,3041,Delivered
SH200348,B101426,RC114,2024-04-21 03:00:00,6317,Delivered
SH200349,B102638,RC109,2023-04-15 21:10:00,2590,Delivered
SH200350,B100079,RC106,2023-12-03 23:53:00,2590,Delivered
SH200351,B102990,RC105,2024-04-21 10:56:00,7312,Delivered
SH200352,B100539,RC101,2024-04-02 07:09:00,4664,Delivered
SH200353,B100538,RC116,2024-10-03 08:15:00,3759,Returned
SH200354,B102325,RC114,2025-01-10 01:13:00,3420,Delivered
SH200355,B100426,RC104,2025-02-20 07:53:00,3803,Delivered
SH200356,B101912,RC105,2025-03-01 17:27:00,2454,Delivered
SH200357,B102482,RC122,2024-10-02 18:41:00,6144,Delivered
SH200358,B102297,RC114,2023-04-12 15:21:00,4365,Delivered
SH200359,B100300,RC120,2025-01-17 14:38:00,992,Delivered
SH200360,B101786,RC105,2024-02-17 22:49:00,1654,Delivered
SH200361,B100689,RC109,2023-02-25 09:15:00,6893,In Transit
SH200362,B102856,RC103,2024-07-03 22:15:00,4904,In Transit
SH200363,B102183,RC115,2024-01-24 02:41:00,5678,Delivered
SH200364,B102151,RC119,2024-04-20 17:19:00,3885,Delivered
SH200365,B102842,RC108,2024-02-01 17:38:00,2970,Delivered
SH200366,B102799,RC103,2024-09-20 18:08:00,2518,Delivered
SH200367,B102899,RC105,2024-08-21 04:50:00,2597,In Transit
SH200368,B101121,RC102,2024-10-14 13:46:00,7398,Delivered
SH200369,B102853,RC115,2024-08-10 06:02:00,2393,Delivered
SH200370,B101639,RC114,2023-04-23 19:49:00,4016,Delivered
SH200371,B100464,RC110,2023-12-04 02:50:00,4727,In Transit
SH200372,B100036,RC109,2024-05-12 11:59:00,4013,In Transit
SH200373,B101084,RC111,2024-10-28 13:58:00,2164,In Transit
SH200374,B100896,RC113,2025-02-03 14:54:00,891,Delivered
SH200375,B100363,RC117,2023-02-16 21:22:00,4274,Delivered
SH200376,B102020,RC101,2024-06-23 13:59:00,4478,Delivered
SH200377,B101078,RC110,2024-07-28 08:52:00,3794,Delivered
SH200378,B101010,RC101,2025-06-13 17:29:00,5554,Delivered
SH200379,B102974,RC105,2025-04-14 21:21:00,3128,Delivered
SH200380,B102632,RC114,2023-06-16 01:37:00,7072,Delivered
SH200381,B101220,RC105,2024-08-18 00:22:00,1754,Delivered
SH200382,B102578,RC112,2024-03-24 09:49:00,1853,Delivered
SH200383,B100433,RC119,2023-04-05 07:34:00,2632,Delivered
SH200384,B101726,RC115,2023-01-01 00:21:00,1095,Delivered
SH200385,B101216,RC105,2023-08-11 19:41:00,4724,Delivered
SH200386,B100101,RC105,2024-11-17 04:54:00,1830,In Transit
SH200387,B101638,RC109,2024-07-08 20:53:00,4132,Delivered
SH200388,B102693,RC123,2024-03-01 07:47:00,1461,Delivered
SH200389,B102168,RC118,2023-01-09 07:49:00,4559,Delivered
SH200390,B100634,RC115,2024-08-01 12:08:00,1673,Delivered
SH200391,B101048,RC109,2024-08-27 04:49:00,3062,Delivered
SH200392,B102778,RC117,2024-04-04 07:32:00,4334,Delivered
SH200393,B101139,RC104,2023-12-31 10:15:00,6156,In Transit
SH200394,B100602,RC102,2023-06-06 17:38:00,5361,Delivered
SH200395,B100532,RC102,2024-08-16 12:01:00,1107,In Transit
SH200396,B102274,RC119,2023-03-21 18:12:00,1665,Delivered
SH200397,B100384,RC124,2024-02-04 14:48:00,3987,Delivered
SH200398,B101180,RC121,2023-09-07 01:55:00,5862,In Transit
SH200399,B102829,RC107,2023-10-29 08:00:00,2731,Delivered
SH200400,B102889,RC120,2023-10-22 00:13:00,6338,Delivered
SH200401,B102245,RC113,2024-01-31 15:45:00,6456,Delivered
SH200402,B100577,RC116,2024-06-17 17:59:00,3044,Delivered
SH200403,B102378,RC111,2024-02-13 15:45:00,907,Delivered
SH200404,B100874,RC108,2024-01-19 17:15:00,5124,Delivered
SH200405,B102714,RC109,2023-04-14 03:55:00,6286,Delivered
SH200406,B102638,RC106,2024-12-17 19:57:00,3021,Delivered
SH200407,B100538,RC107,2024-12-19 20:02:00,7379,In Transit
SH200408,B100446,RC104,2023-03-11 19:57:00,3167,In Transit
SH200409,B101496,RC116,2024-04-11 16:36:00,1959,Delivered
SH200410,B102707,RC117,2024-11-20 01:06:00,3600,Delivered
SH200411,B101674,RC111,2024-05-20 16:02:00,5308,Delivered
SH200412,B101445,RC114,2023-02-16 15:34:00,670,Delivered
SH200413,B102358,RC116,2025-05-28 11:17:00,3521,Delivered
SH200414,B102105,RC101,2023-01-08 07:51:00,3023,Delivered
SH200415,B100450,RC115,2023-01-15 00:58:00,4161,Delivered
SH200416,B101163,RC114,2023-10-03 18:39:00,6957,Delivered
SH200417,B101962,RC110,2023-09-28 01:04:00,7407,Delivered
SH200418,B100210,RC103,2025-02-20 05:57:00,2455,Delivered
SH200419,B102988,RC108,2024-09-20 19:44:00,6189,Delivered
SH200420,B101474,RC101,2023-08-14 07:20:00,5178,Delivered
SH200421,B102123,RC104,2024-12-27 22:22:00,7250,Delivered
SH200422,B102479,RC111,2023-08-29 08:59:00,6446,Delivered
SH200423,B100831,RC100,2023-07-30 22:01:00,2812,Delivered
SH200424,B101308,RC109,2023-12-07 09:50:00,6173,In Transit
SH200425,B101297,RC109,2023-02-04 02:38:00,4973,Delivered
SH200426,B102445,RC109,2023-04-17 19:16:00,1529,Delivered
SH200427,B101562,RC103,2024-04-22 10:51:00,5897,In Transit
SH200428,B101914,RC107,2024-10-27 17:37:00,5607,Delivered
SH200429,B101226,RC117,2024-04-25 14:05:00,6589,Delivered
SH200430,B101791,RC111,2024-02-01 23:50:00,5076,Delivered
SH200431,B101777,RC117,2024-10-03 11:29:00,3686,Delivered
SH200432,B100318,RC103,2024-04-13 16:39:00,2967,Delayed
SH200433,B101100,RC109,2024-12-25 07:20:00,2972,Delivered
SH200434,B101653,RC103,2024-02-21 01:04:00,830,Delivered
SH200435,B100854,RC103,2023-12-18 05:11:00,653,Delivered
SH200436,B101915,RC106,2023-03-05 10:40:00,6711,Delivered
SH200437,B100924,RC123,2023-09-02 15:44:00,4943,Delivered
SH200438,B100319,RC102,2023-06-27 08:41:00,7662,Delivered
SH200439,B100179,RC104,2023-07-03 02:03:00,774,Delivered
SH200440,B101341,RC122,2024-12-24 18:16:00,1739,Delivered
SH200441,B102088,RC103,2024-12-21 15:50:00,6073,In Transit
SH200442,B101743,RC119,2025-06-04 22:00:00,621,Delivered
SH200443,B102957,RC118,2023-07-13 21:10:00,4060,In Transit
SH200444,B101854,RC105,2025-06-07 09:44:00,980,Delivered
SH200445,B102914,RC124,2023-04-01 14:53:00,2772,Delivered
SH200446,B100846,RC115,2024-07-03 19:26:00,3822,Delivered
SH200447,B102221,RC108,2024-01-20 03:27:00,1493,Delivered
SH200448,B100017,RC107,2024-07-20 03:08:00,5301,Delivered
SH200449,B100988,RC112,2023-01-21 05:17:00,3731,Delivered
SH200450,B101421,RC100,2023-06-09 17:20:00,2234,Delivered
SH200451,B100678,RC122,2025-06-16 10:19:00,6882,Delivered
SH200452,B100645,RC122,2025-01-12 18:28:00,572,Delivered
SH200453,B101391,RC102,2024-10-07 00:52:00,5829,Delivered
SH200454,B101442,RC124,2023-04-02 14:35:00,671,Delivered
SH200455,B100620,RC103,2024-08-20 14:15:00,6848,In Transit
SH200456,B101409,RC105,2024-09-07 05:55:00,5563,Delivered
SH200457,B100525,RC115,2025-06-05 20:14:00,1014,Delivered
SH200458,B101110,RC101,2023-11-05 09:50:00,5169,Delivered
SH200459,B100511,RC100,2023-05-23 10:46:00,916,Delivered
SH200460,B102469,RC110,2023-01-26 04:24:00,7884,Delivered
SH200461,B102569,RC104,2023-04-19 23:49:00,7297,Delivered
SH200462,B101264,RC109,2023-11-03 21:53:00,2041,Delivered
SH200463,B100220,RC122,2024-01-15 02:02:00,3128,Delivered
SH200464,B100500,RC112,2024-10-24 14:47:00,4920,Delivered
SH200465,B101443,RC117,2023-01-09 19:50:00,5392,Delivered
SH200466,B101688,RC100,2024-08-03 15:36:00,6472,Delivered
SH200467,B102040,RC103,2025-01-10 21:31:00,4083,Delivered
SH200468,B100949,RC114,2025-01-20 02:36:00,993,In Transit
SH200469,B101773,RC103,2023-04-23 10:58:00,3167,Delivered
SH200470,B101824,RC104,2024-05-09 14:58:00,6224,Delivered
SH200471,B101198,RC123,2023-11-29 10:35:00,2514,Delivered
SH200472,B101366,RC101,2023-03-14 12:28:00,6785,Delivered
SH200473,B102365,RC116,2024-06-18 15:18:00,6657,Delivered
SH200474,B100040,RC108,2025-05-29 19:48:00,4540,Delivered
SH200475,B100202,RC124,2024-05-09 19:34:00,7063,In Transit
SH200476,B102147,RC119,2024-01-25 08:39:00,3758,In Transit
SH200477,B102554,RC107,2023-06-26 19:41:00,1620,Delivered
SH200478,B101888,RC104,2025-04-21 15:11:00,3777,Delivered
SH200479,B101401,RC119,2024-05-06 14:57:00,7225,In Transit
SH200480,B100060,RC113,2023-12-18 22:18:00,5070,Delivered
SH200481,B101078,RC109,2023-10-07 04:52:00,4737,Delivered
SH200482,B102746,RC114,2024-01-08 18:53:00,4976,Delivered
SH200483,B102898,RC114,2024-09-28 16:26:00,2239,Delivered
SH200484,B100825,RC118,2024-07-21 13:45:00,601,In Transit
SH200485,B100539,RC112,2023-01-27 22:17:00,7335,Delivered
SH200486,B100674,RC111,2024-02-05 13:00:00,6505,Delivered
SH200487,B100087,RC108,2023-07-01 15:22:00,7922,Delivered
SH200488,B102284,RC102,2023-10-15 01:23:00,6787,Delivered
SH200489,B100643,RC120,2023-06-08 17:56:00,5053,Delivered
SH200490,B101083,RC100,2023-03-01 17:58:00,2029,Delayed
SH200491,B102345,RC103,2024-03-11 11:17:00,7933,Delivered
SH200492,B101277,RC106,2023-07-03 06:33:00,7476,Delivered
SH200493,B100167,RC123,2025-03-21 02:14:00,4184,Delivered
SH200494,B102204,RC123,2023-02-28 14:22:00,5182,Delivered
SH200495,B102618,RC122,2023-04-23 14:32:00,7855,Delivered
SH200496,B102570,RC119,2025-01-24 20:06:00,690,Delivered
SH200497,B101903,RC116,2023-02-16 21:10:00,2119,Delivered
SH200498,B102180,RC114,2024-08-20 11:52:00,2183,Delivered
SH200499,B101229,RC106,2025-02-11 07:19:00,3228,Delivered
SH200500,B101420,RC113,2025-03-25 19:41:00,5417,Delivered
SH200501,B102420,RC120,2024-09-08 08:17:00,6345,Delivered
SH200502,B102358,RC101,2023-02-15 04:24:00,2067,Delivered
SH200503,B100786,RC103,2023-03-17 03:13:00,867,Delivered
SH200504,B100183,RC104,2024-11-29 09:12:00,6103,Delivered
SH200505,B100900,RC121,2025-03-22 22:55:00,5697,Delivered
SH200506,B102178,RC123,2025-05-22 03:35:00,744,Delivered
SH200507,B100337,RC116,2023-02-23 16:24:00,5002,Delivered
SH200508,B102587,RC121,2023-02-06 23:49:00,6479,Delivered
SH200509,B100283,RC113,2023-08-25 22:33:00,2069,Delivered
SH200510,B101600,RC102,2024-06-16 07:45:00,4592,Delivered
SH200511,B101530,RC116,2024-11-03 13:22:00,6791,Delivered
SH200512,B102831,RC124,2025-03-03 20:41:00,5755,Delivered
SH200513,B101704,RC117,2023-04-23 09:13:00,5639,Delivered
SH200514,B101631,RC119,2023-03-18 23:20:00,5738,Delivered
SH200515,B100904,RC110,2024-09-07 00:34:00,7066,Delivered
SH200516,B101585,RC108,2025-06-01 18:59:00,3244,In Transit
SH200517,B102336,RC112,2025-01-03 00:59:00,3074,Delivered
SH200518,B101272,RC124,2024-01-29 06:11:00,6786,Delivered
SH200519,B101589,RC123,2023-02-22 09:19:00,3900,Delivered
SH200520,B100941,RC118,2023-06-03 17:02:00,4908,Returned
SH200521,B101712,RC119,2023-12-11 14:02:00,3091,Delivered
SH200522,B102113,RC111,2024-03-10 14:58:00,6785,Returned
SH200523,B101394,RC121,2025-06-03 22:34:00,6222,In Transit
SH200524,B102861,RC100,2023-12-18 08:03:00,1140,Delivered
SH200525,B101231,RC123,2024-02-06 03:39:00,4821,Delivered
SH200526,B102347,RC107,2023-12-04 00:08:00,3803,Delivered
SH200527,B100168,RC114,2024-08-29 07:20:00,7789,Delivered
SH200528,B100324,RC100,2024-09-27 15:41:00,1006,Delayed
SH200529,B102271,RC102,2025-06-16 02:18:00,3010,Delivered
SH200530,B102278,RC106,2023-06-16 23:41:00,6986,Delivered
SH200531,B101953,RC104,2024-05-22 21:22:00,2458,Delivered
SH200532,B102416,RC123,2025-04-10 20:40:00,3401,Delivered
SH200533,B100233,RC124,2024-02-13 10:22:00,3090,Delivered
SH200534,B100492,RC114,2025-04-13 18:13:00,3821,Delivered
SH200535,B101677,RC112,2025-01-31 08:03:00,4930,Delivered
SH200536,B101882,RC100,2025-02-02 09:55:00,2260,Delivered
SH200537,B102327,RC105,2024-05-11 16:58:00,1688,Delivered
SH200538,B102275,RC122,2025-04-20 22:01:00,7152,Delayed
SH200539,B100523,RC110,2025-01-31 20:31:00,1991,Delivered
SH200540,B100126,RC117,2024-10-13 07:35:00,6908,Delivered
SH200541,B102217,RC119,2023-03-17 13:50:00,6145,Delivered
SH200542,B100155,RC111,2023-12-05 16:03:00,4513,Delivered
SH200543,B100871,RC117,2023-01-03 07:23:00,2566,Delayed
SH200544,B100340,RC123,2024-12-24 16:39:00,610,Delivered
SH200545,B100688,RC112,2023-01-23 03:46:00,7901,Delivered
SH200546,B101097,RC113,2024-05-09 23:02:00,4445,Delivered
SH200547,B101541,RC111,2025-03-01 01:22:00,977,Delivered
SH200548,B101299,RC123,2023-09-21 12:23:00,7345,Delivered
SH200549,B101914,RC106,2023-05-30 20:47:00,957,Delivered
SH200550,B101366,RC119,2024-05-20 00:41:00,7512,Delivered
SH200551,B100160,RC119,2023-01-17 08:10:00,1912,Delivered
SH200552,B100122,RC102,2024-11-28 00:39:00,2008,Delivered
SH200553,B101700,RC104,2025-02-05 06:42:00,984,Delivered
SH200554,B101788,RC108,2023-07-10 06:31:00,5285,Delivered
SH200555,B100625,RC102,2024-05-25 15:48:00,4856,Delayed
SH200556,B100744,RC102,2023-06-13 11:10:00,4511,Returned
SH200557,B100685,RC116,2023-05-31 19:34:00,3165,Delivered
SH200558,B101851,RC108,2024-09-13 19:17:00,4401,Delivered
SH200559,B100738,RC113,2024-07-09 00:52:00,4880,Delivered
SH200560,B101731,RC112,2023-11-02 09:46:00,3383,Delivered
SH200561,B102540,RC115,2023-01-01 22:25:00,5818,Delivered
SH200562,B101075,RC105,2023-05-12 22:11:00,4000,Delivered
SH200563,B100618,RC102,2024-02-05 20:28:00,2068,Delivered
SH200564,B101650,RC102,2024-09-26 11:08:00,5543,Delivered
SH200565,B101769,RC114,2023-11-20 00:39:00,3123,In Transit
SH200566,B102669,RC118,2023-10-04 04:26:00,6318,Delivered
SH200567,B100277,RC124,2024-02-14 16:01:00,5470,Delivered
SH200568,B102158,RC104,2025-02-19 16:34:00,4673,Delivered
SH200569,B100232,RC119,2023-01-30 01:36:00,7799,In Transit
SH200570,B100060,RC120,2024-07-01 21:39:00,6491,Delivered
SH200571,B100382,RC119,2023-11-09 08:25:00,1523,Delivered
SH200572,B101411,RC117,2024-03-20 21:30:00,3372,Delivered
SH200573,B102229,RC115,2024-10-26 03:10:00,2395,Delivered
SH200574,B102704,RC123,2023-07-02 02:52:00,3335,Delivered
SH200575,B100011,RC119,2025-04-10 02:34:00,1913,Delivered
SH200576,B102475,RC117,2023-12-14 21:06:00,3959,Delivered
SH200577,B101397,RC110,2023-08-19 02:11:00,820,Delivered
SH200578,B101263,RC119,2024-01-13 00:37:00,6341,Delivered
SH200579,B102998,RC122,2023-11-29 17:19:00,6574,Delivered
SH200580,B102180,RC113,2024-08-25 22:18:00,7239,Delivered
SH200581,B102138,RC118,2023-04-14 06:41:00,2329,Delivered
SH200582,B100363,RC100,2023-04-20 00:57:00,2555,Delivered
SH200583,B101323,RC120,2024-07-28 01:37:00,3799,Delivered
SH200584,B100895,RC122,2023-06-09 03:19:00,1912,Delivered
SH200585,B101708,RC123,2023-04-22 07:07:00,7119,Delivered
SH200586,B101901,RC102,2023-06-16 20:38:00,2804,Delivered
SH200587,B101301,RC103,2023-02-26 09:59:00,7020,Delivered
SH200588,B101857,RC113,2023-07-03 02:02:00,3827,Delivered
SH200589,B102032,RC119,2024-04-13 14:29:00,3055,Delivered
SH200590,B102104,RC117,2023-02-18 21:29:00,3770,In Transit
SH200591,B100406,RC123,2023-12-11 18:07:00,653,Returned
SH200592,B100087,RC123,2023-02-02 03:57:00,751,Returned
SH200593,B102405,RC103,2023-08-09 10:33:00,3956,Delivered
SH200594,B100908,RC101,2023-02-25 01:50:00,3018,Delivered
SH200595,B101995,RC115,2023-02-12 01:13:00,7768,Delivered
SH200596,B102581,RC123,2023-02-08 17:55:00,6271,Delivered
SH200597,B102934,RC117,2025-04-06 20:37:00,7528,Delivered
SH200598,B100107,RC121,2024-12-09 14:21:00,3491,Delivered
SH200599,B102843,RC110,2023-02-16 21:13:00,7576,Delivered
SH200600,B101861,RC119,2024-07-23 02:45:00,2169,Delivered
SH200601,B101800,RC124,2023-09-30 10:20:00,7588,In Transit
SH200602,B101386,RC123,2025-03-27 22:55:00,7477,Delivered
SH200603,B102920,RC102,2023-07-15 00:22:00,3029,Delivered
SH200604,B100286,RC107,2023-08-08 03:46:00,3701,Delivered
SH200605,B101710,RC116,2024-03-31 22:54:00,2770,Delivered
SH200606,B102266,RC112,2023-04-14 04:01:00,4969,Delivered
SH200607,B101605,RC114,2024-04-03 05:56:00,766,Delivered
SH200608,B101240,RC122,2024-03-28 01:46:00,5568,Delivered
SH200609,B102524,RC103,2023-12-15 02:09:00,3530,Delivered
SH200610,B102631,RC119,2024-10-12 10:34:00,1942,Delivered
SH200611,B100932,RC122,2024-07-27 02:24:00,2640,Delivered
SH200612,B101439,RC103,2023-03-10 03:53:00,4272,Delivered
SH200613,B101539,RC101,2023-07-30 19:37:00,4190,Delivered
SH200614,B102866,RC106,2023-04-10 09:46:00,7713,Delivered
SH200615,B102713,RC100,2024-02-23 17:15:00,934,Delivered
SH200616,B100063,RC110,2023-08-21 05:07:00,4476,Delivered
SH200617,B100085,RC107,2024-05-23 21:08:00,5596,Delivered
SH200618,B101871,RC122,2024-05-30 05:06:00,4818,Delivered
SH200619,B101389,RC111,2024-03-22 21:36:00,6394,Delivered
SH200620,B102229,RC118,2024-03-07 19:31:00,1496,Delivered
SH200621,B101993,RC118,2024-01-19 21:46:00,6326,Delivered
SH200622,B102170,RC121,2023-09-04 02:45:00,7132,Delivered
SH200623,B101874,RC118,2023-05-31 14:57:00,4169,Delivered
SH200624,B101497,RC109,2023-06-21 04:29:00,2858,Delivered
SH200625,B100387,RC108,2024-09-07 18:51:00,1316,Delayed
SH200626,B102536,RC106,2024-12-29 22:58:00,7050,Delivered
SH200627,B101630,RC116,2024-10-07 02:50:00,1888,Delivered
SH200628,B100763,RC116,2024-04-07 00:04:00,1671,Delivered
SH200629,B102760,RC117,2023-12-20 13:19:00,6337,Delivered
SH200630,B101806,RC121,2024-07-07 15:42:00,2652,Delivered
SH200631,B102115,RC119,2024-05-12 18:19:00,4547,Delivered
SH200632,B100967,RC116,2023-10-24 18:16:00,5565,Delivered
SH200633,B100119,RC115,2023-02-26 06:40:00,1983,Delivered
SH200634,B101249,RC117,2025-06-05 02:49:00,4126,Delivered
SH200635,B101633,RC109,2023-03-27 13:25:00,2858,Delivered
SH200636,B100389,RC124,2023-11-17 22:50:00,2080,Delivered
SH200637,B101937,RC118,2023-05-14 03:34:00,7377,Delivered
SH200638,B100123,RC124,2023-04-30 05:42:00,5684,Delivered
SH200639,B102776,RC114,2023-01-19 11:34:00,6355,Delivered
SH200640,B102680,RC101,2023-09-17 11:58:00,1186,Delivered
SH200641,B102755,RC107,2024-08-20 03:30:00,5833,Delivered
SH200642,B102441,RC101,2023-02-04 08:36:00,6623,Delivered
SH200643,B100433,RC122,2024-04-14 17:16:00,3609,Delivered
SH200644,B102247,RC121,2024-03-27 21:00:00,2516,Delivered
SH200645,B100338,RC101,2023-01-23 00:37:00,4484,Delivered
SH200646,B101077,RC100,2023-05-25 20:29:00,1542,Delivered
SH200647,B101220,RC111,2023-04-29 20:34:00,7442,Delivered
SH200648,B100764,RC117,2024-08-19 23:46:00,3844,Delivered
SH200649,B101416,RC108,2024-06-02 12:27:00,549,Delivered
SH200650,B101211,RC108,2023-02-04 10:40:00,4856,Delivered
SH200651,B100895,RC119,2024-11-29 18:23:00,7540,Delivered
SH200652,B102484,RC118,2024-01-29 04:44:00,7358,Delivered
SH200653,B100367,RC119,2023-05-30 02:08:00,4612,Delivered
SH200654,B100004,RC123,2024-04-12 06:58:00,6206,In Transit
SH200655,B100587,RC120,2023-09-29 16:34:00,5837,Returned
SH200656,B102742,RC122,2024-09-11 07:25:00,1436,Delivered
SH200657,B100781,RC108,2024-02-27 23:21:00,7251,Delivered
SH200658,B102476,RC124,2024-01-04 16:03:00,7613,Delivered
SH200659,B102272,RC119,2025-03-05 01:14:00,5869,Delivered
SH200660,B102660,RC122,2023-03-08 01:09:00,3329,Delayed
SH200661,B100422,RC113,2025-02-28 06:09:00,4030,Delivered
SH200662,B102683,RC117,2023-01-27 15:40:00,7335,In Transit
SH200663,B100253,RC115,2024-06-16 17:21:00,7396,In Transit
SH200664,B100863,RC121,2024-04-21 14:27:00,3733,Delivered
SH200665,B100391,RC103,2023-04-09 15:03:00,4075,Delivered
SH200666,B101549,RC105,2024-01-27 19:21:00,959,Delivered
SH200667,B102475,RC111,2024-10-03 06:21:00,5483,Delivered
SH200668,B100935,RC108,2023-04-23 15:49:00,6194,In Transit
SH200669,B101534,RC112,2024-07-09 00:54:00,7157,Delivered
SH200670,B101761,RC119,2024-11-18 18:38:00,5452,Delivered
SH200671,B102492,RC116,2025-06-15 17:17:00,1606,Delivered
SH200672,B101206,RC112,2023-10-01 19:19:00,7078,Delivered
SH200673,B100103,RC104,2023-10-14 14:03:00,6757,Delivered
SH200674,B102333,RC115,2024-06-22 00:35:00,4386,Delivered
SH200675,B101464,RC111,2023-06-02 15:39:00,4528,Delivered
SH200676,B101316,RC123,2023-03-28 01:54:00,2247,Delivered
SH200677,B100857,RC116,2024-12-26 17:06:00,6673,Delivered
SH200678,B100747,RC108,2024-04-30 11:47:00,1062,In Transit
SH200679,B102232,RC121,2023-04-12 02:41:00,5171,Delivered
SH200680,B100982,RC106,2024-03-11 06:21:00,6508,Delivered
SH200681,B101431,RC112,2025-05-06 23:41:00,3353,Delivered
SH200682,B101390,RC105,2024-07-17 21:04:00,1089,Delivered
SH200683,B102862,RC109,2024-10-06 22:50:00,7176,Delivered
SH200684,B100284,RC104,2023-12-12 02:53:00,7604,Delayed
SH200685,B101621,RC124,2023-01-18 08:17:00,7481,In Transit
SH200686,B102707,RC100,2023-01-27 22:41:00,1280,Delivered
SH200687,B101003,RC111,2024-05-05 00:07:00,6677,Delivered
SH200688,B101440,RC105,2025-03-09 23:32:00,7693,Delivered
SH200689,B100884,RC109,2024-02-18 09:22:00,3295,Delivered
SH200690,B100134,RC119,2024-04-27 01:55:00,7436,Delivered
SH200691,B100579,RC115,2024-10-30 10:30:00,891,Delivered
SH200692,B100974,RC105,2023-12-06 09:55:00,1645,Delayed
SH200693,B100980,RC114,2025-05-05 01:46:00,1703,Delivered
SH200694,B102295,RC101,2025-05-30 05:42:00,7262,Delivered
SH200695,B101870,RC123,2023-10-02 00:46:00,6792,Delivered
SH200696,B102415,RC104,2024-08-17 16:57:00,6687,Delivered
SH200697,B100206,RC100,2024-07-20 02:13:00,2523,Delivered
SH200698,B101488,RC110,2024-01-18 03:28:00,708,Delivered
SH200699,B100240,RC103,2023-05-02 13:51:00,2598,Delivered
SH200700,B101736,RC105,2023-04-20 12:48:00,607,Delivered
SH200701,B102840,RC104,2023-11-12 21:07:00,7395,Delivered
SH200702,B100164,RC120,2025-01-03 11:06:00,6791,In Transit
SH200703,B102813,RC101,2023-07-01 05:43:00,5023,Delivered
SH200704,B101629,RC114,2024-12-23 02:40:00,3406,Delivered
SH200705,B100282,RC110,2024-01-17 22:32:00,2475,In Transit
SH200706,B100190,RC104,2023-03-03 15:40:00,1556,Delivered
SH200707,B100834,RC116,2024-05-15 19:20:00,5038,Delivered
SH200708,B101406,RC118,2025-04-13 23:53:00,4458,Delivered
SH200709,B101433,RC118,2024-11-03 21:05:00,4934,Delivered
SH200710,B101735,RC111,2025-03-05 09:38:00,5444,Delivered
SH200711,B102861,RC116,2024-10-02 16:47:00,4383,Delivered
SH200712,B101367,RC103,2025-01-29 23:56:00,1782,Delivered
SH200713,B101190,RC103,2023-02-12 04:09:00,2446,In Transit
SH200714,B102630,RC123,2023-02-13 03:39:00,975,Delivered
SH200715,B101290,RC118,2023-03-07 05:33:00,3007,Delivered
SH200716,B101123,RC103,2024-02-10 23:06:00,7570,Delivered
SH200717,B102722,RC106,2024-02-24 07:46:00,633,Returned
SH200718,B102678,RC109,2023-09-04 02:02:00,2898,Delivered
SH200719,B100939,RC120,2024-11-02 06:09:00,1367,Returned
SH200720,B102851,RC101,2024-01-19 05:23:00,5538,Delayed
SH200721,B102968,RC118,2023-05-21 01:37:00,6945,Delayed
SH200722,B100897,RC116,2025-06-06 17:45:00,7306,Delivered
SH200723,B102139,RC112,2025-03-18 22:16:00,7968,Delivered
SH200724,B102985,RC110,2025-06-14 00:19:00,2298,Delivered
SH200725,B102152,RC109,2024-01-17 04:43:00,5446,In Transit
SH200726,B101909,RC101,2024-07-13 04:05:00,6215,Delayed
SH200727,B100817,RC100,2024-07-22 05:12:00,5573,Delivered
SH200728,B100329,RC116,2025-06-11 03:11:00,4637,Delivered
SH200729,B102499,RC107,2024-02-13 18:12:00,7021,Delivered
SH200730,B101917,RC104,2024-07-25 07:50:00,2355,Delivered
SH200731,B101594,RC104,2023-10-26 09:21:00,2400,Delivered
SH200732,B101273,RC121,2024-01-19 11:15:00,7685,Delivered
SH200733,B101617,RC119,2024-04-29 00:40:00,4584,Delivered
SH200734,B102013,RC113,2024-07-21 08:01:00,1321,Delivered
SH200735,B100142,RC111,2025-06-01 23:20:00,3376,Delivered
SH200736,B101424,RC115,2025-02-03 15:08:00,4878,Delivered
SH200737,B102152,RC116,2023-10-13 17:00:00,6186,Delivered
SH200738,B100980,RC104,2025-03-17 22:51:00,7306,Delivered
SH200739,B102241,RC104,2023-03-01 11:37:00,4994,Delivered
SH200740,B102194,RC104,2024-06-24 06:09:00,3647,In Transit
SH200741,B100710,RC114,2025-06-02 20:40:00,1180,Delivered
SH200742,B101768,RC103,2023-11-03 18:16:00,2816,In Transit
SH200743,B100711,RC114,2023-06-27 00:49:00,6418,Delivered
SH200744,B102306,RC106,2025-02-05 01:02:00,3887,Delivered
SH200745,B100183,RC109,2023-06-28 22:11:00,5494,Delivered
SH200746,B100651,RC101,2024-10-21 06:01:00,1212,Delivered
SH200747,B100728,RC114,2023-02-08 13:46:00,6436,Delayed
SH200748,B102940,RC108,2024-10-21 00:26:00,4975,Delivered
SH200749,B102984,RC124,2023-08-26 05:54:00,3467,Delivered
SH200750,B100856,RC114,2024-06-24 09:10:00,2407,Delivered
SH200751,B101073,RC112,2023-06-06 06:19:00,904,Delivered
SH200752,B101418,RC100,2024-03-27 00:05:00,1149,Delivered
SH200753,B101140,RC113,2023-11-22 19:40:00,2666,Delivered
SH200754,B102247,RC119,2023-01-22 11:52:00,6905,Delayed
SH200755,B102109,RC122,2024-10-03 05:43:00,5031,Delivered
SH200756,B100836,RC108,2024-01-26 19:47:00,1954,Delivered
SH200757,B101756,RC106,2024-09-15 05:41:00,6817,Delivered
SH200758,B100379,RC102,2023-08-21 17:43:00,5706,In Transit
SH200759,B100190,RC116,2024-02-10 18:37:00,4627,Delayed
SH200760,B101581,RC123,2024-06-23 10:41:00,3686,In Transit
SH200761,B100970,RC123,2023-09-01 23:55:00,805,Delivered
SH200762,B102611,RC121,2025-02-22 05:54:00,3279,Delivered
SH200763,B101454,RC123,2024-10-13 18:36:00,1819,Delivered
SH200764,B102723,RC116,2023-10-01 10:47:00,6749,Delivered
SH200765,B101717,RC105,2023-10-21 08:42:00,5593,Delivered
SH200766,B101929,RC116,2023-10-04 13:31:00,5366,Delivered
SH200767,B100416,RC123,2024-03-12 22:28:00,3418,Delivered
SH200768,B102938,RC108,2025-02-20 07:41:00,6254,Delivered
SH200769,B101988,RC112,2024-11-28 04:15:00,2066,Delivered
SH200770,B100254,RC104,2024-04-06 08:01:00,5139,Delivered
SH200771,B100116,RC122,2023-12-27 19:37:00,1256,Delivered
SH200772,B101066,RC120,2023-06-16 01:40:00,4504,Delivered
SH200773,B102560,RC115,2023-11-22 22:05:00,7079,Delayed
SH200774,B102213,RC102,2024-07-02 08:38:00,2424,Delivered
SH200775,B102138,RC111,2024-10-12 23:54:00,703,Delivered
SH200776,B102166,RC108,2024-10-31 14:08:00,7979,Delivered
SH200777,B102008,RC122,2023-07-27 18:41:00,7883,Delivered
SH200778,B101377,RC122,2023-12-27 09:44:00,6589,Delivered
SH200779,B102142,RC118,2023-01-08 20:45:00,6924,Delivered
SH200780,B101185,RC108,2023-09-20 11:28:00,6317,Delivered
SH200781,B101101,RC120,2024-09-28 04:33:00,1062,Delivered
SH200782,B101737,RC114,2024-01-31 08:10:00,1759,Delivered
SH200783,B102426,RC124,2025-03-17 22:27:00,2790,Delivered
SH200784,B101894,RC113,2024-06-25 22:51:00,6386,Delivered
SH200785,B101663,RC108,2024-05-19 04:29:00,6070,Delivered
SH200786,B101297,RC107,2025-02-28 08:37:00,2747,Delivered
SH200787,B100108,RC123,2025-01-02 03:55:00,5149,Delivered
SH200788,B101780,RC117,2024-03-23 14:36:00,3619,In Transit
SH200789,B102224,RC107,2025-04-10 08:58:00,4019,Delivered
SH200790,B102729,RC120,2024-08-20 00:22:00,4215,Delivered
SH200791,B101584,RC101,2025-06-18 14:06:00,6904,Delivered
SH200792,B102184,RC103,2023-08-14 01:15:00,1111,Delivered
SH200793,B102750,RC109,2023-12-10 20:13:00,1302,Delivered
SH200794,B101819,RC118,2024-09-07 12:29:00,2058,Delivered
SH200795,B102009,RC112,2025-01-22 03:45:00,5724,Delivered
SH200796,B102320,RC111,2024-11-09 18:23:00,4418,Delayed
SH200797,B102885,RC122,2024-06-27 17:43:00,3214,Delivered
SH200798,B101884,RC116,2024-05-16 09:12:00,5849,Delivered
SH200799,B100308,RC111,2023-10-08 09:03:00,6010,Delivered
SH200800,B100265,RC101,2025-01-07 03:39:00,7245,Delivered
SH200801,B100557,RC102,2023-09-05 11:39:00,1261,Delivered
SH200802,B102962,RC106,2025-02-18 02:21:00,7191,In Transit
SH200803,B100174,RC116,2023-12-13 07:06:00,7058,Delayed
SH200804,B102367,RC118,2023-09-20 03:11:00,4279,Delivered
SH200805,B101303,RC117,2024-10-24 05:20:00,1872,Returned
SH200806,B100007,RC105,2024-09-12 05:39:00,645,Delivered
SH200807,B101376,RC102,2023-04-11 20:09:00,1652,Delivered
SH200808,B102622,RC102,2023-09-02 19:35:00,2710,Delivered
SH200809,B101141,RC107,2023-01-28 15:33:00,6127,Delivered
SH200810,B101060,RC111,2025-01-19 20:18:00,3844,Delivered
SH200811,B101822,RC106,2024-02-02 09:30:00,5439,Delayed
SH200812,B100902,RC115,2024-12-20 17:00:00,3729,In Transit
SH200813,B100568,RC122,2023-09-14 17:56:00,6429,Delivered
SH200814,B100253,RC101,2023-05-10 23:26:00,692,Delivered
SH200815,B100379,RC104,2024-09-10 19:58:00,7345,Delivered
SH200816,B102188,RC109,2023-06-24 20:48:00,4209,Delivered
SH200817,B100559,RC105,2023-11-28 19:04:00,6565,Delivered
SH200818,B102196,RC113,2023-05-20 11:08:00,7979,Delivered
SH200819,B102284,RC116,2023-09-21 13:23:00,5759,Delivered
SH200820,B102707,RC100,2024-06-03 01:29:00,2467,Delivered
SH200821,B102599,RC115,2024-05-03 04:39:00,1860,Delivered
SH200822,B102749,RC113,2024-03-06 21:36:00,6143,Delivered
SH200823,B100866,RC123,2024-08-27 23:39:00,7389,Delivered
SH200824,B100671,RC116,2024-04-24 02:09:00,6056,Delivered
SH200825,B102691,RC107,2024-04-03 07:54:00,5283,Delayed
SH200826,B100316,RC114,2024-01-21 01:56:00,2530,Delivered
SH200827,B100799,RC113,2023-02-22 03:56:00,4101,Delivered
SH200828,B101604,RC105,2025-02-01 17:54:00,6466,Delayed
SH200829,B100709,RC106,2023-03-31 01:09:00,2601,Delivered
SH200830,B101018,RC115,2025-05-08 20:35:00,963,Delivered
SH200831,B101725,RC112,2024-01-25 04:37:00,6195,In Transit
SH200832,B102111,RC105,2024-11-15 05:19:00,1179,Delivered
SH200833,B100541,RC116,2023-02-28 01:50:00,6861,Delivered
SH200834,B101064,RC107,2024-07-17 15:28:00,5798,Delayed
SH200835,B100259,RC114,2025-03-21 18:53:00,1876,Delivered
SH200836,B101038,RC111,2023-04-29 17:10:00,719,Delivered
SH200837,B101135,RC101,2024-05-29 23:30:00,4973,Delivered
SH200838,B100787,RC120,2024-04-26 03:19:00,3838,Delivered
SH200839,B100937,RC118,2024-11-26 06:27:00,3219,Delivered
SH200840,B102730,RC108,2024-05-03 01:46:00,3124,Delivered
SH200841,B100050,RC122,2024-05-26 10:23:00,3289,Delivered
SH200842,B100203,RC106,2023-10-09 02:56:00,3414,Delivered
SH200843,B101580,RC102,2024-02-23 05:01:00,5728,Delayed
SH200844,B100893,RC108,2024-02-10 08:08:00,5634,Delivered
SH200845,B101825,RC104,2025-04-09 16:57:00,1638,Delivered
SH200846,B101084,RC115,2024-09-28 17:35:00,5992,Delayed
SH200847,B102035,RC109,2023-05-14 20:29:00,6476,In Transit
SH200848,B101922,RC108,2024-10-27 15:02:00,6542,Delivered
SH200849,B101672,RC111,2023-11-29 16:19:00,3545,Delivered
SH200850,B102113,RC108,2023-09-10 17:36:00,6422,Delivered
SH200851,B100334,RC115,2025-05-30 15:46:00,5153,Delivered
SH200852,B100383,RC102,2023-07-26 04:41:00,1204,Delivered
SH200853,B102644,RC115,2023-10-31 04:38:00,2291,Delivered
SH200854,B101713,RC103,2023-12-04 07:03:00,4812,Delivered
SH200855,B100052,RC112,2025-05-29 08:49:00,4253,Delivered
SH200856,B102840,RC104,2024-05-24 03:19:00,5218,Delivered
SH200857,B100013,RC116,2025-03-03 05:42:00,7833,Delivered
SH200858,B101308,RC103,2024-01-21 18:46:00,969,Delivered
SH200859,B102098,RC111,2025-05-05 15:19:00,3582,Delivered
SH200860,B102194,RC106,2025-02-27 12:37:00,3982,Delivered
SH200861,B102168,RC114,2023-12-06 17:22:00,3652,Delivered
SH200862,B100970,RC109,2024-12-23 09:25:00,6732,Delivered
SH200863,B100985,RC124,2025-05-09 15:16:00,3456,Delivered
SH200864,B101824,RC118,2023-03-15 14:19:00,2249,Delivered
SH200865,B102407,RC104,2024-09-29 04:04:00,6266,Delivered
SH200866,B100542,RC121,2025-02-28 13:49:00,5619,Delivered
SH200867,B100732,RC112,2024-11-03 20:20:00,5030,Delivered
SH200868,B100566,RC122,2023-08-08 09:39:00,721,Delivered
SH200869,B101171,RC104,2023-05-21 19:15:00,6509,Delivered
SH200870,B102775,RC118,2024-05-03 00:05:00,1815,Delivered
SH200871,B100018,RC113,2023-01-31 01:33:00,5894,Delivered
SH200872,B102426,RC117,2024-10-10 05:25:00,6089,Delivered
SH200873,B101730,RC101,2024-09-28 16:36:00,3585,Delivered
SH200874,B100863,RC122,2025-05-11 22:42:00,3035,Delivered
SH200875,B101059,RC102,2024-05-24 07:20:00,4298,Delivered
SH200876,B101417,RC100,2023-04-23 22:01:00,7768,Delivered
SH200877,B102181,RC110,2024-02-03 10:23:00,5355,Delivered
SH200878,B100253,RC108,2023-08-12 22:05:00,6190,Delivered
SH200879,B100394,RC117,2024-02-05 17:59:00,6555,Delivered
SH200880,B100610,RC108,2024-04-10 16:03:00,5310,Delivered
SH200881,B101408,RC119,2023-10-18 23:08:00,4883,Delivered
SH200882,B102666,RC110,2023-06-28 13:06:00,1074,Delivered
SH200883,B100916,RC109,2024-09-06 06:53:00,5207,Delivered
SH200884,B102947,RC120,2024-10-24 14:10:00,1680,Delayed
SH200885,B102229,RC100,2024-12-02 12:49:00,6924,Delivered
SH200886,B101540,RC108,2023-02-03 13:35:00,2446,Delivered
SH200887,B100397,RC118,2024-07-22 06:26:00,1011,In Transit
SH200888,B101110,RC107,2025-04-18 17:17:00,6357,Delivered
SH200889,B100109,RC119,2024-02-19 14:25:00,4867,Delivered
SH200890,B101285,RC101,2023-07-07 10:23:00,7983,Delivered
SH200891,B102119,RC117,2023-06-08 05:22:00,3907,Delayed
SH200892,B100099,RC118,2024-06-04 22:06:00,3308,Delivered
SH200893,B101935,RC103,2023-09-19 12:56:00,3200,Delivered
SH200894,B100011,RC112,2025-01-16 16:42:00,1988,Delivered
SH200895,B101083,RC118,2023-01-11 20:02:00,1736,Delivered
SH200896,B102038,RC123,2023-11-18 16:28:00,1107,Delivered
SH200897,B102706,RC110,2023-06-14 15:48:00,2654,Delivered
SH200898,B101633,RC118,2023-02-21 01:00:00,5797,Delivered
SH200899,B102253,RC120,2023-12-04 18:56:00,5660,Delivered
SH200900,B102874,RC111,2023-05-19 02:05:00,2102,Delivered
SH200901,B101228,RC118,2023-03-19 10:15:00,5554,Delayed
SH200902,B102498,RC101,2024-11-05 14:45:00,782,Delivered
SH200903,B101821,RC103,2025-05-18 00:09:00,7352,Delivered
SH200904,B100207,RC124,2024-04-29 11:58:00,4571,Delayed
SH200905,B102135,RC124,2023-07-29 17:19:00,2896,Delivered
SH200906,B100759,RC115,2023-07-30 12:49:00,7646,Delivered
SH200907,B101421,RC104,2024-07-08 07:37:00,5934,Delivered
SH200908,B100229,RC117,2024-03-08 01:05:00,7391,Delivered
SH200909,B100670,RC122,2023-05-05 18:04:00,546,Delivered
SH200910,B100947,RC120,2024-12-22 02:40:00,1547,Delivered
SH200911,B101869,RC118,2023-05-02 23:56:00,7840,Delayed
SH200912,B100276,RC103,2024-11-30 10:38:00,5714,Delivered
SH200913,B101127,RC124,2024-07-26 07:41:00,4145,Delivered
SH200914,B102202,RC121,2025-05-28 02:40:00,7089,Delivered
SH200915,B100973,RC110,2024-01-14 20:07:00,501,Delivered
SH200916,B102947,RC123,2023-06-18 20:03:00,707,Delivered
SH200917,B100764,RC118,2023-01-25 04:20:00,7807,Delivered
SH200918,B100146,RC117,2024-07-10 17:36:00,2389,Delivered
SH200919,B100163,RC117,2024-01-14 02:02:00,2206,In Transit
SH200920,B100769,RC105,2025-05-08 16:41:00,2076,Delivered
SH200921,B100399,RC108,2023-06-06 17:40:00,934,Delivered
SH200922,B101223,RC113,2023-12-11 10:29:00,3082,Delayed
SH200923,B100873,RC100,2023-01-25 20:38:00,507,Delivered
SH200924,B101398,RC102,2023-03-23 23:22:00,3124,Delivered
SH200925,B101452,RC122,2024-08-07 00:34:00,4538,Delivered
SH200926,B102032,RC120,2024-03-20 01:55:00,1835,Delivered
SH200927,B101756,RC117,2023-02-15 03:57:00,4966,Delivered
SH200928,B101564,RC109,2024-08-23 14:27:00,5773,Delivered
SH200929,B101814,RC114,2025-06-07 20:09:00,4104,Delivered
SH200930,B101989,RC122,2024-05-17 00:13:00,6714,Delivered
SH200931,B102961,RC109,2024-12-21 09:29:00,6122,Delivered
SH200932,B101928,RC124,2023-05-03 14:40:00,2525,In Transit
SH200933,B102303,RC119,2024-12-26 18:25:00,7628,Delivered
SH200934,B102936,RC117,2023-12-26 01:46:00,7265,Delivered
SH200935,B102314,RC100,2024-12-02 03:18:00,5069,Delivered
SH200936,B102103,RC103,2024-12-15 02:21:00,3466,Delivered
SH200937,B101006,RC124,2024-04-21 14:29:00,1647,Delivered
SH200938,B100480,RC111,2023-04-13 19:25:00,4186,Delivered
SH200939,B100396,RC101,2024-10-10 21:30:00,7392,Delivered
SH200940,B101374,RC119,2023-09-08 21:08:00,1475,Delivered
SH200941,B100498,RC117,2023-03-08 07:41:00,3755,Delivered
SH200942,B101063,RC115,2024-10-31 04:02:00,5884,Delivered
SH200943,B100328,RC119,2025-05-10 23:09:00,685,Delayed
SH200944,B102192,RC100,2025-04-24 10:30:00,2918,Delayed
SH200945,B101218,RC101,2025-01-17 17:50:00,3746,Delivered
SH200946,B100985,RC112,2023-04-25 16:43:00,7153,Delivered
SH200947,B102925,RC111,2025-04-26 16:25:00,1486,Delivered
SH200948,B101748,RC112,2023-06-02 21:32:00,4918,Delivered
SH200949,B101129,RC121,2023-09-29 06:33:00,6078,Delivered
SH200950,B102243,RC107,2024-09-18 00:52:00,2173,Delivered
SH200951,B101061,RC113,2025-02-16 03:47:00,3362,Delivered
SH200952,B102785,RC100,2024-08-31 09:50:00,5954,Delivered
SH200953,B102767,RC123,2023-06-11 04:13:00,4757,Delivered
SH200954,B101288,RC119,2024-05-07 11:02:00,4896,Delivered
SH200955,B101859,RC104,2023-06-04 13:21:00,6735,Delivered
SH200956,B102783,RC106,2024-07-03 09:56:00,2697,Delivered
SH200957,B101622,RC113,2023-01-20 08:29:00,2942,Delivered
SH200958,B102905,RC109,2025-03-03 10:39:00,649,Delivered
SH200959,B100741,RC118,2024-10-13 15:13:00,5946,Delivered
SH200960,B101827,RC122,2023-09-22 02:26:00,2302,Delivered
SH200961,B102584,RC124,2025-02-10 22:38:00,1000,Delivered
SH200962,B101391,RC118,2025-02-28 02:12:00,3799,In Transit
SH200963,B100803,RC111,2023-05-15 02:13:00,7468,Delayed
SH200964,B100519,RC118,2024-10-22 20:05:00,4363,Delivered
SH200965,B102889,RC107,2023-12-17 23:20:00,6242,Delivered
SH200966,B102828,RC119,2025-02-03 00:37:00,7031,Delivered
SH200967,B100278,RC107,2024-01-25 12:00:00,6578,Delivered
SH200968,B102173,RC109,2024-05-08 16:09:00,4482,Delivered
SH200969,B102831,RC121,2023-07-07 03:02:00,1657,Delivered
SH200970,B101748,RC102,2024-06-28 08:37:00,6503,Delivered
SH200971,B100066,RC117,2024-05-26 14:04:00,7566,Delayed
SH200972,B101372,RC107,2024-10-17 22:09:00,2296,Delivered
SH200973,B101301,RC124,2024-03-02 01:38:00,4886,Delivered
SH200974,B101964,RC118,2024-08-10 21:37:00,3733,Delivered
SH200975,B102690,RC102,2023-12-19 07:55:00,5413,Delivered
SH200976,B102560,RC112,2024-08-18 01:37:00,2374,Delivered
SH200977,B100634,RC120,2025-03-07 15:49:00,1259,Delivered
SH200978,B101019,RC110,2024-10-15 05:11:00,4112,Delivered
SH200979,B101978,RC101,2023-07-21 08:30:00,3264,Delivered
SH200980,B101598,RC101,2023-02-16 09:06:00,2390,Delivered
SH200981,B101548,RC105,2024-08-15 07:05:00,5483,Delivered
SH200982,B102269,RC106,2023-03-17 22:48:00,7303,Delivered
SH200983,B100549,RC109,2023-02-08 17:46:00,1115,Delivered
SH200984,B101194,RC115,2024-06-14 05:43:00,2758,Delivered
SH200985,B101107,RC112,2024-08-11 22:58:00,4734,In Transit
SH200986,B101748,RC109,2024-08-02 22:54:00,3215,In Transit
SH200987,B101323,RC124,2024-03-10 15:15:00,6989,In Transit
SH200988,B101447,RC113,2023-11-10 06:25:00,792,Delivered
SH200989,B102363,RC102,2024-06-30 16:26:00,961,Delivered
SH200990,B101325,RC124,2024-02-27 21:01:00,6207,Delivered
SH200991,B102694,RC109,2023-12-12 00:51:00,1967,Delivered
SH200992,B101673,RC100,2025-03-27 10:40:00,3282,Delivered
SH200993,B102439,RC109,2024-10-29 00:34:00,903,Delivered
SH200994,B102021,RC105,2024-05-14 09:38:00,1406,In Transit
SH200995,B101171,RC110,2024-08-31 19:00:00,6522,Delivered
SH200996,B102602,RC123,2023-03-09 01:15:00,2996,Delivered
SH200997,B101256,RC102,2024-08-27 11:53:00,736,Delivered
SH200998,B100165,RC105,2024-09-08 14:36:00,6314,Delivered
SH200999,B100399,RC121,2023-11-30 23:29:00,5492,Delivered
SH201000,B101166,RC118,2025-01-01 00:08:00,5963,Delivered
SH201001,B100240,RC122,2023-04-27 21:28:00,2070,Delivered
SH201002,B100244,RC119,2023-09-07 21:15:00,6445,Delivered
SH201003,B102631,RC102,2023-12-08 14:00:00,958,Delivered
SH201004,B102104,RC118,2025-05-17 21:17:00,3158,Delivered
SH201005,B102674,RC102,2025-05-06 06:58:00,4592,In Transit
SH201006,B101160,RC101,2024-02-28 08:14:00,6138,Delayed
SH201007,B100396,RC124,2025-01-06 18:07:00,5419,Delivered
SH201008,B100567,RC111,2025-02-12 23:44:00,6037,Delivered
SH201009,B102831,RC104,2025-06-15 16:16:00,2561,Delivered
SH201010,B102421,RC111,2024-06-11 12:50:00,1093,Delivered
SH201011,B100511,RC121,2024-07-27 04:47:00,5486,In Transit
SH201012,B102151,RC103,2025-01-24 05:38:00,5090,Delivered
SH201013,B100132,RC124,2025-05-02 00:59:00,624,Delivered
SH201014,B101761,RC113,2024-06-02 15:59:00,6657,Delivered
SH201015,B100142,RC124,2023-04-27 21:08:00,6702,Delivered
SH201016,B100039,RC108,2025-02-13 18:27:00,2301,Delivered
SH201017,B101803,RC105,2024-04-18 16:06:00,1753,Delivered
SH201018,B102944,RC118,2024-05-27 15:15:00,6902,Delivered
SH201019,B101711,RC102,2023-11-11 02:07:00,7311,Delivered
SH201020,B101998,RC124,2023-06-08 19:10:00,1846,Returned
SH201021,B102818,RC110,2024-08-17 12:03:00,3713,Delivered
SH201022,B100498,RC109,2024-06-20 15:53:00,4416,Delivered
SH201023,B100406,RC116,2023-11-17 14:38:00,4267,Delivered
SH201024,B102337,RC120,2023-12-26 04:32:00,939,Delivered
SH201025,B101590,RC120,2025-04-26 10:11:00,1815,Delivered
SH201026,B101758,RC106,2023-01-19 04:26:00,5517,Delivered
SH201027,B102949,RC107,2023-10-22 21:28:00,3966,Delayed
SH201028,B100261,RC124,2025-06-15 01:32:00,6145,In Transit
SH201029,B100977,RC108,2024-07-23 02:20:00,1245,Delivered
SH201030,B101636,RC112,2023-11-10 06:03:00,4371,Delivered
SH201031,B102167,RC120,2024-11-12 23:35:00,5332,Delivered
SH201032,B102864,RC115,2025-03-27 14:36:00,7613,Delivered
SH201033,B100906,RC108,2023-09-25 03:47:00,7913,Delivered
SH201034,B101309,RC105,2023-07-16 18:56:00,4385,Delivered
SH201035,B101726,RC114,2025-03-19 06:37:00,1326,Delivered
SH201036,B101814,RC104,2024-12-29 19:14:00,4319,Delivered
SH201037,B101422,RC115,2023-07-23 07:59:00,1335,Delivered
SH201038,B102989,RC108,2023-09-09 21:30:00,1941,In Transit
SH201039,B102016,RC116,2023-04-22 17:19:00,579,Delivered
SH201040,B101561,RC122,2023-04-01 04:55:00,2688,Delivered
SH201041,B102615,RC115,2025-01-23 14:30:00,3643,Delivered
SH201042,B102568,RC114,2023-09-04 17:47:00,2134,Delivered
SH201043,B100420,RC103,2023-09-20 21:12:00,4425,Delivered
SH201044,B101074,RC113,2025-03-21 05:49:00,7909,Delivered
SH201045,B100918,RC108,2023-12-29 16:01:00,7738,Returned
SH201046,B101441,RC109,2025-03-19 21:12:00,797,Delivered
SH201047,B101055,RC120,2025-05-14 02:21:00,6615,Delivered
SH201048,B100675,RC121,2024-09-23 21:35:00,6038,Delayed
SH201049,B101897,RC102,2024-05-28 14:03:00,4491,In Transit
SH201050,B101224,RC105,2024-12-25 22:28:00,3455,Delivered
SH201051,B100916,RC115,2023-11-04 07:37:00,4025,Delivered
SH201052,B100359,RC109,2023-01-09 20:31:00,2855,Delivered
SH201053,B100567,RC113,2023-07-07 08:34:00,4090,Delivered
SH201054,B100931,RC100,2024-01-21 13:59:00,5901,In Transit
SH201055,B101609,RC116,2023-01-11 20:27:00,4146,Delivered
SH201056,B101609,RC104,2023-05-21 14:44:00,2957,Delivered
SH201057,B102548,RC124,2023-11-29 17:52:00,5555,Delivered
SH201058,B102224,RC120,2024-07-25 08:02:00,7447,Delivered
SH201059,B101153,RC108,2025-02-16 14:05:00,1610,In Transit
SH201060,B100476,RC112,2025-05-15 10:09:00,1548,Delivered
SH201061,B100937,RC101,2023-01-10 13:01:00,2075,Delivered
SH201062,B102024,RC111,2024-09-17 14:45:00,5939,Delivered
SH201063,B101239,RC123,2024-01-14 22:43:00,6665,Delivered
SH201064,B102690,RC115,2024-08-30 20:22:00,3860,Delivered
SH201065,B102889,RC120,2025-03-03 15:48:00,936,Delivered
SH201066,B100615,RC101,2023-04-25 08:00:00,1208,Delivered
SH201067,B100491,RC110,2023-05-29 11:34:00,7864,Delayed
SH201068,B100033,RC120,2025-03-14 18:34:00,5124,Delayed
SH201069,B101972,RC120,2023-05-25 11:16:00,5883,Delivered
SH201070,B101915,RC110,2025-02-04 05:46:00,7222,Delivered
SH201071,B100991,RC102,2023-10-02 17:58:00,5995,In Transit
SH201072,B101696,RC114,2025-03-18 13:11:00,2386,Delivered
SH201073,B102351,RC122,2023-12-09 06:05:00,3408,Delivered
SH201074,B100026,RC120,2024-06-06 19:09:00,4446,Delayed
SH201075,B101113,RC104,2024-04-22 13:37:00,1138,Delivered
SH201076,B101489,RC102,2025-02-20 20:32:00,547,Delivered
SH201077,B100564,RC116,2025-04-29 01:08:00,5540,Delivered
SH201078,B102615,RC115,2024-05-17 04:36:00,2260,Delayed
SH201079,B101960,RC105,2025-04-08 08:48:00,1004,Delivered
SH201080,B101255,RC122,2023-03-28 02:19:00,6937,Delivered
SH201081,B101668,RC124,2024-07-06 20:01:00,6674,In Transit
SH201082,B101723,RC119,2023-06-22 09:14:00,6212,Delivered
SH201083,B101368,RC118,2024-10-03 06:04:00,6056,Delayed
SH201084,B100426,RC121,2024-06-30 10:10:00,7865,Delivered
SH201085,B101777,RC109,2024-01-19 07:12:00,7208,Delivered
SH201086,B102394,RC114,2023-07-26 17:08:00,4166,Delivered
SH201087,B101969,RC119,2025-01-14 13:48:00,5958,In Transit
SH201088,B101337,RC104,2023-02-18 01:43:00,6261,In Transit
SH201089,B100802,RC105,2023-02-17 03:27:00,5005,Delivered
SH201090,B102164,RC121,2023-10-21 17:38:00,3365,In Transit
SH201091,B100266,RC121,2023-01-29 11:37:00,1538,Delivered
SH201092,B102491,RC100,2023-02-07 07:29:00,2235,Delivered
SH201093,B101347,RC114,2025-02-15 19:59:00,3779,Delivered
SH201094,B100407,RC100,2024-09-07 08:29:00,3005,Delayed
SH201095,B102025,RC111,2025-05-14 04:38:00,3371,Delivered
SH201096,B102673,RC104,2024-12-19 00:49:00,4884,Delivered
SH201097,B100011,RC107,2023-05-09 00:09:00,3624,Delivered
SH201098,B102635,RC100,2023-08-04 11:31:00,4035,Delivered
SH201099,B102195,RC112,2024-12-18 01:07:00,6879,Delivered
SH201100,B101661,RC100,2024-07-18 01:14:00,2498,Delivered
SH201101,B100114,RC109,2023-10-09 13:58:00,7987,Delivered
SH201102,B100532,RC111,2024-04-04 06:00:00,1210,In Transit
SH201103,B100155,RC117,2024-12-01 11:15:00,4990,Delivered
SH201104,B100328,RC111,2023-05-22 13:50:00,2143,Delivered
SH201105,B101765,RC105,2023-07-05 17:07:00,6514,Delivered
SH201106,B100741,RC114,2024-11-13 03:45:00,2686,Delivered
SH201107,B101306,RC122,2025-05-26 00:22:00,7529,Delivered
SH201108,B102512,RC114,2024-01-30 17:18:00,3964,Delivered
SH201109,B100786,RC124,2024-02-12 13:30:00,5499,Delivered
SH201110,B102580,RC124,2025-06-03 14:55:00,2506,Delivered
SH201111,B100548,RC109,2025-02-04 17:51:00,1948,Delivered
SH201112,B101086,RC120,2024-01-30 12:25:00,6867,Delivered
SH201113,B101069,RC118,2025-04-29 14:54:00,5506,Delivered
SH201114,B100082,RC101,2024-02-12 06:29:00,7483,Delivered
SH201115,B101505,RC111,2023-09-17 14:36:00,7079,Delayed
SH201116,B100421,RC123,2024-03-28 18:17:00,5337,Delivered
SH201117,B101575,RC113,2023-12-05 08:47:00,2181,Delivered
SH201118,B101180,RC102,2024-01-20 03:11:00,5865,In Transit
SH201119,B102757,RC120,2025-04-13 20:31:00,1530,Delayed
SH201120,B100718,RC112,2023-08-30 11:21:00,7014,Delivered
SH201121,B101898,RC112,2023-03-16 15:22:00,7394,Delivered
SH201122,B100708,RC117,2023-08-15 18:28:00,1687,Delivered
SH201123,B101950,RC122,2025-03-07 17:26:00,2355,Delivered
SH201124,B100332,RC106,2023-01-15 07:55:00,5726,Delivered
SH201125,B102450,RC115,2024-03-14 16:20:00,7063,Delivered
SH201126,B102056,RC100,2023-09-20 16:47:00,6872,Delivered
SH201127,B101664,RC108,2024-10-24 08:08:00,3024,Delivered
SH201128,B102229,RC116,2023-02-04 06:26:00,6911,Delivered
SH201129,B100819,RC118,2025-02-12 12:04:00,7914,Delivered
SH201130,B101532,RC122,2024-05-21 16:50:00,2213,Delivered
SH201131,B101417,RC116,2023-04-06 14:30:00,4885,In Transit
SH201132,B101305,RC112,2025-03-11 22:24:00,1599,Delivered
SH201133,B100284,RC115,2025-04-06 20:14:00,3224,Delivered
SH201134,B101587,RC114,2024-02-04 20:16:00,1422,Delivered
SH201135,B100694,RC110,2024-07-16 02:13:00,5209,Delayed
SH201136,B100379,RC106,2025-01-27 07:38:00,4880,Delivered
SH201137,B102490,RC103,2023-03-24 22:10:00,6378,Delivered
SH201138,B100848,RC100,2023-01-24 09:47:00,4759,Delivered
SH201139,B102132,RC124,2023-05-10 01:44:00,3756,Delivered
SH201140,B101019,RC105,2024-04-20 01:41:00,661,Delivered
SH201141,B100195,RC107,2023-06-20 19:47:00,1135,Delivered
SH201142,B100649,RC121,2023-06-04 20:28:00,502,Delivered
SH201143,B101177,RC110,2025-06-12 16:55:00,1747,Delivered
SH201144,B102919,RC119,2024-07-07 20:33:00,3191,Delivered
SH201145,B101664,RC100,2023-02-23 22:53:00,666,Delivered
SH201146,B100484,RC111,2023-04-20 05:56:00,6594,Delivered
SH201147,B101726,RC109,2023-08-30 23:05:00,1778,Delivered
SH201148,B101690,RC112,2025-05-29 06:07:00,1714,Returned
SH201149,B102991,RC106,2024-03-11 08:35:00,4390,Delivered
SH201150,B100227,RC104,2024-09-16 03:11:00,2247,Delivered
SH201151,B100264,RC116,2024-02-25 16:21:00,2912,Delivered
SH201152,B101938,RC101,2024-02-07 10:56:00,4020,Delayed
SH201153,B100655,RC110,2024-06-24 00:03:00,3792,Delivered
SH201154,B101456,RC115,2023-10-02 21:16:00,6246,In Transit
SH201155,B101694,RC118,2023-04-30 04:17:00,4004,Delivered
SH201156,B101723,RC116,2024-10-29 19:30:00,695,Delivered
SH201157,B100420,RC119,2024-01-13 21:59:00,4676,Delivered
SH201158,B101513,RC111,2024-11-28 23:16:00,5732,Delivered
SH201159,B101490,RC120,2023-02-07 14:52:00,5761,Delivered
SH201160,B100978,RC111,2023-07-30 12:25:00,5903,Delivered
SH201161,B102091,RC106,2024-07-02 20:00:00,3357,Delivered
SH201162,B100774,RC106,2024-02-02 01:43:00,653,Delivered
SH201163,B102035,RC104,2024-12-29 00:35:00,3618,Delivered
SH201164,B100305,RC119,2024-11-04 19:42:00,5058,Delivered
SH201165,B102706,RC106,2023-09-03 02:13:00,4288,Delivered
SH201166,B101746,RC102,2023-12-26 23:28:00,2241,Delivered
SH201167,B101922,RC104,2025-02-12 02:09:00,5513,Delayed
SH201168,B101247,RC102,2023-09-06 09:48:00,4283,Delivered
SH201169,B101729,RC119,2025-05-27 03:28:00,4463,Delivered
SH201170,B101897,RC111,2024-05-08 14:04:00,5647,Delivered
SH201171,B100935,RC100,2025-04-19 10:51:00,2694,Delivered
SH201172,B102849,RC120,2023-03-08 19:53:00,1694,Delivered
SH201173,B101325,RC115,2025-01-20 11:48:00,3862,Delivered
SH201174,B100682,RC105,2025-03-16 13:35:00,926,Delivered
SH201175,B102393,RC124,2023-10-22 19:17:00,7146,Delivered
SH201176,B101977,RC120,2024-05-31 08:31:00,4920,Delivered
SH201177,B100034,RC109,2023-11-08 02:05:00,4776,In Transit
SH201178,B102524,RC115,2023-12-29 07:33:00,5745,Delivered
SH201179,B102467,RC124,2023-03-31 06:53:00,6220,Returned
SH201180,B100675,RC115,2024-02-22 01:29:00,1889,Delivered
SH201181,B101249,RC102,2024-02-24 01:10:00,553,Delivered
SH201182,B100342,RC108,2024-02-17 06:49:00,4122,Delivered
SH201183,B101911,RC122,2025-02-21 03:41:00,1376,Delivered
SH201184,B101198,RC104,2024-11-07 17:45:00,3914,In Transit
SH201185,B101968,RC114,2023-04-14 16:15:00,5331,Delivered
SH201186,B101319,RC115,2023-06-09 02:34:00,7642,Delivered
SH201187,B101010,RC113,2024-05-15 21:59:00,3299,Delivered
SH201188,B101177,RC121,2025-03-08 14:43:00,1245,Delivered
SH201189,B102359,RC109,2023-09-05 08:22:00,1764,Returned
SH201190,B102605,RC118,2024-09-02 04:13:00,4646,Delivered
SH201191,B100827,RC123,2024-02-07 10:05:00,1315,Delivered
SH201192,B101222,RC104,2024-02-10 08:03:00,3984,Delivered
SH201193,B102907,RC121,2024-05-04 21:38:00,2009,Delivered
SH201194,B102896,RC106,2024-02-18 09:51:00,4422,Delivered
SH201195,B102701,RC118,2023-05-18 20:48:00,4235,Delivered
SH201196,B100766,RC115,2023-03-03 23:45:00,3464,Delayed
SH201197,B102936,RC120,2024-09-24 11:58:00,4125,Delivered
SH201198,B101356,RC124,2024-07-06 02:26:00,3994,Delivered
SH201199,B102127,RC111,2024-07-15 09:42:00,4904,In Transit
SH201200,B102877,RC105,2024-03-08 18:10:00,7333,Delivered
SH201201,B101308,RC109,2023-03-08 20:02:00,7051,Delivered
SH201202,B102260,RC101,2023-06-13 15:18:00,7955,Returned
SH201203,B102053,RC121,2025-05-13 07:03:00,610,Delivered
SH201204,B102941,RC107,2023-06-14 13:18:00,5015,Delivered
SH201205,B100161,RC109,2023-08-08 10:59:00,5009,Delivered
SH201206,B101828,RC120,2025-01-24 08:23:00,6274,Delivered
SH201207,B102139,RC110,2023-02-11 18:31:00,2140,Delivered
SH201208,B102264,RC119,2024-02-03 04:54:00,2095,In Transit
SH201209,B102787,RC107,2025-01-05 14:02:00,3248,In Transit
SH201210,B102866,RC114,2025-03-07 05:39:00,5417,Delivered
SH201211,B100649,RC106,2024-05-21 10:39:00,753,Delivered
SH201212,B101671,RC118,2023-06-15 16:22:00,5101,In Transit
SH201213,B100188,RC118,2024-07-24 22:38:00,5620,Delivered
SH201214,B100620,RC109,2023-10-04 14:16:00,6685,Delayed
SH201215,B101579,RC115,2025-04-23 15:33:00,7240,Delivered
SH201216,B101864,RC110,2023-04-14 09:41:00,2809,In Transit
SH201217,B100120,RC113,2023-02-03 14:25:00,2069,Delivered
SH201218,B101490,RC124,2024-10-30 01:54:00,3209,In Transit
SH201219,B100512,RC109,2025-01-30 23:33:00,4802,Delivered
SH201220,B100435,RC122,2023-03-15 04:02:00,4125,Delayed
SH201221,B101737,RC108,2025-05-19 05:57:00,5093,Delivered
SH201222,B100228,RC103,2024-08-18 00:11:00,7027,Delivered
SH201223,B102781,RC120,2023-08-20 21:40:00,5962,Delivered
SH201224,B102136,RC116,2023-04-18 22:43:00,4762,Delivered
SH201225,B101659,RC114,2024-06-19 12:35:00,2111,Delivered
SH201226,B101898,RC104,2023-03-05 08:22:00,6186,Delivered
SH201227,B100302,RC103,2023-09-17 15:11:00,4316,Delivered
SH201228,B100302,RC112,2023-10-13 07:28:00,2162,Delivered
SH201229,B100376,RC106,2024-07-27 16:33:00,2498,Delivered
SH201230,B102663,RC109,2023-08-10 12:39:00,7605,Delivered
SH201231,B102483,RC118,2024-04-08 22:09:00,3586,Delivered
SH201232,B101166,RC115,2023-04-10 17:46:00,7891,Delivered
SH201233,B101227,RC120,2024-03-20 04:25:00,4768,Delivered
SH201234,B102748,RC118,2024-05-27 06:42:00,3504,Delivered
SH201235,B100693,RC112,2024-04-20 21:23:00,5945,Delivered
SH201236,B101629,RC106,2024-05-13 03:15:00,7495,Delivered
SH201237,B100115,RC123,2024-06-30 15:28:00,6915,Delivered
SH201238,B102609,RC100,2023-11-22 10:21:00,6499,Delivered
SH201239,B100608,RC105,2024-06-12 18:40:00,4504,Delivered
SH201240,B102628,RC121,2024-01-24 19:50:00,7188,Delivered
SH201241,B101264,RC105,2023-02-22 11:08:00,7731,Delivered
SH201242,B102303,RC120,2023-09-30 14:42:00,3579,Delivered
SH201243,B101748,RC119,2024-08-26 05:45:00,1136,Returned
SH201244,B100365,RC124,2025-05-05 19:15:00,3621,In Transit
SH201245,B102128,RC104,2024-10-06 17:23:00,2967,Delivered
SH201246,B101390,RC112,2023-07-06 07:38:00,7926,Delivered
SH201247,B101873,RC102,2023-01-17 03:27:00,7475,Delivered
SH201248,B100427,RC121,2024-03-06 19:12:00,7627,Delivered
SH201249,B101955,RC113,2023-07-18 05:55:00,4817,Delivered
SH201250,B100450,RC112,2024-04-21 14:14:00,4948,Delivered
SH201251,B100212,RC116,2023-01-07 23:41:00,3533,Delivered
SH201252,B102122,RC107,2025-01-15 14:57:00,873,Delivered
SH201253,B101883,RC123,2024-10-18 23:12:00,1853,Delivered
SH201254,B101991,RC101,2023-06-16 15:18:00,1065,Delivered
SH201255,B102728,RC110,2024-03-31 23:25:00,3367,Delivered
SH201256,B100367,RC108,2025-02-23 09:31:00,7517,In Transit
SH201257,B101699,RC124,2025-02-01 14:33:00,2938,Returned
SH201258,B101759,RC104,2024-09-11 17:53:00,1488,Delivered
SH201259,B100339,RC106,2023-10-17 14:01:00,2680,Delivered
SH201260,B100012,RC119,2024-06-30 18:39:00,2263,Delivered
SH201261,B100472,RC110,2024-11-27 06:16:00,6218,Delivered
SH201262,B101183,RC116,2023-08-05 07:28:00,2723,Delivered
SH201263,B102237,RC117,2023-05-17 22:51:00,5231,Delivered
SH201264,B101565,RC108,2023-06-04 03:54:00,6522,Delayed
SH201265,B100797,RC120,2023-02-15 04:27:00,2464,Delivered
SH201266,B102628,RC109,2024-04-29 06:21:00,7888,Delayed
SH201267,B102163,RC113,2023-04-14 21:12:00,6330,Delivered
SH201268,B101891,RC123,2023-05-27 22:15:00,5393,Delivered
SH201269,B102338,RC117,2023-04-25 11:00:00,3060,Delivered
SH201270,B102344,RC108,2025-01-28 10:42:00,4021,Delivered
SH201271,B102422,RC101,2023-01-31 14:03:00,2235,Delivered
SH201272,B100692,RC107,2024-01-05 20:38:00,4552,Delivered
SH201273,B100607,RC117,2024-02-17 03:06:00,6353,Delivered
SH201274,B100743,RC124,2025-01-13 16:19:00,5922,Delivered
SH201275,B101129,RC106,2023-02-24 00:40:00,6368,Delivered
SH201276,B100214,RC124,2023-04-05 09:00:00,7971,Delivered
SH201277,B101318,RC117,2023-08-25 13:44:00,1125,Delivered
SH201278,B101145,RC118,2024-05-30 22:09:00,6097,Delivered
SH201279,B102311,RC109,2024-07-23 13:34:00,890,Delivered
SH201280,B100980,RC106,2023-08-22 07:10:00,5057,Delivered
SH201281,B100621,RC122,2023-10-15 04:20:00,4730,Delivered
SH201282,B102916,RC115,2025-06-04 13:14:00,4351,Delivered
SH201283,B102516,RC110,2024-01-01 22:38:00,3747,Delivered
SH201284,B101661,RC113,2024-10-22 16:41:00,1807,Delivered
SH201285,B100268,RC112,2023-06-30 18:58:00,796,Delivered
SH201286,B102762,RC111,2024-05-08 02:25:00,1062,Delivered
SH201287,B101641,RC121,2023-03-24 05:22:00,1084,Delivered
SH201288,B102277,RC114,2025-05-27 23:25:00,3661,Delivered
SH201289,B101470,RC118,2025-05-31 05:36:00,5647,In Transit
SH201290,B102535,RC119,2024-09-02 06:35:00,4819,Delivered
SH201291,B100353,RC101,2024-08-06 10:17:00,7370,Delivered
SH201292,B100961,RC114,2023-04-07 22:13:00,726,Delivered
SH201293,B101245,RC104,2023-01-05 00:21:00,4729,Delivered
SH201294,B100199,RC112,2023-11-06 20:15:00,3403,Delivered
SH201295,B102168,RC121,2023-04-05 15:31:00,6740,Delivered
SH201296,B100009,RC119,2024-12-20 03:32:00,5300,Delivered
SH201297,B102218,RC103,2023-07-02 05:33:00,7468,Delivered
SH201298,B101080,RC120,2024-10-22 06:54:00,944,In Transit
SH201299,B101422,RC120,2024-03-19 15:26:00,3708,Delivered
SH201300,B101028,RC107,2023-10-01 19:36:00,4310,Delivered
SH201301,B101437,RC102,2023-07-01 09:56:00,2683,Delivered
SH201302,B100648,RC113,2024-04-13 02:34:00,554,Delivered
SH201303,B100345,RC110,2023-03-20 03:32:00,5009,Delivered
SH201304,B102134,RC119,2024-05-17 09:27:00,1414,Delivered
SH201305,B100009,RC103,2024-01-29 11:32:00,7532,Delivered
SH201306,B100906,RC118,2025-04-30 16:23:00,1895,Delivered
SH201307,B102922,RC120,2023-01-21 11:34:00,4112,In Transit
SH201308,B102228,RC107,2023-02-05 05:31:00,3287,Delivered
SH201309,B101769,RC112,2024-11-01 03:58:00,5965,Delivered
SH201310,B101445,RC123,2025-05-05 01:18:00,2644,Delivered
SH201311,B101806,RC103,2024-01-03 11:53:00,5301,Delayed
SH201312,B101126,RC102,2025-04-08 11:17:00,2344,Delivered
SH201313,B101635,RC109,2025-05-16 16:26:00,4683,Delivered
SH201314,B101761,RC118,2023-09-25 22:02:00,838,Delivered
SH201315,B100665,RC112,2024-01-04 16:29:00,3117,Delivered
SH201316,B101341,RC113,2025-05-28 02:58:00,6524,Delivered
SH201317,B100022,RC124,2023-04-01 13:55:00,2423,Delivered
SH201318,B101032,RC116,2023-06-27 01:24:00,2014,Delivered
SH201319,B100858,RC123,2024-08-04 05:45:00,7570,Delayed
SH201320,B101500,RC118,2023-04-12 20:56:00,5593,Delivered
SH201321,B101621,RC104,2025-03-28 21:03:00,7835,In Transit
SH201322,B102618,RC124,2024-01-29 13:04:00,849,Delivered
SH201323,B101198,RC104,2023-06-18 07:03:00,2532,Delayed
SH201324,B100912,RC102,2024-10-24 00:49:00,1297,Delivered
SH201325,B101381,RC119,2025-06-16 03:52:00,3896,Delivered
SH201326,B100665,RC120,2023-03-01 12:15:00,7596,In Transit
SH201327,B100914,RC116,2023-06-22 09:23:00,6279,Returned
SH201328,B100336,RC123,2023-05-21 17:08:00,3715,Delivered
SH201329,B101506,RC123,2024-09-09 07:42:00,5937,Delivered
SH201330,B102326,RC113,2024-09-14 00:12:00,3395,Delivered
SH201331,B102131,RC119,2023-06-18 09:56:00,3321,Delivered
SH201332,B102851,RC103,2023-03-17 21:57:00,6213,Delivered
SH201333,B102182,RC122,2024-05-09 22:27:00,2488,Delivered
SH201334,B102055,RC123,2025-05-03 17:56:00,5804,Delivered
SH201335,B101035,RC112,2024-02-03 08:33:00,7467,Delivered
SH201336,B102279,RC113,2024-12-02 09:31:00,6447,Delivered
SH201337,B102924,RC120,2024-12-01 04:14:00,2710,Delivered
SH201338,B102569,RC106,2023-04-13 14:02:00,7906,Delivered
SH201339,B100300,RC105,2023-05-05 22:49:00,7881,Delivered
SH201340,B100165,RC122,2024-12-05 13:51:00,3332,Delivered
SH201341,B101193,RC115,2023-09-28 04:26:00,6560,Delivered
SH201342,B101307,RC105,2024-05-21 16:17:00,7712,Delivered
SH201343,B101218,RC104,2025-05-29 08:12:00,2199,Delivered
SH201344,B101073,RC100,2023-11-07 19:46:00,6061,Delivered
SH201345,B102231,RC109,2023-02-24 22:40:00,5867,Delivered
SH201346,B101265,RC119,2024-09-12 13:55:00,687,Delivered
SH201347,B102317,RC100,2025-05-12 11:46:00,949,Returned
SH201348,B101664,RC112,2024-04-17 05:58:00,3950,Delivered
SH201349,B100570,RC119,2025-03-10 10:38:00,5441,Delivered
SH201350,B100415,RC111,2023-05-19 03:32:00,6352,Delivered
SH201351,B100711,RC108,2023-01-28 20:26:00,7649,Delivered
SH201352,B100394,RC119,2023-08-04 18:55:00,4069,In Transit
SH201353,B101931,RC121,2023-05-28 23:33:00,7559,Delayed
SH201354,B102175,RC120,2023-03-04 02:17:00,6245,Delivered
SH201355,B102079,RC112,2023-04-23 05:12:00,7965,Delivered
SH201356,B101844,RC121,2023-04-11 01:22:00,6657,Delivered
SH201357,B100809,RC124,2024-10-31 02:12:00,6520,Delivered
SH201358,B102379,RC117,2023-12-12 22:49:00,3670,Delivered
SH201359,B100889,RC120,2024-11-02 20:29:00,933,Delivered
SH201360,B102024,RC124,2024-08-15 14:09:00,860,Delivered
SH201361,B101075,RC113,2023-09-29 07:43:00,7402,Delivered
SH201362,B101217,RC109,2024-03-26 18:05:00,3102,Delivered
SH201363,B100213,RC112,2025-01-17 15:41:00,504,Delivered
SH201364,B102703,RC112,2023-12-28 04:22:00,4248,Delivered
SH201365,B100006,RC109,2023-07-02 04:23:00,3330,Delivered
SH201366,B100120,RC108,2025-01-01 15:51:00,6444,Delivered
SH201367,B101210,RC110,2023-09-18 12:03:00,1798,Delivered
SH201368,B101664,RC109,2023-07-18 04:19:00,1434,Delivered
SH201369,B102303,RC124,2023-07-20 07:59:00,6346,Delivered
SH201370,B101719,RC105,2023-12-24 13:14:00,5605,In Transit
SH201371,B101339,RC124,2024-12-04 05:28:00,3030,Returned
SH201372,B102681,RC114,2023-01-05 04:14:00,3438,Delivered
SH201373,B102281,RC109,2024-10-29 09:29:00,6263,Delivered
SH201374,B100996,RC120,2024-02-13 04:05:00,2657,Delivered
SH201375,B100984,RC100,2024-04-13 16:30:00,3366,Delivered
SH201376,B101743,RC124,2023-11-22 03:01:00,2154,In Transit
SH201377,B102259,RC109,2024-03-25 05:23:00,3206,In Transit
SH201378,B100176,RC121,2023-04-29 03:46:00,7997,Delivered
SH201379,B101890,RC114,2024-02-26 12:54:00,4307,Delivered
SH201380,B101370,RC118,2024-11-22 22:33:00,2638,Returned
SH201381,B102948,RC124,2025-03-15 08:53:00,2409,Delivered
SH201382,B102459,RC123,2023-05-21 10:20:00,5394,Delivered
SH201383,B102097,RC106,2024-04-21 04:55:00,6144,Delivered
SH201384,B101418,RC107,2024-08-17 07:13:00,4438,Delivered
SH201385,B101200,RC114,2023-05-13 11:23:00,2022,Returned
SH201386,B101075,RC123,2024-02-02 18:35:00,6185,Delivered
SH201387,B100833,RC101,2025-03-22 08:01:00,7562,Delivered
SH201388,B100244,RC108,2024-12-07 08:10:00,4835,Delivered
SH201389,B101377,RC109,2024-07-16 18:15:00,5181,In Transit
SH201390,B101454,RC113,2023-01-12 22:55:00,3287,Delivered
SH201391,B102236,RC109,2023-10-07 05:33:00,1369,Delivered
SH201392,B100330,RC105,2025-06-18 13:07:00,1440,Delivered
SH201393,B100087,RC107,2024-01-04 14:23:00,6785,Delivered
SH201394,B101897,RC122,2023-12-17 13:09:00,5684,Delivered
SH201395,B100490,RC121,2023-11-01 16:30:00,3043,Delivered
SH201396,B101301,RC111,2023-12-10 14:24:00,7308,Delivered
SH201397,B102691,RC118,2024-05-14 04:29:00,3577,Delivered
SH201398,B100984,RC103,2024-03-24 13:58:00,4999,Delivered
SH201399,B102610,RC106,2025-03-14 17:36:00,5919,Delivered
SH201400,B102705,RC123,2025-06-11 05:14:00,1012,Delivered
SH201401,B101473,RC114,2023-12-08 20:59:00,740,Delivered
SH201402,B101610,RC110,2024-06-11 06:59:00,6565,Delivered
SH201403,B102853,RC100,2023-08-29 15:19:00,3124,Delivered
SH201404,B102641,RC123,2024-10-09 21:54:00,5807,Delivered
SH201405,B102640,RC123,2024-01-11 11:23:00,6305,Delivered
SH201406,B100594,RC107,2024-12-06 16:40:00,4744,Delayed
SH201407,B102029,RC101,2024-09-14 10:02:00,3008,Delayed
SH201408,B101122,RC107,2025-05-21 13:01:00,3726,Delivered
SH201409,B101796,RC113,2024-11-22 22:06:00,6545,Delivered
SH201410,B101590,RC106,2024-02-17 11:47:00,4498,Delivered
SH201411,B102172,RC112,2023-10-25 14:04:00,725,Delivered
SH201412,B102423,RC123,2025-01-29 15:25:00,1545,Delivered
SH201413,B102302,RC113,2023-04-01 03:53:00,6987,Delivered
SH201414,B100447,RC104,2024-07-20 21:38:00,1566,Delivered
SH201415,B100484,RC110,2023-07-11 21:07:00,3641,Delivered
SH201416,B100533,RC123,2024-12-11 20:28:00,694,Delivered
SH201417,B100728,RC106,2023-03-03 08:51:00,7466,Delivered
SH201418,B101013,RC103,2023-02-01 00:48:00,4136,Delivered
SH201419,B101279,RC111,2023-04-26 13:59:00,4087,Delivered
SH201420,B101264,RC103,2024-06-14 17:20:00,2059,Delivered
SH201421,B100025,RC120,2023-12-04 12:45:00,2595,Delivered
SH201422,B100745,RC102,2023-06-22 08:28:00,4915,Delivered
SH201423,B100904,RC108,2023-12-11 17:26:00,3108,Delivered
SH201424,B102669,RC115,2024-03-07 14:43:00,6882,Delivered
SH201425,B102336,RC100,2024-10-11 22:38:00,3761,Delivered
SH201426,B101636,RC104,2023-07-16 02:39:00,6634,Delivered
SH201427,B102594,RC121,2025-02-23 09:48:00,6098,Delivered
SH201428,B100054,RC110,2024-04-21 13:46:00,4827,Delivered
SH201429,B101668,RC120,2023-08-19 13:41:00,5866,In Transit
SH201430,B100136,RC107,2023-03-14 22:00:00,1533,Delayed
SH201431,B101999,RC124,2024-03-05 23:24:00,7728,In Transit
SH201432,B102482,RC108,2024-09-27 17:22:00,1785,Delivered
SH201433,B100744,RC120,2024-02-18 20:18:00,6363,Delivered
SH201434,B100259,RC105,2024-08-31 21:50:00,700,Delivered
SH201435,B102810,RC119,2023-04-15 06:15:00,4186,In Transit
SH201436,B102593,RC122,2023-08-24 01:53:00,2171,Delivered
SH201437,B100505,RC109,2024-04-22 17:24:00,3303,Delivered
SH201438,B101152,RC104,2024-01-02 07:09:00,4749,Delivered
SH201439,B102109,RC116,2023-04-07 21:26:00,6175,Delivered
SH201440,B100725,RC104,2023-04-26 09:15:00,3363,Delivered
SH201441,B100880,RC102,2024-04-08 21:24:00,1518,Delivered
SH201442,B102834,RC100,2023-06-01 20:20:00,6155,Delivered
SH201443,B101625,RC108,2023-04-30 05:01:00,3730,Delivered
SH201444,B101858,RC120,2023-11-12 18:31:00,6526,Delivered
SH201445,B102063,RC106,2024-11-14 05:45:00,5361,Delivered
SH201446,B101040,RC110,2024-11-18 01:35:00,7146,Delayed
SH201447,B101002,RC100,2024-05-19 17:37:00,754,Delivered
SH201448,B101315,RC120,2023-08-05 19:51:00,1333,Delivered
SH201449,B102925,RC111,2025-01-15 13:27:00,6262,Delivered
SH201450,B100820,RC123,2025-02-10 10:51:00,4532,Delivered
SH201451,B102738,RC117,2025-05-30 01:52:00,1175,Delivered
SH201452,B102009,RC112,2024-11-04 16:30:00,990,Delivered
SH201453,B102213,RC114,2024-09-06 19:47:00,5601,Delivered
SH201454,B100493,RC118,2024-12-18 21:44:00,4960,Delivered
SH201455,B101382,RC106,2024-11-17 23:54:00,7961,Delivered
SH201456,B101663,RC110,2023-06-20 04:55:00,4348,In Transit
SH201457,B102516,RC122,2023-05-24 08:24:00,842,Delivered
SH201458,B100154,RC109,2023-07-03 08:04:00,4931,Delivered
SH201459,B101060,RC110,2023-09-05 22:34:00,7593,Delivered
SH201460,B102537,RC124,2023-11-10 11:23:00,7499,Delayed
SH201461,B102418,RC113,2024-12-20 20:24:00,684,Delivered
SH201462,B102303,RC113,2024-04-26 13:09:00,5145,In Transit
SH201463,B100156,RC100,2023-04-19 23:56:00,4241,Delivered
SH201464,B102595,RC102,2025-02-22 18:12:00,6640,Delivered
SH201465,B102178,RC118,2023-11-13 00:27:00,6570,Delivered
SH201466,B101949,RC105,2024-02-05 04:27:00,4448,Delivered
SH201467,B100073,RC107,2024-11-22 20:12:00,2987,Delivered
SH201468,B102724,RC110,2024-05-23 02:58:00,2204,Delivered
SH201469,B101409,RC102,2023-01-28 14:36:00,7134,Delivered
SH201470,B100412,RC115,2023-08-30 21:13:00,2236,Delivered
SH201471,B101847,RC124,2025-05-31 01:47:00,3113,In Transit
SH201472,B101890,RC101,2024-11-27 21:46:00,7376,Delivered
SH201473,B100831,RC120,2023-10-08 04:21:00,3524,Delivered
SH201474,B101634,RC110,2023-04-09 21:35:00,817,Delivered
SH201475,B100540,RC121,2024-06-13 06:41:00,3772,Delivered
SH201476,B101189,RC102,2023-12-31 10:18:00,7176,Delivered
SH201477,B102812,RC100,2023-09-05 11:47:00,5575,Delivered
SH201478,B101044,RC105,2023-10-07 01:04:00,4746,Delivered
SH201479,B102841,RC113,2025-01-05 02:07:00,5947,Delivered
SH201480,B101722,RC102,2023-08-09 00:26:00,877,Delivered
SH201481,B100402,RC113,2023-05-27 23:35:00,2982,Delivered
SH201482,B100395,RC115,2023-07-02 02:23:00,5842,Delivered
SH201483,B102874,RC104,2024-08-15 16:11:00,6247,Delivered
SH201484,B102777,RC118,2024-03-21 12:51:00,3754,In Transit
SH201485,B100099,RC113,2023-09-05 18:45:00,5687,Delivered
SH201486,B100771,RC120,2024-02-19 16:25:00,6249,Delayed
SH201487,B100575,RC122,2025-02-18 06:23:00,3030,Delivered
SH201488,B100177,RC120,2024-03-19 15:41:00,5468,In Transit
SH201489,B102700,RC119,2023-10-12 08:11:00,6160,Delivered
SH201490,B101332,RC120,2023-01-29 23:08:00,5589,Delivered
SH201491,B102198,RC109,2023-08-26 01:06:00,4306,Delivered
SH201492,B101399,RC101,2023-03-18 13:13:00,1127,Delivered
SH201493,B100446,RC101,2024-04-24 02:49:00,7282,Delivered
SH201494,B100063,RC108,2023-01-30 20:33:00,1836,Delayed
SH201495,B101518,RC101,2023-01-30 14:55:00,7381,Delivered
SH201496,B101560,RC113,2023-05-11 19:28:00,2190,Delivered
SH201497,B101129,RC112,2025-03-27 15:05:00,755,Delivered
SH201498,B101946,RC122,2025-06-07 14:13:00,1568,Delivered
SH201499,B102152,RC119,2025-03-01 14:37:00,6013,Delivered
SH201500,B101331,RC103,2024-02-27 03:02:00,7603,Delivered
SH201501,B102439,RC122,2023-04-02 00:38:00,5336,Delivered
SH201502,B101072,RC105,2024-02-22 02:15:00,2552,Returned
SH201503,B101982,RC112,2024-08-12 19:03:00,6382,Delivered
SH201504,B102814,RC122,2024-10-30 06:19:00,3749,In Transit
SH201505,B101081,RC115,2023-12-08 17:49:00,4314,Delivered
SH201506,B101410,RC100,2023-01-25 09:25:00,5889,Delivered
SH201507,B102682,RC112,2024-03-27 09:55:00,1992,Delayed
SH201508,B102065,RC110,2025-05-23 20:30:00,1429,Delivered
SH201509,B100238,RC110,2025-01-05 20:13:00,3331,Delivered
SH201510,B100632,RC102,2025-02-05 00:40:00,6470,Delivered
SH201511,B100817,RC122,2024-04-16 11:00:00,5700,Delivered
SH201512,B101129,RC100,2023-04-28 05:27:00,7935,Delivered
SH201513,B102519,RC104,2024-06-20 14:37:00,4186,Delivered
SH201514,B100771,RC106,2024-04-28 05:41:00,5837,Delivered
SH201515,B101458,RC103,2023-10-23 11:14:00,548,Delivered
SH201516,B102312,RC106,2023-07-13 05:31:00,2413,Delivered
SH201517,B102198,RC108,2023-01-21 16:47:00,3716,Delivered
SH201518,B101441,RC100,2024-04-14 10:48:00,557,Delivered
SH201519,B100218,RC118,2023-11-19 09:34:00,4849,Delivered
SH201520,B100690,RC103,2023-07-29 13:40:00,4159,Delivered
SH201521,B101907,RC109,2025-01-02 22:10:00,3297,Delivered
SH201522,B102656,RC114,2023-10-03 10:38:00,6913,Delivered
SH201523,B102280,RC101,2023-02-09 01:03:00,5487,Delivered
SH201524,B101066,RC103,2023-10-10 18:49:00,4761,Delivered
SH201525,B100304,RC112,2025-05-28 23:42:00,2399,Delivered
SH201526,B100387,RC110,2025-06-08 19:05:00,1765,Delivered
SH201527,B100312,RC111,2025-05-18 03:43:00,4551,Delivered
SH201528,B102644,RC120,2024-02-02 13:54:00,3266,Delivered
SH201529,B102264,RC124,2025-02-23 01:41:00,5003,Delivered
SH201530,B102936,RC121,2024-02-24 14:16:00,5490,Delivered
SH201531,B100615,RC108,2024-09-23 11:07:00,4650,Delivered
SH201532,B101092,RC114,2023-05-12 17:57:00,3276,Delivered
SH201533,B100709,RC106,2023-12-23 19:55:00,6300,Delivered
SH201534,B101743,RC113,2024-10-04 20:44:00,7696,Delivered
SH201535,B102129,RC110,2025-01-26 23:28:00,5381,Delivered
SH201536,B102927,RC119,2024-04-26 23:29:00,720,Delivered
SH201537,B101947,RC119,2025-06-01 06:01:00,2674,Delivered
SH201538,B100520,RC108,2025-01-15 08:04:00,3786,Delivered
SH201539,B101674,RC122,2025-02-26 07:07:00,4901,Delivered
SH201540,B101229,RC113,2024-12-11 23:34:00,6803,Delivered
SH201541,B100786,RC110,2024-09-01 14:45:00,5886,Delivered
SH201542,B102089,RC101,2023-04-18 00:06:00,3218,Delivered
SH201543,B101991,RC120,2023-06-11 18:44:00,2067,Delivered
SH201544,B101546,RC114,2023-05-01 22:15:00,1493,Delivered
SH201545,B101896,RC112,2025-01-10 22:48:00,5956,Delivered
SH201546,B102149,RC116,2025-04-27 19:11:00,4620,Delivered
SH201547,B101733,RC115,2024-10-18 15:31:00,2873,Delivered
SH201548,B102403,RC114,2023-02-26 10:58:00,5244,Delivered
SH201549,B101318,RC117,2024-02-12 09:45:00,2368,Delivered
SH201550,B100195,RC113,2023-03-28 08:51:00,5833,Delivered
SH201551,B100424,RC109,2024-11-15 13:05:00,5466,Delivered
SH201552,B100177,RC124,2025-05-31 04:06:00,4933,Delayed
SH201553,B101581,RC101,2024-06-05 09:30:00,2330,Delivered
SH201554,B100848,RC103,2025-02-09 13:31:00,1705,Delivered
SH201555,B100113,RC101,2024-02-13 19:05:00,5401,Delivered
SH201556,B100222,RC118,2023-12-25 15:30:00,4959,Delivered
SH201557,B101668,RC102,2025-04-13 11:18:00,2963,Delivered
SH201558,B101878,RC121,2025-01-14 16:05:00,5620,Delivered
SH201559,B100833,RC121,2024-06-23 07:43:00,7874,In Transit
SH201560,B102516,RC100,2024-06-29 00:59:00,2318,Delivered
SH201561,B101087,RC123,2024-03-17 15:28:00,7761,Delivered
SH201562,B100065,RC109,2025-01-05 00:08:00,1423,In Transit
SH201563,B100764,RC120,2023-10-18 21:01:00,6473,Delivered
SH201564,B101022,RC104,2023-11-24 06:48:00,7530,Delivered
SH201565,B100967,RC104,2025-04-01 16:35:00,3635,Delivered
SH201566,B102942,RC107,2023-10-16 21:47:00,6100,Delivered
SH201567,B100931,RC117,2024-12-28 13:36:00,2116,Delivered
SH201568,B101964,RC111,2023-08-27 17:10:00,744,Delivered
SH201569,B102743,RC112,2024-01-10 01:52:00,4250,Delivered
SH201570,B102643,RC104,2023-04-06 20:28:00,3154,Delivered
SH201571,B101284,RC101,2024-09-03 01:34:00,5386,Delivered
SH201572,B100625,RC124,2023-07-26 08:41:00,4469,Delivered
SH201573,B102803,RC110,2023-03-04 00:55:00,7636,In Transit
SH201574,B102785,RC118,2024-03-01 16:58:00,4720,Delivered
SH201575,B100853,RC115,2023-02-28 08:59:00,2979,Delivered
SH201576,B102157,RC120,2024-06-29 10:56:00,535,Delivered
SH201577,B102653,RC113,2024-02-02 13:05:00,6995,Delivered
SH201578,B100187,RC121,2023-04-12 12:59:00,7931,Delivered
SH201579,B100967,RC123,2024-02-16 12:05:00,6238,Delivered
SH201580,B102762,RC119,2023-05-18 08:06:00,1176,Delayed
SH201581,B100839,RC124,2024-09-21 01:05:00,6973,Delivered
SH201582,B101606,RC120,2024-10-02 05:56:00,4226,Delivered
SH201583,B100236,RC115,2023-09-20 11:07:00,4696,Delivered
SH201584,B102473,RC104,2023-10-27 13:53:00,7501,Delivered
SH201585,B100936,RC101,2023-08-27 23:25:00,5246,Delivered
SH201586,B101713,RC101,2023-09-01 23:58:00,5939,Delivered
SH201587,B101663,RC111,2024-10-02 08:15:00,3401,Delivered
SH201588,B101487,RC121,2023-11-02 11:10:00,6251,Delivered
SH201589,B100869,RC105,2023-12-29 07:35:00,7380,Delivered
SH201590,B102097,RC108,2024-03-27 02:37:00,3640,Delivered
SH201591,B100651,RC118,2023-08-27 22:49:00,5204,Delivered
SH201592,B100240,RC108,2023-06-30 18:16:00,2238,Delivered
SH201593,B102631,RC101,2025-03-16 06:58:00,3062,Delivered
SH201594,B101226,RC108,2023-04-17 15:44:00,3362,Delivered
SH201595,B100330,RC124,2023-08-01 07:20:00,5627,Delivered
SH201596,B100843,RC121,2023-04-25 05:00:00,5548,Delivered
SH201597,B102340,RC102,2024-04-20 12:10:00,7067,Delivered
SH201598,B100397,RC116,2023-11-30 04:40:00,5298,Delivered
SH201599,B102027,RC100,2024-08-13 07:06:00,1242,Delivered
SH201600,B102649,RC107,2024-04-17 05:19:00,1030,Delivered
SH201601,B101659,RC123,2023-01-11 13:54:00,7228,Delivered
SH201602,B100215,RC108,2023-09-23 23:33:00,1412,Delivered
SH201603,B101508,RC113,2024-09-27 17:25:00,4147,Delivered
SH201604,B100457,RC108,2023-02-02 21:05:00,4841,Delivered
SH201605,B102662,RC107,2023-01-27 12:04:00,6726,Delivered
SH201606,B101192,RC104,2025-02-19 19:49:00,6913,Delivered
SH201607,B102985,RC104,2023-11-28 05:04:00,3321,Delivered
SH201608,B101417,RC103,2024-02-17 07:06:00,1822,Delivered
SH201609,B102272,RC123,2024-07-15 12:05:00,5403,Delivered
SH201610,B101350,RC115,2023-12-27 11:35:00,3203,Delivered
SH201611,B101521,RC118,2023-12-17 17:46:00,1598,Delivered
SH201612,B101553,RC112,2024-03-22 12:52:00,1143,Delivered
SH201613,B101105,RC118,2023-07-09 07:40:00,7640,Delivered
SH201614,B102276,RC119,2024-08-08 04:26:00,5724,In Transit
SH201615,B100161,RC109,2024-12-18 03:55:00,4220,Delivered
SH201616,B101877,RC114,2023-06-17 21:03:00,5448,Delivered
SH201617,B102045,RC112,2024-07-02 18:05:00,6321,Delivered
SH201618,B102546,RC113,2025-04-15 21:03:00,6468,Delivered
SH201619,B100055,RC118,2024-05-04 07:28:00,5426,Delayed
SH201620,B100731,RC122,2023-10-19 03:41:00,4827,Delivered
SH201621,B100052,RC121,2024-04-06 04:31:00,4957,Delivered
SH201622,B101045,RC106,2023-08-20 03:18:00,1489,Delivered
SH201623,B102025,RC108,2023-12-16 23:32:00,4436,Delivered
SH201624,B101418,RC107,2024-09-26 02:00:00,2262,Delivered
SH201625,B101025,RC123,2024-01-30 06:29:00,5994,Delivered
SH201626,B102694,RC122,2023-09-02 01:01:00,6597,Delayed
SH201627,B101419,RC110,2023-10-31 04:33:00,2770,Delivered
SH201628,B101035,RC100,2024-10-31 18:35:00,637,Delivered
SH201629,B102049,RC119,2023-04-09 07:05:00,1049,In Transit
SH201630,B100122,RC109,2024-02-26 18:14:00,3234,Delivered
SH201631,B102808,RC121,2023-01-01 02:11:00,5702,Delivered
SH201632,B101939,RC117,2024-09-25 04:37:00,2157,Delivered
SH201633,B102556,RC113,2025-01-28 17:07:00,7982,Delivered
SH201634,B102340,RC101,2025-05-22 04:35:00,6961,Delivered
SH201635,B102327,RC110,2024-05-03 10:13:00,6256,Delivered
SH201636,B102702,RC101,2023-01-04 08:16:00,3307,Delivered
SH201637,B100887,RC103,2023-09-23 19:13:00,4852,Delivered
SH201638,B101595,RC103,2025-06-07 23:19:00,6905,Delivered
SH201639,B101669,RC100,2025-03-15 14:44:00,7137,Delivered
SH201640,B102705,RC105,2023-12-22 01:08:00,7958,Delivered
SH201641,B100141,RC114,2025-03-15 03:48:00,5908,Delivered
SH201642,B100190,RC101,2023-05-29 15:32:00,6309,Delivered
SH201643,B102469,RC107,2023-08-06 06:47:00,5824,In Transit
SH201644,B100780,RC109,2024-03-04 11:02:00,6371,Delivered
SH201645,B100470,RC102,2023-09-30 13:11:00,2838,Delivered
SH201646,B102397,RC109,2024-01-06 03:17:00,7650,Delivered
SH201647,B101010,RC119,2024-05-13 04:26:00,6972,In Transit
SH201648,B101424,RC113,2024-05-02 06:09:00,5375,Delivered
SH201649,B100168,RC103,2023-06-27 07:45:00,7026,Delivered
SH201650,B102592,RC111,2025-04-15 02:16:00,2294,Delivered
SH201651,B100085,RC100,2024-05-16 01:07:00,7753,Delivered
SH201652,B102737,RC119,2024-09-25 09:21:00,1570,Delivered
SH201653,B100466,RC121,2024-02-16 17:14:00,2451,Delivered
SH201654,B101910,RC121,2025-04-20 22:20:00,7423,Delivered
SH201655,B101292,RC104,2024-06-01 06:52:00,3506,Delivered
SH201656,B100096,RC100,2024-12-17 03:39:00,4900,Delivered
SH201657,B100012,RC113,2023-08-19 07:28:00,6667,Delivered
SH201658,B102191,RC120,2023-09-18 19:04:00,5012,Delivered
SH201659,B100892,RC124,2023-11-16 06:50:00,6163,Delivered
SH201660,B101130,RC109,2023-01-22 15:50:00,1763,Delivered
SH201661,B101057,RC115,2025-04-07 21:29:00,2282,Delivered
SH201662,B100202,RC119,2023-06-06 07:31:00,3630,Delivered
SH201663,B100117,RC119,2023-09-20 20:48:00,2363,Delivered
SH201664,B100658,RC114,2023-01-21 22:18:00,2161,Delivered
SH201665,B101928,RC117,2025-03-14 00:56:00,7460,Delivered
SH201666,B101094,RC115,2024-09-16 10:07:00,2413,Delivered
SH201667,B102132,RC111,2023-10-12 04:36:00,6988,Delayed
SH201668,B102423,RC115,2023-09-01 07:48:00,994,Delivered
SH201669,B100281,RC108,2023-06-04 12:47:00,5385,Delivered
SH201670,B102537,RC113,2023-02-05 10:56:00,3707,Delivered
SH201671,B100368,RC102,2024-11-23 14:33:00,2978,In Transit
SH201672,B101617,RC114,2023-04-10 05:22:00,7872,Delivered
SH201673,B101378,RC114,2025-03-16 09:52:00,7272,Delivered
SH201674,B101877,RC102,2024-12-31 07:25:00,7383,In Transit
SH201675,B101556,RC107,2024-12-13 05:44:00,2609,Delivered
SH201676,B102862,RC106,2025-04-06 09:14:00,7905,Delivered
SH201677,B102625,RC113,2024-10-14 13:45:00,577,Delivered
SH201678,B100332,RC109,2024-10-15 06:06:00,3354,Delivered
SH201679,B100205,RC110,2024-07-10 10:56:00,7632,Delivered
SH201680,B100241,RC114,2024-06-05 14:21:00,645,Delivered
SH201681,B100122,RC111,2025-04-12 13:21:00,1932,Delivered
SH201682,B100900,RC106,2024-03-15 14:10:00,6784,Delayed
SH201683,B101431,RC115,2023-03-30 03:42:00,1260,Delivered
SH201684,B100336,RC117,2025-05-21 20:32:00,7110,Delivered
SH201685,B102313,RC105,2023-01-31 17:32:00,6141,Delivered
SH201686,B102918,RC123,2024-10-30 04:56:00,542,Delivered
SH201687,B102502,RC104,2023-01-11 22:03:00,7968,Delivered
SH201688,B100941,RC105,2024-11-15 21:54:00,3346,Delivered
SH201689,B102473,RC115,2024-07-04 22:39:00,980,Delivered
SH201690,B101610,RC103,2023-02-21 04:46:00,6617,Delayed
SH201691,B100688,RC121,2023-10-29 02:51:00,7610,Delivered
SH201692,B101951,RC123,2023-02-25 14:47:00,3115,Delivered
SH201693,B101315,RC105,2024-12-17 06:16:00,7997,Delivered
SH201694,B101656,RC102,2023-01-15 12:53:00,7643,Delivered
SH201695,B101033,RC108,2023-01-09 19:33:00,3589,Delivered
SH201696,B101321,RC114,2023-03-10 22:25:00,1127,In Transit
SH201697,B101174,RC106,2024-10-15 23:59:00,6420,Delivered
SH201698,B100114,RC120,2023-03-02 21:18:00,5954,Delivered
SH201699,B100257,RC105,2024-02-02 14:16:00,4919,Delivered
SH201700,B101431,RC100,2023-11-24 12:53:00,7071,Delayed
SH201701,B102624,RC122,2024-04-26 19:49:00,5125,Returned
SH201702,B101266,RC108,2023-03-14 00:51:00,7663,Delivered
SH201703,B100678,RC104,2023-08-24 01:50:00,1635,In Transit
SH201704,B100815,RC115,2023-12-02 23:33:00,2949,In Transit
SH201705,B101802,RC112,2023-05-30 06:57:00,7918,Delivered
SH201706,B102382,RC101,2024-10-04 21:23:00,5250,Delivered
SH201707,B101963,RC112,2024-12-05 04:46:00,1631,Delivered
SH201708,B101346,RC107,2025-06-09 22:11:00,6021,Delayed
SH201709,B100199,RC115,2024-05-19 09:55:00,1658,Delivered
SH201710,B101263,RC115,2023-02-09 02:03:00,5303,Delivered
SH201711,B100925,RC102,2023-08-26 16:20:00,2356,Delayed
SH201712,B102800,RC117,2025-01-09 17:03:00,907,Delivered
SH201713,B102085,RC109,2024-05-08 18:53:00,4204,Delivered
SH201714,B100886,RC118,2024-04-15 05:48:00,1518,Delivered
SH201715,B101061,RC119,2023-06-07 04:53:00,1219,In Transit
SH201716,B102227,RC121,2024-10-08 09:01:00,1074,Delivered
SH201717,B102975,RC118,2025-02-11 15:51:00,6999,Delivered
SH201718,B101392,RC117,2025-01-15 09:49:00,2165,Delivered
SH201719,B102615,RC112,2024-01-02 00:37:00,4660,Delivered
SH201720,B102672,RC107,2024-03-13 10:12:00,1291,Delivered
SH201721,B102041,RC118,2023-09-26 02:23:00,1089,Delivered
SH201722,B102141,RC111,2023-05-13 17:02:00,6483,Delivered
SH201723,B101193,RC112,2023-05-05 05:21:00,1311,Delivered
SH201724,B102664,RC112,2023-07-28 13:25:00,5001,Delivered
SH201725,B101188,RC104,2025-06-03 06:16:00,6642,Delivered
SH201726,B100257,RC106,2023-04-14 17:07:00,6289,Delivered
SH201727,B100583,RC102,2025-02-17 16:36:00,1187,Delivered
SH201728,B101559,RC100,2023-10-25 00:42:00,6950,Delivered
SH201729,B101172,RC124,2023-06-17 11:02:00,6323,In Transit
SH201730,B101166,RC114,2023-07-01 01:59:00,938,Delivered
SH201731,B101221,RC111,2023-03-03 09:41:00,7916,Delivered
SH201732,B102975,RC113,2025-05-16 22:41:00,3613,Delivered
SH201733,B102176,RC118,2025-03-11 01:24:00,3339,Delivered
SH201734,B100866,RC123,2024-02-07 04:10:00,6621,Delivered
SH201735,B102621,RC121,2023-09-14 23:46:00,5703,Delivered
SH201736,B100141,RC124,2024-03-14 13:28:00,7854,Delivered
SH201737,B102073,RC110,2023-11-13 14:11:00,5675,Delivered
SH201738,B102749,RC109,2023-02-23 05:21:00,6356,Delivered
SH201739,B100427,RC100,2024-12-12 10:09:00,5027,Delivered
SH201740,B101250,RC103,2024-02-12 06:50:00,5314,Delivered
SH201741,B100189,RC108,2024-12-10 14:58:00,2948,Delivered
SH201742,B101245,RC102,2025-02-22 09:06:00,5338,Delivered
SH201743,B100819,RC123,2024-12-11 02:40:00,7817,Delivered
SH201744,B102844,RC118,2023-03-15 14:19:00,626,Delivered
SH201745,B102253,RC114,2023-07-08 07:37:00,5748,Delivered
SH201746,B102566,RC101,2024-09-19 18:36:00,6499,Delivered
SH201747,B100422,RC106,2025-02-02 19:56:00,1475,Delivered
SH201748,B102297,RC112,2023-07-05 08:32:00,5994,Delivered
SH201749,B102965,RC106,2023-01-27 14:24:00,5332,Delivered
SH201750,B100392,RC121,2024-01-20 01:54:00,6416,Delivered
SH201751,B100819,RC104,2023-03-20 14:19:00,4997,Delivered
SH201752,B100898,RC118,2024-12-26 04:08:00,5377,Delivered
SH201753,B102107,RC112,2024-11-16 18:35:00,5914,Delivered
SH201754,B102031,RC114,2024-06-20 17:09:00,4258,Delivered
SH201755,B102546,RC102,2024-09-29 09:59:00,5889,Delivered
SH201756,B101828,RC119,2023-05-06 17:23:00,6650,Delivered
SH201757,B102242,RC124,2024-07-07 09:15:00,6219,Delivered
SH201758,B102597,RC121,2023-04-01 01:18:00,3036,Delivered
SH201759,B100267,RC103,2023-09-09 22:53:00,1279,Delivered
SH201760,B101253,RC120,2024-10-17 12:37:00,4247,Delivered
SH201761,B101794,RC100,2024-03-30 16:29:00,1015,Delivered
SH201762,B101420,RC105,2025-01-07 11:00:00,4365,Delivered
SH201763,B101217,RC124,2025-06-03 07:18:00,7614,Delivered
SH201764,B100113,RC115,2023-08-21 02:32:00,631,Delivered
SH201765,B102266,RC110,2023-10-25 17:23:00,2301,Delivered
SH201766,B102870,RC100,2023-05-29 19:20:00,5721,Delivered
SH201767,B101595,RC118,2023-01-28 14:43:00,2314,Delivered
SH201768,B102777,RC120,2024-08-19 02:00:00,3467,Delivered
SH201769,B100856,RC103,2023-03-04 14:10:00,1307,Delivered
SH201770,B102111,RC104,2025-03-06 19:23:00,5743,Delivered
SH201771,B101886,RC118,2025-04-14 17:53:00,2539,Delivered
SH201772,B102431,RC102,2025-05-20 00:13:00,3455,Delivered
SH201773,B101371,RC117,2023-01-15 16:28:00,4141,Delivered
SH201774,B101174,RC104,2023-09-13 23:11:00,6608,Delivered
SH201775,B102720,RC108,2024-09-19 02:29:00,1886,Delivered
SH201776,B101513,RC111,2025-02-28 05:38:00,7161,Delivered
SH201777,B102137,RC119,2023-08-05 20:11:00,910,Delivered
SH201778,B102998,RC102,2024-01-27 20:51:00,2805,Delayed
SH201779,B101932,RC123,2025-01-07 23:41:00,3603,Delivered
SH201780,B102368,RC104,2023-09-15 11:16:00,3873,Delivered
SH201781,B100353,RC121,2025-02-09 05:10:00,7352,Delivered
SH201782,B101750,RC113,2023-02-06 20:48:00,3909,Delivered
SH201783,B101897,RC124,2023-06-11 21:53:00,1885,Delivered
SH201784,B102461,RC111,2023-04-11 10:57:00,6934,Delivered
SH201785,B100868,RC108,2023-11-04 02:12:00,3842,Delivered
SH201786,B100037,RC104,2024-08-31 08:48:00,791,Delivered
SH201787,B101518,RC113,2025-03-09 10:48:00,4795,Delivered
SH201788,B101365,RC101,2023-02-10 23:21:00,3388,Delivered
SH201789,B102104,RC110,2025-06-07 23:28:00,5693,Delivered
SH201790,B102172,RC123,2023-10-17 01:55:00,5403,Delivered
SH201791,B100811,RC101,2024-08-19 12:57:00,3542,Delivered
SH201792,B102178,RC119,2023-09-03 08:18:00,814,Delivered
SH201793,B101106,RC118,2023-11-17 04:53:00,5101,Delivered
SH201794,B100524,RC121,2023-07-27 17:51:00,1024,Delivered
SH201795,B102529,RC112,2023-06-26 02:03:00,4933,Delayed
SH201796,B100903,RC113,2023-02-07 07:48:00,3307,Delivered
SH201797,B102493,RC110,2023-06-20 19:03:00,6964,Delivered
SH201798,B100731,RC105,2023-01-02 22:06:00,6659,In Transit
SH201799,B102712,RC117,2024-05-18 19:24:00,7116,Delivered
SH201800,B101917,RC117,2024-06-17 15:29:00,1334,Delivered
SH201801,B100182,RC109,2025-01-03 14:25:00,7453,Delivered
SH201802,B100647,RC102,2024-02-16 21:01:00,6689,In Transit
SH201803,B101121,RC106,2025-04-07 17:10:00,7503,Delivered
SH201804,B101625,RC111,2024-05-04 04:35:00,3041,Delivered
SH201805,B102728,RC119,2024-09-20 12:20:00,6273,Delivered
SH201806,B100013,RC124,2024-10-23 04:46:00,2727,Delivered
SH201807,B101431,RC117,2023-10-11 21:29:00,6165,Delivered
SH201808,B101023,RC115,2023-08-07 01:03:00,7695,Delivered
SH201809,B101167,RC101,2023-11-07 18:35:00,5084,Delivered
SH201810,B101149,RC107,2024-04-13 09:23:00,6170,Delivered
SH201811,B100804,RC109,2024-11-03 14:11:00,4008,Delivered
SH201812,B100555,RC122,2023-12-18 23:50:00,2179,Delivered
SH201813,B101003,RC103,2024-02-21 00:50:00,4596,Delivered
SH201814,B101898,RC116,2023-08-24 17:17:00,6664,Delivered
SH201815,B100587,RC101,2024-07-08 01:02:00,6841,Delivered
SH201816,B102809,RC113,2023-07-14 05:11:00,5246,Delivered
SH201817,B101350,RC103,2025-03-19 07:06:00,5821,Delivered
SH201818,B101582,RC113,2025-06-12 04:05:00,5354,Delivered
SH201819,B101210,RC103,2024-06-23 05:16:00,3294,Delivered
SH201820,B101317,RC124,2023-03-12 05:02:00,3187,Delivered
SH201821,B102610,RC123,2024-05-22 08:14:00,4909,Delivered
SH201822,B100363,RC102,2023-02-12 08:38:00,1640,Delivered
SH201823,B100653,RC105,2024-03-15 12:23:00,7257,Delivered
SH201824,B101455,RC103,2024-12-14 09:26:00,1011,Delivered
SH201825,B101381,RC119,2023-09-19 21:48:00,6648,Delivered
SH201826,B100752,RC119,2025-04-16 19:57:00,4325,Delivered
SH201827,B102742,RC120,2024-03-13 02:40:00,4344,Delivered
SH201828,B101072,RC100,2023-10-21 12:06:00,3376,Delivered
SH201829,B100012,RC124,2024-02-27 03:21:00,4568,Delivered
SH201830,B101667,RC107,2023-12-15 03:09:00,3973,Delivered
SH201831,B100977,RC112,2023-05-15 01:48:00,7129,Delivered
SH201832,B101339,RC101,2025-03-30 23:32:00,2582,Delivered
SH201833,B100712,RC106,2024-01-08 21:52:00,4247,Delayed
SH201834,B101913,RC117,2025-01-06 05:18:00,5652,Delivered
SH201835,B100504,RC119,2024-05-14 05:06:00,3391,Delivered
SH201836,B102281,RC124,2023-10-25 15:38:00,1603,Delivered
SH201837,B100840,RC101,2024-12-05 17:47:00,5906,Delivered
SH201838,B100342,RC117,2023-09-01 02:15:00,6677,Delivered
SH201839,B102578,RC120,2023-03-23 20:49:00,1143,Delivered
SH201840,B102135,RC120,2024-02-10 11:03:00,5755,Delivered
SH201841,B101483,RC105,2025-06-17 16:21:00,3734,Delivered
SH201842,B100456,RC123,2025-01-27 20:55:00,6676,Delivered
SH201843,B102642,RC104,2023-02-15 07:37:00,6210,Delivered
SH201844,B100319,RC106,2024-08-15 10:36:00,3469,Delivered
SH201845,B100880,RC124,2025-04-16 14:04:00,1253,Delivered
SH201846,B100102,RC112,2023-12-01 01:46:00,7407,Delivered
SH201847,B100757,RC118,2023-01-20 17:58:00,656,Delivered
SH201848,B102811,RC124,2024-08-03 14:35:00,6040,Delivered
SH201849,B101948,RC101,2023-03-18 03:35:00,5176,Delivered
SH201850,B100170,RC120,2024-01-19 05:05:00,4795,Delayed
SH201851,B102988,RC118,2025-05-16 17:55:00,4467,In Transit
SH201852,B100229,RC121,2025-01-16 02:59:00,4656,Delivered
SH201853,B101930,RC100,2023-03-26 01:30:00,3305,Delivered
SH201854,B102019,RC107,2024-12-23 19:35:00,4853,Delivered
SH201855,B100673,RC116,2023-06-02 22:30:00,3146,Delivered
SH201856,B101944,RC106,2023-10-17 14:23:00,3842,Delivered
SH201857,B100564,RC124,2025-03-02 08:06:00,7612,Delivered
SH201858,B101694,RC100,2025-04-13 18:10:00,6460,Delivered
SH201859,B102954,RC110,2024-05-11 05:06:00,1030,Delivered
SH201860,B101714,RC105,2024-08-31 22:40:00,4070,In Transit
SH201861,B102161,RC105,2023-02-01 20:58:00,7028,Delayed
SH201862,B100984,RC113,2023-06-20 01:24:00,2751,Delivered
SH201863,B102847,RC118,2024-12-15 07:00:00,5896,Delivered
SH201864,B102711,RC122,2023-08-31 05:48:00,5429,Delivered
SH201865,B100955,RC114,2023-07-13 17:33:00,4915,In Transit
SH201866,B100909,RC111,2024-07-19 02:28:00,718,Delivered
SH201867,B101222,RC120,2024-10-23 02:09:00,4323,Delivered
SH201868,B100374,RC117,2023-12-20 14:57:00,1955,Delivered
SH201869,B100363,RC120,2025-02-26 14:57:00,5927,Delivered
SH201870,B100995,RC124,2024-01-13 19:17:00,6256,Delivered
SH201871,B101745,RC104,2023-12-30 16:40:00,2763,Delivered
SH201872,B102395,RC114,2024-03-18 12:27:00,7054,Delivered
SH201873,B100861,RC117,2025-03-27 08:22:00,6289,Delivered
SH201874,B102254,RC120,2024-03-30 07:37:00,7250,Delivered
SH201875,B102636,RC124,2024-04-30 10:47:00,1216,In Transit
SH201876,B101981,RC121,2023-10-15 16:29:00,1259,Delivered
SH201877,B102565,RC115,2025-02-20 19:26:00,4783,In Transit
SH201878,B102670,RC104,2023-06-18 12:27:00,781,Delivered
SH201879,B101556,RC105,2023-12-12 04:06:00,5956,Delivered
SH201880,B101266,RC108,2024-09-22 13:55:00,1288,Delivered
SH201881,B102700,RC117,2024-03-12 21:00:00,1387,Delivered
SH201882,B101226,RC124,2024-06-04 14:52:00,7022,Delivered
SH201883,B102602,RC110,2023-11-13 23:04:00,1261,Delivered
SH201884,B102952,RC114,2023-06-17 23:28:00,3014,Delivered
SH201885,B100796,RC106,2024-09-13 12:37:00,1308,Delivered
SH201886,B101662,RC104,2023-05-09 18:22:00,7216,Delivered
SH201887,B100669,RC116,2024-05-02 12:52:00,7178,In Transit
SH201888,B102388,RC100,2024-11-12 13:55:00,6855,In Transit
SH201889,B101750,RC120,2023-01-10 22:17:00,2502,Delivered
SH201890,B100954,RC121,2023-07-09 01:00:00,1486,Delivered
SH201891,B102905,RC105,2025-06-04 21:49:00,3478,Delivered
SH201892,B100202,RC102,2023-02-20 05:56:00,3450,Delivered
SH201893,B102601,RC120,2024-02-05 17:27:00,4933,Delivered
SH201894,B100667,RC107,2025-01-02 20:17:00,2255,Delivered
SH201895,B100893,RC117,2025-06-15 04:55:00,6071,Delivered
SH201896,B101904,RC107,2024-02-14 00:13:00,857,Delivered
SH201897,B100559,RC111,2025-03-10 22:28:00,6224,Delivered
SH201898,B101288,RC114,2025-05-25 15:12:00,3108,Delivered
SH201899,B102385,RC119,2024-06-13 23:53:00,7382,Delivered
SH201900,B101389,RC118,2024-06-18 00:09:00,6509,In Transit
SH201901,B100700,RC114,2024-08-07 19:25:00,5559,Delivered
SH201902,B101284,RC111,2024-07-04 08:49:00,4186,Delivered
SH201903,B102849,RC121,2024-09-18 16:59:00,6974,Delivered
SH201904,B102236,RC109,2025-02-27 09:48:00,5049,Delivered
SH201905,B101438,RC115,2023-10-24 08:19:00,5559,Delivered
SH201906,B100114,RC117,2024-06-01 13:14:00,6402,Delivered
SH201907,B102188,RC111,2024-06-17 08:02:00,4910,Delivered
SH201908,B100872,RC106,2023-08-09 07:02:00,1166,Delivered
SH201909,B102623,RC111,2023-04-14 12:39:00,7549,Delivered
SH201910,B102907,RC110,2024-04-02 05:07:00,6816,Delivered
SH201911,B101585,RC124,2024-09-26 03:38:00,5951,Delivered
SH201912,B100633,RC109,2023-11-10 03:20:00,1979,Delivered
SH201913,B102115,RC124,2025-02-26 01:48:00,3332,Delivered
SH201914,B100276,RC123,2024-06-05 01:24:00,3428,Delivered
SH201915,B100416,RC111,2024-04-02 17:56:00,936,Delivered
SH201916,B101892,RC106,2023-11-19 16:43:00,7676,Delivered
SH201917,B102267,RC117,2025-04-21 00:03:00,5589,Delivered
SH201918,B101058,RC111,2024-06-09 14:05:00,6230,Delivered
SH201919,B102212,RC107,2025-01-20 13:06:00,2975,Delivered
SH201920,B100029,RC117,2023-11-22 15:36:00,7516,Delivered
SH201921,B102665,RC111,2025-05-17 10:38:00,4584,Delivered
SH201922,B102378,RC113,2023-09-28 11:06:00,7126,Delivered
SH201923,B102139,RC105,2024-05-29 15:47:00,3485,Delivered
SH201924,B100550,RC103,2025-02-19 23:33:00,7226,Delivered
SH201925,B102875,RC112,2025-05-30 06:22:00,4045,Delivered
SH201926,B101736,RC109,2023-06-09 18:03:00,2719,Delivered
SH201927,B102946,RC123,2024-05-12 09:56:00,2590,Delivered
SH201928,B100143,RC119,2024-11-09 22:43:00,5965,Delivered
SH201929,B100079,RC104,2023-05-07 20:00:00,1545,Returned
SH201930,B101102,RC108,2024-09-04 00:59:00,2718,Delivered
SH201931,B102237,RC113,2023-02-06 08:10:00,7598,Delivered
SH201932,B101470,RC111,2023-12-30 19:08:00,6488,Delivered
SH201933,B101087,RC108,2024-05-12 04:44:00,1108,Delivered
SH201934,B101463,RC113,2023-06-02 15:32:00,3432,Delivered
SH201935,B100964,RC101,2024-07-03 20:18:00,7211,Delayed
SH201936,B101725,RC122,2023-11-04 01:08:00,3031,Delivered
SH201937,B100017,RC123,2023-08-03 09:34:00,1421,Delivered
SH201938,B100994,RC119,2024-03-23 13:57:00,7620,Delivered
SH201939,B102260,RC108,2025-01-15 04:21:00,4530,Delivered
SH201940,B101372,RC118,2025-04-30 06:30:00,4887,Delivered
SH201941,B100237,RC122,2023-06-24 02:42:00,6881,In Transit
SH201942,B100124,RC109,2023-02-02 17:39:00,3045,Delivered
SH201943,B102394,RC104,2024-03-08 10:07:00,2790,Delivered
SH201944,B102868,RC107,2023-02-16 16:00:00,4559,Delivered
SH201945,B101844,RC111,2024-09-04 16:36:00,2955,Delayed
SH201946,B100529,RC122,2023-11-16 14:53:00,7881,Delivered
SH201947,B101903,RC116,2023-06-17 22:40:00,2170,Delayed
SH201948,B101678,RC123,2025-01-08 14:59:00,3038,Delivered
SH201949,B100493,RC120,2023-01-10 15:17:00,6623,Delivered
SH201950,B100907,RC103,2024-05-07 06:30:00,4783,Delivered
SH201951,B102547,RC102,2023-01-21 12:51:00,5805,Delivered
SH201952,B102004,RC123,2023-11-26 07:52:00,5008,Delivered
SH201953,B100000,RC118,2024-10-04 09:42:00,5541,In Transit
SH201954,B102231,RC103,2024-08-23 20:33:00,4370,Delivered
SH201955,B100962,RC116,2025-04-26 03:34:00,3019,Delivered
SH201956,B100157,RC105,2023-06-04 23:19:00,7745,Delivered
SH201957,B101896,RC107,2024-08-08 01:15:00,4291,Delivered
SH201958,B101946,RC100,2025-04-22 05:46:00,6843,Delivered
SH201959,B102066,RC123,2023-11-06 23:54:00,7475,Delivered
SH201960,B101418,RC115,2024-04-11 23:28:00,1516,Delivered
SH201961,B102052,RC107,2023-12-24 00:07:00,4830,In Transit
SH201962,B100385,RC107,2023-09-01 15:59:00,4758,Delivered
SH201963,B102558,RC115,2024-04-11 03:04:00,5732,Delivered
SH201964,B102964,RC108,2024-02-04 21:55:00,2763,Delivered
SH201965,B102340,RC113,2024-04-09 05:26:00,6686,Delayed
SH201966,B101652,RC106,2024-06-21 08:48:00,5606,Delivered
SH201967,B102269,RC116,2023-03-20 15:09:00,4178,Delivered
SH201968,B100661,RC124,2023-10-26 01:32:00,1896,Delivered
SH201969,B102268,RC106,2025-04-16 05:50:00,7837,Delivered
SH201970,B100521,RC120,2023-05-23 13:21:00,6680,Delivered
SH201971,B101981,RC118,2024-10-07 12:37:00,907,Delivered
SH201972,B101981,RC107,2023-04-18 00:35:00,4580,Delivered
SH201973,B100845,RC117,2023-05-27 22:18:00,5037,Delivered
SH201974,B101983,RC123,2024-09-14 07:31:00,1026,Delivered
SH201975,B102544,RC120,2024-08-30 22:42:00,6423,Delivered
SH201976,B101382,RC118,2023-10-12 05:34:00,724,Delivered
SH201977,B100332,RC124,2024-11-22 23:39:00,536,Delivered
SH201978,B100073,RC123,2025-03-09 18:11:00,1595,Delivered
SH201979,B100762,RC115,2023-01-16 12:16:00,5088,Delivered
SH201980,B100523,RC101,2023-03-19 04:52:00,6523,Delayed
SH201981,B101452,RC112,2023-08-04 12:34:00,2836,Delayed
SH201982,B100560,RC100,2024-11-22 01:34:00,5942,In Transit
SH201983,B102258,RC121,2023-01-14 20:51:00,3770,Returned
SH201984,B101299,RC111,2024-05-23 03:31:00,5418,Delivered
SH201985,B100609,RC121,2023-10-26 23:48:00,6706,Delivered
SH201986,B100250,RC115,2025-03-23 18:10:00,3273,Delivered
SH201987,B100145,RC119,2023-07-17 19:12:00,2979,In Transit
SH201988,B101986,RC120,2024-02-04 15:38:00,6749,Delivered
SH201989,B101933,RC103,2024-11-13 20:00:00,7039,Delivered
SH201990,B101866,RC116,2023-10-07 13:41:00,4377,Delivered
SH201991,B101236,RC122,2023-10-10 16:29:00,4797,Delivered
SH201992,B100232,RC122,2023-02-05 10:13:00,5580,In Transit
SH201993,B102162,RC119,2023-08-12 09:13:00,4061,Delivered
SH201994,B102686,RC116,2023-06-11 01:19:00,4395,Delivered
SH201995,B102655,RC109,2023-06-07 18:01:00,6009,Delivered
SH201996,B102758,RC123,2023-08-27 06:41:00,7016,In Transit
SH201997,B102203,RC101,2025-06-02 20:37:00,6663,Delivered
SH201998,B102259,RC118,2024-08-05 12:05:00,1142,Delivered
SH201999,B100631,RC102,2025-01-16 10:51:00,1095,Delivered
SH202000,B101617,RC105,2023-06-01 21:19:00,7163,Delivered
SH202001,B101562,RC112,2023-11-05 22:39:00,2708,Delivered
SH202002,B102896,RC120,2023-09-23 20:33:00,7445,Delivered
SH202003,B102335,RC124,2024-08-08 23:38:00,4460,Delayed
SH202004,B101323,RC114,2024-04-04 20:10:00,5954,In Transit
SH202005,B100519,RC117,2024-09-03 13:17:00,3078,Delivered
SH202006,B100760,RC102,2023-07-10 23:44:00,5075,Delivered
SH202007,B101640,RC101,2025-05-11 23:12:00,3812,Delivered
SH202008,B102900,RC103,2024-04-20 21:03:00,7708,Delayed
SH202009,B100018,RC112,2024-07-27 20:42:00,4732,Delivered
SH202010,B100062,RC118,2023-08-27 16:45:00,3077,Delivered
SH202011,B100845,RC116,2024-11-30 09:08:00,1824,Returned
SH202012,B101333,RC121,2024-09-15 05:43:00,7180,In Transit
SH202013,B100198,RC118,2023-10-22 07:05:00,5883,Delivered
SH202014,B100997,RC102,2024-06-27 04:47:00,612,Delivered
SH202015,B100274,RC116,2025-03-02 05:58:00,2488,Delivered
SH202016,B100997,RC109,2025-02-25 23:00:00,4500,Delivered
SH202017,B100731,RC103,2024-07-24 19:58:00,7717,Delivered
SH202018,B101109,RC117,2024-10-06 08:19:00,4026,In Transit
SH202019,B102876,RC117,2023-11-10 09:33:00,5596,In Transit
SH202020,B100289,RC101,2023-05-19 02:22:00,7582,Delivered
SH202021,B100749,RC123,2025-06-01 06:45:00,6280,Delayed
SH202022,B102255,RC105,2024-11-08 15:25:00,3733,Delivered
SH202023,B101610,RC105,2024-06-04 08:56:00,3222,Delivered
SH202024,B101971,RC109,2024-05-07 16:19:00,2205,Delivered
SH202025,B100252,RC114,2024-03-03 19:56:00,4810,Delivered
SH202026,B102399,RC118,2023-07-26 12:56:00,5911,Delivered
SH202027,B100345,RC121,2023-07-23 13:18:00,1341,Delivered
SH202028,B102555,RC118,2025-02-03 08:20:00,4458,Delivered
SH202029,B102324,RC122,2023-02-14 04:10:00,7419,Delivered
SH202030,B100141,RC120,2024-12-15 01:29:00,3664,Delivered
SH202031,B100587,RC116,2025-04-01 23:21:00,5032,In Transit
SH202032,B101375,RC116,2024-01-14 09:22:00,4460,Delivered
SH202033,B101603,RC112,2024-09-15 23:59:00,7761,In Transit
SH202034,B100719,RC122,2024-12-08 02:08:00,3895,Delivered
SH202035,B100771,RC107,2023-01-16 14:57:00,6421,Delivered
SH202036,B102264,RC121,2023-06-20 15:37:00,5911,Delivered
SH202037,B100510,RC114,2024-09-08 15:25:00,2239,Delivered
SH202038,B100123,RC103,2024-02-08 03:58:00,2183,Delivered
SH202039,B100477,RC109,2023-06-19 04:17:00,2820,Delivered
SH202040,B102169,RC121,2023-01-24 18:02:00,3791,Delivered
SH202041,B102257,RC105,2023-11-15 09:30:00,2451,Delivered
SH202042,B102998,RC118,2023-11-19 13:30:00,6851,Delivered
SH202043,B102702,RC122,2023-02-18 01:27:00,1914,Delivered
SH202044,B102865,RC110,2024-06-21 15:39:00,2334,Delivered
SH202045,B100866,RC103,2024-08-07 03:31:00,3789,Delivered
SH202046,B101679,RC114,2023-01-02 04:32:00,3764,Delivered
SH202047,B100507,RC102,2023-06-11 15:35:00,5781,Delivered
SH202048,B100545,RC105,2024-12-15 20:29:00,2087,Delivered
SH202049,B101790,RC107,2024-09-10 21:26:00,2894,Delivered
SH202050,B101379,RC114,2023-03-22 22:43:00,1400,In Transit
SH202051,B101456,RC109,2023-11-04 01:42:00,4728,Delivered
SH202052,B101646,RC110,2023-03-26 21:21:00,5277,Delivered
SH202053,B100489,RC109,2023-02-16 13:20:00,999,Delivered
SH202054,B101666,RC111,2023-08-21 05:02:00,2630,Delivered
SH202055,B101460,RC119,2023-04-04 15:11:00,641,Delivered
SH202056,B102646,RC121,2023-03-24 10:30:00,7384,Delivered
SH202057,B102694,RC111,2023-10-25 15:31:00,6382,Delivered
SH202058,B101915,RC117,2025-06-16 18:40:00,3876,Delivered
SH202059,B100316,RC121,2024-11-06 12:48:00,1347,Delayed
SH202060,B100375,RC113,2024-08-15 18:04:00,4194,Delivered
SH202061,B102168,RC103,2023-11-30 12:24:00,3090,Delivered
SH202062,B101257,RC116,2025-03-28 11:40:00,6802,Delivered
SH202063,B100971,RC109,2023-08-27 08:22:00,6740,Delivered
SH202064,B101529,RC113,2023-06-22 23:37:00,1670,Delivered
SH202065,B101899,RC119,2024-01-17 04:02:00,3248,Delivered
SH202066,B102065,RC120,2024-03-29 03:22:00,6789,Delivered
SH202067,B100968,RC118,2023-11-06 00:14:00,4161,Delayed
SH202068,B101597,RC102,2024-05-26 05:34:00,1914,Delivered
SH202069,B102690,RC124,2024-12-12 19:54:00,3205,Delivered
SH202070,B100890,RC103,2025-05-04 01:07:00,6280,Delivered
SH202071,B100762,RC110,2025-05-27 19:33:00,5591,Delivered
SH202072,B102148,RC102,2024-09-22 19:16:00,1492,Delivered
SH202073,B100264,RC104,2023-12-27 17:15:00,542,Delivered
SH202074,B100513,RC110,2025-03-25 03:20:00,3296,Delivered
SH202075,B102737,RC109,2024-03-04 07:59:00,1971,Delivered
SH202076,B101098,RC120,2023-10-27 11:37:00,3598,Delivered
SH202077,B102045,RC116,2024-10-16 16:25:00,7945,Delivered
SH202078,B100987,RC114,2024-01-12 11:48:00,7531,Delivered
SH202079,B100706,RC102,2023-10-28 20:46:00,2853,Delivered
SH202080,B102956,RC111,2023-10-11 06:58:00,3505,Delivered
SH202081,B100962,RC119,2025-05-15 01:17:00,1644,Delivered
SH202082,B101985,RC110,2024-09-14 22:51:00,4607,Delivered
SH202083,B100630,RC105,2025-04-22 05:01:00,2829,Delivered
SH202084,B101407,RC122,2024-10-26 16:39:00,1209,Delivered
SH202085,B100233,RC112,2025-02-11 02:14:00,1565,Delivered
SH202086,B102579,RC101,2023-06-26 12:51:00,1161,Delivered
SH202087,B100232,RC113,2023-12-31 05:16:00,2890,Delayed
SH202088,B101872,RC121,2023-04-08 01:26:00,3766,Delivered
SH202089,B101423,RC106,2023-05-29 15:43:00,1497,Delivered
SH202090,B101611,RC105,2025-01-20 15:16:00,5336,Delivered
SH202091,B102234,RC116,2023-12-12 02:02:00,627,Delayed
SH202092,B102582,RC123,2024-05-27 15:17:00,3061,Delivered
SH202093,B100416,RC119,2023-02-06 11:45:00,3467,Returned
SH202094,B102893,RC113,2024-04-04 15:04:00,6848,Delivered
SH202095,B101503,RC118,2023-01-04 00:18:00,7894,Delivered
SH202096,B100151,RC121,2024-04-23 12:36:00,1692,Delivered
SH202097,B101024,RC106,2024-04-03 02:30:00,1747,Delayed
SH202098,B101358,RC102,2023-06-13 02:32:00,2341,Delivered
SH202099,B101455,RC114,2024-02-22 19:49:00,6370,Delivered
SH202100,B101449,RC102,2024-02-18 08:59:00,1601,In Transit
SH202101,B100364,RC111,2023-07-26 06:39:00,1619,Delivered
SH202102,B102620,RC103,2023-05-16 14:20:00,4700,Delivered
SH202103,B100960,RC110,2023-02-16 08:40:00,1470,Delivered
SH202104,B100179,RC108,2023-11-24 15:25:00,7056,Delivered
SH202105,B101482,RC111,2024-01-24 10:55:00,2448,Delivered
SH202106,B101856,RC115,2023-04-22 23:50:00,4517,Delivered
SH202107,B102451,RC122,2024-03-20 04:45:00,6662,Delivered
SH202108,B100104,RC123,2023-02-25 21:47:00,2102,Delivered
SH202109,B100951,RC110,2024-05-11 20:52:00,4895,Delayed
SH202110,B100953,RC124,2023-05-01 03:07:00,2072,Delivered
SH202111,B100677,RC113,2025-03-29 00:47:00,2125,Delivered
SH202112,B100145,RC102,2024-08-20 05:39:00,3493,Delivered
SH202113,B100581,RC112,2025-03-28 14:57:00,798,In Transit
SH202114,B100835,RC123,2025-04-13 17:28:00,5003,Delivered
SH202115,B102229,RC109,2023-02-22 09:46:00,6950,Delivered
SH202116,B100454,RC106,2024-09-26 17:03:00,877,Delivered
SH202117,B100644,RC103,2024-07-17 15:10:00,7686,Delivered
SH202118,B102706,RC112,2023-05-18 03:04:00,1466,Delivered
SH202119,B102397,RC111,2023-06-15 01:36:00,4253,Delivered
SH202120,B101161,RC102,2023-06-21 13:15:00,2569,Delivered
SH202121,B100945,RC115,2023-06-21 04:53:00,7868,Delivered
SH202122,B101459,RC103,2023-05-07 10:06:00,2083,Delivered
SH202123,B102205,RC116,2023-01-31 00:07:00,2913,Delayed
SH202124,B100692,RC117,2024-11-12 15:44:00,627,Delivered
SH202125,B101169,RC120,2024-10-12 15:49:00,4515,Delivered
SH202126,B102846,RC124,2024-05-11 02:06:00,6601,In Transit
SH202127,B100320,RC120,2024-08-14 10:54:00,1430,Delivered
SH202128,B102483,RC114,2025-01-22 21:26:00,7565,Delivered
SH202129,B100780,RC100,2025-01-26 05:36:00,4870,Delivered
SH202130,B101836,RC116,2024-10-15 17:04:00,4436,Delivered
SH202131,B101704,RC118,2023-12-06 07:29:00,6369,Delivered
SH202132,B101252,RC123,2023-09-12 14:38:00,2562,Delivered
SH202133,B101664,RC119,2024-11-06 19:05:00,5944,Delivered
SH202134,B101564,RC109,2024-11-04 12:30:00,907,Delivered
SH202135,B100751,RC107,2023-06-18 18:39:00,4583,Delivered
SH202136,B102013,RC120,2023-03-13 18:55:00,1789,Delivered
SH202137,B101042,RC107,2024-09-06 00:06:00,3919,Delivered
SH202138,B100934,RC121,2023-02-07 12:39:00,4646,Delivered
SH202139,B101446,RC107,2025-03-26 15:42:00,7199,In Transit
SH202140,B102966,RC104,2023-06-22 06:14:00,7414,Delivered
SH202141,B102715,RC124,2023-11-20 11:22:00,2740,Delivered
SH202142,B100112,RC117,2023-05-06 07:32:00,7427,Delivered
SH202143,B100091,RC118,2025-05-17 07:21:00,742,Delivered
SH202144,B102927,RC121,2024-01-29 00:25:00,4720,Delivered
SH202145,B102699,RC108,2023-10-12 00:06:00,7161,Delivered
SH202146,B102173,RC101,2024-08-28 06:08:00,2300,Delivered
SH202147,B100285,RC100,2023-06-03 01:42:00,1010,Delivered
SH202148,B100319,RC118,2023-04-15 21:34:00,3773,Returned
SH202149,B101681,RC112,2023-06-12 01:00:00,1906,In Transit
SH202150,B100792,RC100,2024-01-21 22:43:00,5658,Delivered
SH202151,B100713,RC101,2023-02-22 06:27:00,3465,Delivered
SH202152,B102186,RC104,2024-01-24 04:24:00,7752,Delivered
SH202153,B100109,RC108,2024-10-06 12:44:00,3821,Delivered
SH202154,B101856,RC116,2025-03-14 10:37:00,2983,Delivered
SH202155,B100763,RC113,2025-05-19 08:05:00,1960,Delivered
SH202156,B100696,RC124,2023-08-27 23:09:00,5215,Delivered
SH202157,B100551,RC109,2023-03-30 08:23:00,2299,Delivered
SH202158,B102789,RC109,2024-04-02 05:29:00,6152,Delivered
SH202159,B100639,RC106,2024-01-31 08:10:00,5223,Delivered
SH202160,B102765,RC114,2023-03-19 17:41:00,4149,Delivered
SH202161,B101915,RC108,2023-06-25 10:23:00,3633,Delivered
SH202162,B101733,RC111,2024-04-05 06:04:00,7650,Delivered
SH202163,B101773,RC121,2023-11-22 12:18:00,1633,Delivered
SH202164,B101131,RC117,2024-09-16 03:30:00,1999,Delivered
SH202165,B100829,RC119,2023-08-19 07:14:00,4805,Delivered
SH202166,B101129,RC101,2023-03-20 01:57:00,6929,In Transit
SH202167,B101042,RC110,2025-01-09 11:49:00,6789,Delivered
SH202168,B100034,RC123,2025-01-09 09:14:00,2880,Delivered
SH202169,B102153,RC119,2023-07-19 09:30:00,578,Delivered
SH202170,B101573,RC102,2023-01-28 09:43:00,7701,Delivered
SH202171,B102187,RC119,2023-06-21 22:11:00,5010,Delivered
SH202172,B101696,RC112,2025-06-11 01:42:00,6771,Delivered
SH202173,B102809,RC122,2023-09-16 03:57:00,4942,Delivered
SH202174,B100929,RC123,2023-05-06 16:23:00,3493,Delivered
SH202175,B101569,RC123,2023-02-02 17:39:00,5967,Delivered
SH202176,B100319,RC115,2024-04-01 22:29:00,4446,Delivered
SH202177,B100891,RC106,2023-11-26 13:23:00,6737,Delivered
SH202178,B100307,RC108,2024-12-18 20:08:00,5313,Delivered
SH202179,B102352,RC100,2024-01-22 11:27:00,5563,Delivered
SH202180,B101265,RC120,2023-10-10 05:32:00,6098,Delayed
SH202181,B101292,RC115,2024-06-11 20:24:00,931,Delivered
SH202182,B102036,RC121,2023-04-07 15:21:00,699,Delivered
SH202183,B102598,RC107,2024-10-16 04:39:00,7160,Delivered
SH202184,B102335,RC122,2023-09-22 15:14:00,7436,Delivered
SH202185,B100987,RC108,2024-02-11 15:20:00,2244,Delivered
SH202186,B102598,RC102,2024-07-11 02:08:00,1957,Delivered
SH202187,B100249,RC117,2024-12-28 21:45:00,6944,Delivered
SH202188,B100543,RC100,2023-09-11 07:36:00,5180,Delivered
SH202189,B100877,RC109,2025-03-06 13:08:00,4647,Delivered
SH202190,B101262,RC112,2024-08-28 15:30:00,6506,Delivered
SH202191,B102860,RC119,2025-05-18 23:28:00,1954,Delivered
SH202192,B100877,RC112,2024-04-30 14:05:00,3343,Delayed
SH202193,B101310,RC119,2023-05-22 16:39:00,6506,Delivered
SH202194,B101510,RC115,2025-01-21 02:34:00,5266,Delivered
SH202195,B102582,RC109,2024-04-30 05:31:00,4017,Delivered
SH202196,B101593,RC111,2025-05-16 11:00:00,4208,Delivered
SH202197,B100010,RC103,2024-07-24 09:45:00,7157,In Transit
SH202198,B101677,RC105,2023-09-14 11:23:00,2447,Delivered
SH202199,B102627,RC106,2023-05-21 10:46:00,4267,Delivered
SH202200,B101955,RC110,2024-03-14 00:27:00,7730,Delivered
SH202201,B100790,RC111,2024-03-25 15:21:00,6390,Delivered
SH202202,B101123,RC100,2024-10-25 22:12:00,2096,Delivered
SH202203,B100043,RC124,2025-04-02 22:41:00,4878,Delivered
SH202204,B102129,RC112,2023-12-12 10:22:00,2568,Delivered
SH202205,B101342,RC122,2024-11-25 11:21:00,2037,Delivered
SH202206,B101413,RC114,2024-03-09 06:11:00,6783,Delivered
SH202207,B102362,RC104,2023-07-07 15:27:00,4332,Delivered
SH202208,B100182,RC116,2024-04-30 18:06:00,965,Delayed
SH202209,B102600,RC100,2024-01-18 11:47:00,5694,Delivered
SH202210,B100864,RC107,2024-06-15 02:18:00,4296,Delivered
SH202211,B101081,RC116,2024-09-15 08:11:00,7887,Delivered
SH202212,B101521,RC109,2024-04-16 01:44:00,6485,Delivered
SH202213,B100292,RC111,2024-11-21 06:17:00,1220,Delivered
SH202214,B102803,RC114,2023-03-05 18:10:00,7374,Delivered
SH202215,B101422,RC110,2023-01-01 16:54:00,2992,Delivered
SH202216,B101953,RC100,2024-11-26 00:59:00,908,Delivered
SH202217,B101676,RC115,2024-09-25 04:36:00,6252,Delivered
SH202218,B101992,RC103,2025-03-09 10:52:00,589,Delivered
SH202219,B102709,RC119,2024-11-29 23:42:00,5361,Delivered
SH202220,B102785,RC123,2023-02-28 07:01:00,1659,Delivered
SH202221,B102685,RC112,2023-03-08 23:49:00,7591,Delivered
SH202222,B100681,RC112,2023-06-26 20:26:00,7347,Delivered
SH202223,B101889,RC118,2023-04-09 12:21:00,7296,Delivered
SH202224,B100966,RC111,2024-08-26 01:11:00,1344,Delivered
SH202225,B102333,RC112,2025-03-25 09:19:00,2261,In Transit
SH202226,B100087,RC104,2023-12-18 06:05:00,5136,Delivered
SH202227,B100660,RC116,2025-05-05 23:21:00,1643,In Transit
SH202228,B102537,RC112,2023-04-27 10:45:00,1133,Delivered
SH202229,B100055,RC118,2025-03-28 22:56:00,3399,In Transit
SH202230,B100657,RC102,2024-07-05 03:39:00,1257,Delivered
SH202231,B100348,RC121,2023-10-06 00:16:00,5837,In Transit
SH202232,B100022,RC121,2024-05-19 12:18:00,6886,Delivered
SH202233,B101291,RC106,2023-06-03 21:16:00,1629,Delivered
SH202234,B101050,RC110,2025-05-31 12:28:00,7850,Delivered
SH202235,B102136,RC112,2024-11-11 07:49:00,3271,Delivered
SH202236,B101162,RC107,2023-10-15 19:32:00,5260,Delivered
SH202237,B100269,RC121,2024-09-03 01:52:00,7406,Delivered
SH202238,B102657,RC124,2024-12-06 03:16:00,2626,Delivered
SH202239,B101612,RC120,2024-12-27 13:50:00,4590,Delayed
SH202240,B101119,RC110,2023-02-03 19:29:00,4037,Delivered
SH202241,B100556,RC117,2023-09-10 18:36:00,5938,In Transit
SH202242,B102312,RC118,2023-07-03 03:43:00,2852,In Transit
SH202243,B101862,RC111,2023-01-18 08:11:00,631,Delivered
SH202244,B101065,RC122,2023-01-15 14:43:00,709,Delivered
SH202245,B102089,RC111,2025-04-25 07:17:00,4889,Delivered
SH202246,B102328,RC103,2024-07-30 01:00:00,6932,Delivered
SH202247,B100664,RC100,2023-05-24 11:58:00,1622,Delivered
SH202248,B101140,RC110,2024-07-08 04:44:00,4914,Delayed
SH202249,B101366,RC110,2024-01-22 21:57:00,1182,Delivered
SH202250,B101640,RC120,2023-01-04 23:17:00,7073,In Transit
SH202251,B101874,RC122,2023-09-15 23:20:00,4835,Delivered
SH202252,B100874,RC121,2024-11-26 03:54:00,6386,Delivered
SH202253,B102513,RC113,2023-12-11 17:50:00,2447,Delivered
SH202254,B101403,RC110,2024-11-19 07:05:00,3656,Delivered
SH202255,B101870,RC115,2024-01-12 01:15:00,3804,Delivered
SH202256,B102508,RC118,2025-04-16 14:58:00,6342,Delivered
SH202257,B100535,RC118,2024-03-09 10:32:00,7601,In Transit
SH202258,B102165,RC106,2023-04-26 07:39:00,7826,Delivered
SH202259,B102349,RC123,2023-07-24 03:17:00,2442,Delivered
SH202260,B102112,RC121,2023-11-12 05:35:00,2300,Delivered
SH202261,B100208,RC107,2024-02-17 02:23:00,4381,Delivered
SH202262,B102587,RC117,2023-04-26 00:42:00,4027,Delivered
SH202263,B100000,RC117,2024-08-14 05:18:00,4558,Delivered
SH202264,B100249,RC114,2024-01-14 12:14:00,4004,Delayed
SH202265,B100846,RC100,2024-12-19 22:06:00,3764,Delivered
SH202266,B101803,RC101,2024-12-25 23:47:00,6251,Delivered
SH202267,B102670,RC107,2023-08-29 14:15:00,6110,Delivered
SH202268,B100975,RC112,2025-02-19 10:25:00,2439,Delivered
SH202269,B100902,RC119,2024-08-18 07:56:00,706,Delivered
SH202270,B102769,RC117,2023-06-16 18:09:00,7345,Delivered
SH202271,B102538,RC102,2023-01-07 07:47:00,6862,Delivered
SH202272,B101994,RC124,2023-11-05 22:47:00,3372,In Transit
SH202273,B100991,RC115,2024-08-22 09:17:00,7116,Returned
SH202274,B101751,RC111,2024-03-26 22:42:00,7269,Delayed
SH202275,B102606,RC110,2023-04-07 02:32:00,2589,Delivered
SH202276,B102120,RC102,2023-06-09 17:17:00,2207,Delivered
SH202277,B102438,RC100,2023-02-09 17:39:00,5752,Delivered
SH202278,B102845,RC101,2023-03-28 18:50:00,4628,Delivered
SH202279,B102876,RC122,2023-05-19 19:47:00,7774,Delivered
SH202280,B101379,RC111,2025-05-01 14:40:00,3973,In Transit
SH202281,B100889,RC119,2023-12-05 16:39:00,5921,Delivered
SH202282,B101117,RC103,2023-07-12 22:34:00,5130,Returned
SH202283,B101623,RC121,2023-09-01 17:09:00,4562,Delivered
SH202284,B102548,RC108,2025-03-01 13:59:00,6960,Delivered
SH202285,B101585,RC114,2023-12-10 21:23:00,4607,Delivered
SH202286,B101586,RC118,2023-04-03 22:33:00,2826,Delivered
SH202287,B101186,RC120,2023-10-03 00:47:00,873,Delivered
SH202288,B100703,RC108,2023-08-03 13:23:00,3860,Delivered
SH202289,B102574,RC117,2024-12-02 21:15:00,5620,In Transit
SH202290,B102291,RC105,2024-01-08 15:35:00,2654,Delivered
SH202291,B100622,RC119,2024-06-21 09:21:00,4580,Delivered
SH202292,B100951,RC121,2023-09-20 14:26:00,6404,Delayed
SH202293,B102627,RC107,2025-01-28 09:13:00,4260,Delivered
SH202294,B100285,RC109,2025-06-17 03:23:00,1646,Delivered
SH202295,B101841,RC124,2024-04-11 05:14:00,837,Delivered
SH202296,B102552,RC103,2025-06-04 17:57:00,3848,Delivered
SH202297,B102775,RC119,2024-01-30 19:03:00,5685,Delivered
SH202298,B102096,RC102,2025-03-22 05:13:00,4879,Delivered
SH202299,B101726,RC122,2023-08-17 18:33:00,4420,Delivered
SH202300,B100727,RC108,2023-08-12 23:35:00,2687,Delivered
SH202301,B102863,RC102,2023-12-20 08:53:00,3143,Delivered
SH202302,B101400,RC110,2023-12-03 23:29:00,6538,Delivered
SH202303,B100783,RC100,2024-05-23 20:04:00,1970,Delivered
SH202304,B102128,RC120,2024-09-16 14:15:00,4059,Delivered
SH202305,B100505,RC113,2023-08-18 16:44:00,7016,Delivered
SH202306,B102988,RC101,2024-02-14 09:41:00,2191,Delivered
SH202307,B102169,RC101,2023-01-06 18:36:00,4454,Delivered
SH202308,B102589,RC106,2025-04-27 15:53:00,5320,Delivered
SH202309,B101330,RC107,2024-08-07 09:36:00,3839,Delivered
SH202310,B102163,RC122,2024-10-13 17:08:00,6086,Delivered
SH202311,B102548,RC105,2024-11-04 18:42:00,4010,Delivered
SH202312,B102411,RC111,2023-09-05 17:54:00,7773,Returned
SH202313,B101245,RC110,2024-12-14 23:48:00,1982,Delivered
SH202314,B101311,RC115,2023-09-05 03:03:00,3769,Delivered
SH202315,B102186,RC118,2025-03-06 06:14:00,5309,Delivered
SH202316,B100346,RC106,2023-08-17 04:45:00,3573,In Transit
SH202317,B102258,RC124,2025-03-16 02:28:00,1078,Delivered
SH202318,B100145,RC120,2024-09-02 00:29:00,3483,Delivered
SH202319,B100765,RC107,2023-06-21 08:08:00,3488,Delivered
SH202320,B102178,RC115,2023-09-08 18:41:00,1174,Delivered
SH202321,B102574,RC112,2025-04-13 00:55:00,4861,Delivered
SH202322,B100041,RC111,2024-01-12 05:00:00,6072,In Transit
SH202323,B102508,RC105,2023-02-23 12:43:00,7300,Delivered
SH202324,B102240,RC109,2024-03-19 01:04:00,5533,Delivered
SH202325,B100985,RC115,2023-12-26 22:13:00,3210,Delivered
SH202326,B100648,RC112,2024-06-22 22:08:00,6292,Delivered
SH202327,B100292,RC106,2023-09-09 14:12:00,2126,Delivered
SH202328,B102075,RC113,2024-08-15 22:00:00,6701,Delivered
SH202329,B102445,RC124,2023-09-01 16:23:00,6167,Delivered
SH202330,B100612,RC104,2024-12-15 21:30:00,1519,Delayed
SH202331,B102198,RC108,2023-03-21 10:12:00,3766,Delivered
SH202332,B100588,RC115,2023-02-04 16:14:00,956,Delivered
SH202333,B102719,RC123,2025-02-24 16:02:00,1844,Delivered
SH202334,B101609,RC101,2023-09-16 01:52:00,3443,Delivered
SH202335,B100874,RC113,2025-05-04 20:50:00,2986,Delivered
SH202336,B101250,RC106,2024-03-15 15:10:00,3574,Delivered
SH202337,B101463,RC120,2023-01-29 04:55:00,2844,Delivered
SH202338,B101730,RC111,2025-05-13 15:37:00,2729,Delivered
SH202339,B102900,RC118,2023-11-22 19:30:00,4815,Delivered
SH202340,B102991,RC111,2023-07-19 11:26:00,7868,Delivered
SH202341,B102878,RC118,2023-04-20 21:56:00,4356,Delivered
SH202342,B100827,RC102,2023-08-04 13:05:00,7440,Delivered
SH202343,B100470,RC102,2023-09-12 10:10:00,5710,Delivered
SH202344,B102416,RC101,2023-04-11 14:48:00,5830,Delivered
SH202345,B101309,RC114,2023-02-20 12:28:00,7919,Delivered
SH202346,B102544,RC122,2023-04-04 09:28:00,1901,Delivered
SH202347,B100795,RC104,2025-03-13 07:32:00,2957,In Transit
SH202348,B100615,RC103,2024-01-21 10:15:00,2856,Delivered
SH202349,B100981,RC115,2023-12-11 18:42:00,5800,Delivered
SH202350,B101850,RC116,2025-04-14 00:55:00,2443,In Transit
SH202351,B100224,RC103,2025-01-24 12:25:00,4462,Delivered
SH202352,B102371,RC122,2023-03-19 19:59:00,5477,Delivered
SH202353,B101829,RC104,2023-11-01 08:25:00,1492,Delivered
SH202354,B101225,RC103,2023-08-31 11:59:00,2403,Delivered
SH202355,B100606,RC117,2023-11-25 09:24:00,5388,Delayed
SH202356,B102464,RC106,2023-05-02 10:30:00,5198,Delayed
SH202357,B101691,RC107,2023-03-03 18:58:00,5977,Delivered
SH202358,B102118,RC106,2024-09-05 01:09:00,5751,Delayed
SH202359,B101181,RC112,2023-11-19 23:59:00,2385,Delivered
SH202360,B101971,RC103,2023-12-19 16:31:00,3904,Delivered
SH202361,B102555,RC107,2024-08-18 16:45:00,1409,Delivered
SH202362,B100581,RC100,2023-11-30 04:30:00,2380,In Transit
SH202363,B102274,RC124,2023-12-21 15:34:00,7897,Delivered
SH202364,B102305,RC101,2023-05-08 15:38:00,1021,Delivered
SH202365,B102249,RC115,2024-02-20 17:47:00,4532,In Transit
SH202366,B102257,RC114,2024-09-08 02:29:00,1405,Returned
SH202367,B100253,RC112,2023-09-15 00:13:00,4459,Delivered
SH202368,B102762,RC118,2025-04-28 00:32:00,827,Delivered
SH202369,B100595,RC118,2023-07-01 20:47:00,4353,Delivered
SH202370,B101628,RC111,2024-08-17 02:41:00,4980,Delivered
SH202371,B102448,RC122,2025-03-01 02:40:00,7188,Delayed
SH202372,B102757,RC104,2024-05-29 10:26:00,3841,Delivered
SH202373,B101328,RC124,2024-10-21 14:52:00,3457,Delivered
SH202374,B101107,RC110,2024-05-22 14:49:00,2081,Delivered
SH202375,B102410,RC114,2024-04-18 02:46:00,4927,Delivered
SH202376,B101265,RC114,2024-05-09 00:13:00,836,Delayed
SH202377,B102326,RC106,2025-02-11 03:28:00,4671,Delivered
SH202378,B102618,RC117,2024-05-13 18:55:00,5598,Delivered
SH202379,B100445,RC116,2023-06-19 15:53:00,3960,Delivered
SH202380,B102262,RC113,2024-07-21 15:38:00,787,Delivered
SH202381,B100430,RC122,2024-01-11 14:17:00,7618,Delivered
SH202382,B102051,RC119,2025-01-24 12:57:00,3629,In Transit
SH202383,B101409,RC121,2024-01-07 04:27:00,2378,Delivered
SH202384,B101287,RC118,2024-09-02 09:04:00,7720,Delivered
SH202385,B102251,RC111,2024-03-29 07:19:00,1893,Delivered
SH202386,B101461,RC112,2024-08-15 23:06:00,6815,Delivered
SH202387,B100527,RC111,2024-06-17 11:34:00,3705,Delivered
SH202388,B102517,RC112,2023-02-08 13:21:00,808,Returned
SH202389,B101540,RC118,2023-09-27 00:15:00,7318,Delivered
SH202390,B100489,RC100,2023-10-03 07:43:00,2694,Delivered
SH202391,B101483,RC116,2024-03-23 00:16:00,2601,Delivered
SH202392,B101956,RC121,2023-05-16 13:31:00,648,Delivered
SH202393,B101709,RC116,2025-02-25 19:33:00,843,Delivered
SH202394,B101887,RC112,2023-06-05 21:34:00,5880,Delivered
SH202395,B101291,RC111,2024-11-20 14:04:00,5146,Delivered
SH202396,B101833,RC104,2023-10-07 02:30:00,7063,Delivered
SH202397,B102369,RC123,2025-02-07 01:05:00,634,Delivered
SH202398,B101307,RC100,2024-05-19 15:23:00,5572,Delivered
SH202399,B100164,RC115,2023-01-21 03:39:00,1025,Delayed
SH202400,B100266,RC121,2024-05-14 22:59:00,1680,Delayed
SH202401,B100533,RC105,2025-02-09 13:36:00,1635,Delivered
SH202402,B101254,RC121,2024-01-13 13:27:00,3196,Delivered
SH202403,B100619,RC121,2024-02-29 11:47:00,5202,Delayed
SH202404,B102466,RC104,2024-06-06 18:51:00,4324,Delivered
SH202405,B100315,RC118,2025-01-28 11:59:00,5752,Delayed
SH202406,B102692,RC124,2023-07-02 09:20:00,3885,Delivered
SH202407,B100171,RC120,2023-01-16 04:15:00,2924,In Transit
SH202408,B101293,RC112,2023-04-30 21:52:00,3988,Delivered
SH202409,B100154,RC124,2024-10-14 02:26:00,649,Delivered
SH202410,B102874,RC115,2025-02-26 16:04:00,1610,Delivered
SH202411,B100010,RC103,2024-07-03 18:42:00,2874,Delivered
SH202412,B100680,RC117,2023-03-12 20:43:00,5442,Delivered
SH202413,B100056,RC110,2023-06-07 03:09:00,7873,Delivered
SH202414,B101018,RC118,2024-01-06 21:29:00,6845,In Transit
SH202415,B102307,RC108,2023-09-30 20:01:00,2077,Delivered
SH202416,B101864,RC120,2024-01-31 09:53:00,1556,Delivered
SH202417,B102984,RC114,2025-02-13 09:04:00,3112,Delivered
SH202418,B102074,RC102,2023-12-07 10:47:00,7948,Delivered
SH202419,B100205,RC113,2024-01-08 12:58:00,6909,Delivered
SH202420,B100410,RC105,2024-01-14 02:20:00,2692,Delivered
SH202421,B100329,RC111,2023-11-07 06:00:00,7513,Delivered
SH202422,B100664,RC112,2024-12-17 18:42:00,7477,Delivered
SH202423,B101365,RC107,2023-02-04 20:28:00,4083,Delivered
SH202424,B100549,RC114,2024-11-30 02:02:00,1887,Delivered
SH202425,B102331,RC112,2023-08-14 03:35:00,1399,Returned
SH202426,B102085,RC124,2023-03-16 04:48:00,5747,Delivered
SH202427,B101173,RC110,2025-05-31 19:58:00,4935,Delivered
SH202428,B102000,RC117,2023-12-22 11:21:00,5359,Delivered
SH202429,B101409,RC113,2023-03-19 18:26:00,6136,Delivered
SH202430,B101113,RC107,2024-02-23 16:57:00,6078,Delivered
SH202431,B101011,RC102,2023-10-17 07:04:00,5327,Delivered
SH202432,B102554,RC115,2024-09-09 16:42:00,7777,Delivered
SH202433,B101213,RC119,2023-09-24 21:31:00,2762,Delivered
SH202434,B102399,RC104,2023-10-12 07:04:00,3062,Delivered
SH202435,B101298,RC100,2025-04-29 07:05:00,7436,Delivered
SH202436,B102945,RC117,2024-03-27 06:35:00,2965,Delivered
SH202437,B101124,RC123,2023-12-26 12:23:00,6237,Delivered
SH202438,B101250,RC118,2025-02-12 06:53:00,6521,Delivered
SH202439,B100643,RC122,2023-06-06 03:33:00,6533,Delayed
SH202440,B100070,RC120,2023-10-23 10:30:00,7428,Delivered
SH202441,B100640,RC104,2023-05-04 00:57:00,4020,In Transit
SH202442,B100029,RC123,2023-03-24 08:48:00,2370,Delivered
SH202443,B101787,RC116,2024-02-01 15:16:00,3321,Delivered
SH202444,B100061,RC124,2024-05-23 03:59:00,1932,In Transit
SH202445,B102673,RC115,2024-08-22 06:33:00,7735,Delivered
SH202446,B100293,RC118,2025-04-10 17:57:00,4712,Delivered
SH202447,B100769,RC120,2025-01-21 14:02:00,2314,Delivered
SH202448,B102068,RC104,2024-01-20 10:03:00,7290,In Transit
SH202449,B101517,RC123,2024-07-12 11:57:00,3898,Delivered
SH202450,B102987,RC118,2024-04-29 00:02:00,5420,Delivered
SH202451,B101915,RC102,2024-08-22 14:41:00,3116,Delivered
SH202452,B102988,RC119,2023-01-05 17:59:00,2228,Delivered
SH202453,B101276,RC112,2023-06-10 17:12:00,4086,In Transit
SH202454,B100748,RC117,2025-04-26 21:56:00,3703,Delivered
SH202455,B101220,RC103,2025-04-29 03:43:00,4860,Delivered
SH202456,B101492,RC122,2024-12-15 21:02:00,4356,Delivered
SH202457,B102899,RC113,2023-10-06 23:42:00,7120,Delivered
SH202458,B100180,RC124,2024-11-04 03:54:00,3013,Delivered
SH202459,B102354,RC109,2024-03-21 23:24:00,958,Delivered
SH202460,B102938,RC107,2023-04-27 11:02:00,7193,Delivered
SH202461,B102893,RC111,2023-01-01 21:18:00,5442,Delivered
SH202462,B100291,RC116,2025-06-11 08:28:00,3839,Delivered
SH202463,B100149,RC107,2025-01-04 03:56:00,7619,Delivered
SH202464,B101733,RC118,2024-03-21 09:53:00,6619,Delivered
SH202465,B100329,RC118,2024-11-01 19:49:00,578,Delivered
SH202466,B101394,RC108,2024-12-01 23:06:00,6192,In Transit
SH202467,B102972,RC103,2024-06-20 23:07:00,2097,Delivered
SH202468,B102103,RC119,2023-10-18 21:08:00,1170,Delivered
SH202469,B100255,RC112,2023-01-01 05:32:00,2000,Delayed
SH202470,B100699,RC120,2024-10-09 21:49:00,7059,Delivered
SH202471,B102342,RC120,2025-01-15 03:36:00,1113,Delivered
SH202472,B101390,RC105,2023-12-16 16:25:00,3095,Delivered
SH202473,B101454,RC115,2025-01-01 00:29:00,1255,Delivered
SH202474,B101420,RC107,2024-09-01 14:30:00,5242,Delivered
SH202475,B100236,RC106,2023-05-01 22:31:00,3527,Delivered
SH202476,B101708,RC115,2023-11-02 18:16:00,4529,In Transit
SH202477,B101293,RC106,2024-11-17 04:29:00,566,Delivered
SH202478,B100187,RC117,2023-07-13 04:45:00,5982,Delivered
SH202479,B100125,RC111,2023-08-17 06:51:00,4777,Delivered
SH202480,B101874,RC111,2024-10-04 22:33:00,1249,Delivered
SH202481,B102926,RC123,2025-02-04 17:56:00,704,Delivered
SH202482,B101771,RC122,2023-09-14 22:12:00,7573,Delivered
SH202483,B100693,RC113,2023-12-12 17:04:00,650,Returned
SH202484,B102443,RC102,2024-10-08 08:47:00,7202,Delivered
SH202485,B102856,RC112,2023-01-09 18:31:00,6222,Delivered
SH202486,B102849,RC102,2023-09-16 17:15:00,3017,Delivered
SH202487,B100058,RC104,2024-12-25 02:34:00,4454,Delivered
SH202488,B100286,RC100,2023-07-18 00:22:00,602,Delivered
SH202489,B100158,RC110,2023-03-17 11:30:00,4391,Delivered
SH202490,B101110,RC109,2024-11-10 06:31:00,631,Delivered
SH202491,B100439,RC107,2024-11-14 08:56:00,5338,In Transit
SH202492,B102012,RC122,2025-05-30 20:16:00,4501,Delivered
SH202493,B100118,RC124,2023-01-26 09:43:00,2112,In Transit
SH202494,B100529,RC114,2023-10-18 22:57:00,4314,Delivered
SH202495,B101906,RC115,2024-05-21 14:31:00,2704,Delivered
SH202496,B102471,RC110,2024-10-07 19:10:00,2269,Delivered
SH202497,B102413,RC119,2023-06-10 23:57:00,4496,Delivered
SH202498,B101556,RC106,2025-01-26 22:14:00,7684,Delivered
SH202499,B101601,RC116,2024-09-04 23:24:00,6347,Delivered
SH202500,B100767,RC109,2023-12-09 03:36:00,3725,Delivered
SH202501,B101459,RC105,2023-04-01 12:48:00,3293,Delivered
SH202502,B102556,RC121,2023-05-03 15:49:00,5839,Delivered
SH202503,B102865,RC105,2023-10-25 04:32:00,3685,Delivered
SH202504,B100915,RC102,2025-03-05 01:19:00,1666,Delayed
SH202505,B100985,RC101,2024-07-26 12:56:00,6256,Delivered
SH202506,B101104,RC101,2023-12-13 05:18:00,3597,Delivered
SH202507,B101960,RC109,2024-05-03 06:27:00,753,Delivered
SH202508,B102263,RC100,2025-02-02 15:55:00,969,Delayed
SH202509,B101124,RC122,2024-08-19 21:34:00,701,Delivered
SH202510,B101967,RC116,2025-01-18 18:03:00,1092,Delivered
SH202511,B102019,RC100,2023-11-02 15:40:00,5743,Delivered
SH202512,B100741,RC104,2024-09-10 22:43:00,3750,Delivered
SH202513,B101605,RC109,2023-12-19 20:38:00,4253,Delivered
SH202514,B102832,RC123,2023-10-08 16:40:00,7014,Delayed
SH202515,B100603,RC124,2024-04-19 11:03:00,2968,In Transit
SH202516,B102111,RC102,2024-04-10 16:44:00,7607,Delivered
SH202517,B101227,RC107,2025-06-18 08:29:00,7494,Delivered
SH202518,B100993,RC117,2024-05-24 10:40:00,1168,Delivered
SH202519,B102212,RC104,2024-01-20 17:45:00,1080,In Transit
SH202520,B100081,RC116,2023-10-08 14:40:00,6611,Delivered
SH202521,B102795,RC121,2024-12-17 10:16:00,7725,Delivered
SH202522,B101910,RC118,2024-06-09 17:55:00,7926,Delivered
SH202523,B101530,RC103,2023-03-14 20:10:00,6242,Delivered
SH202524,B101582,RC100,2023-04-09 14:44:00,7899,Delivered
SH202525,B102793,RC108,2025-06-18 19:01:00,2661,Delivered
SH202526,B100377,RC120,2023-10-09 05:54:00,7287,Delivered
SH202527,B100909,RC104,2023-05-12 20:25:00,5737,Delivered
SH202528,B102641,RC112,2024-02-10 08:04:00,4078,Delivered
SH202529,B101878,RC110,2024-09-17 09:15:00,1957,Delivered
SH202530,B101297,RC111,2023-10-08 21:07:00,4684,Delivered
SH202531,B102014,RC122,2024-07-29 13:43:00,1290,Delivered
SH202532,B102901,RC119,2023-11-19 20:58:00,3545,Delivered
SH202533,B100570,RC108,2025-05-27 04:37:00,5616,Delivered
SH202534,B100631,RC111,2024-06-13 04:17:00,5491,Delivered
SH202535,B102989,RC117,2024-08-23 03:16:00,3089,Delivered
SH202536,B101830,RC101,2024-02-05 06:29:00,1813,Delayed
SH202537,B102358,RC113,2024-01-10 10:12:00,5463,Delivered
SH202538,B102669,RC112,2024-01-14 15:43:00,1941,Delivered
SH202539,B101212,RC103,2023-08-23 07:47:00,2581,Delivered
SH202540,B101890,RC120,2024-07-28 01:50:00,5656,Delivered
SH202541,B102322,RC104,2024-02-01 16:46:00,4052,Delivered
SH202542,B101662,RC107,2023-01-16 14:06:00,949,Delivered
SH202543,B100786,RC102,2024-06-19 04:11:00,6697,Delivered
SH202544,B100372,RC101,2023-10-27 02:13:00,3594,Delayed
SH202545,B101300,RC113,2024-07-12 02:18:00,7994,Delayed
SH202546,B100015,RC106,2023-10-30 04:48:00,3475,In Transit
SH202547,B101069,RC123,2024-01-27 23:12:00,2536,Delivered
SH202548,B102345,RC106,2025-03-09 18:16:00,900,Delivered
SH202549,B102792,RC100,2023-06-14 12:44:00,973,Delivered
SH202550,B101966,RC114,2024-11-10 17:07:00,862,Delivered
SH202551,B101132,RC105,2024-04-02 09:34:00,3063,Delayed
SH202552,B100143,RC100,2024-10-17 10:03:00,5521,Delivered
SH202553,B102738,RC122,2024-06-14 20:28:00,7471,Delivered
SH202554,B102312,RC111,2025-05-22 06:39:00,1723,Delivered
SH202555,B102463,RC109,2024-01-04 12:16:00,1824,Delivered
SH202556,B100231,RC118,2024-01-21 11:16:00,3844,Delivered
SH202557,B100814,RC109,2024-08-27 17:04:00,1805,Delayed
SH202558,B102969,RC110,2024-07-09 11:06:00,1790,Delivered
SH202559,B101359,RC101,2023-01-10 03:43:00,785,In Transit
SH202560,B101870,RC123,2024-11-26 20:43:00,5772,Delivered
SH202561,B102053,RC117,2025-01-30 18:24:00,4847,Delivered
SH202562,B100971,RC123,2023-06-07 07:36:00,2116,Delivered
SH202563,B102862,RC111,2023-02-14 17:53:00,5273,Returned
SH202564,B100765,RC100,2025-04-13 16:55:00,3383,Delayed
SH202565,B101001,RC121,2025-03-06 06:56:00,682,Delivered
SH202566,B102346,RC104,2025-03-04 07:51:00,4119,Delivered
SH202567,B101414,RC115,2023-04-13 23:22:00,6866,Delivered
SH202568,B100868,RC110,2024-01-31 09:31:00,1734,Delivered
SH202569,B101689,RC112,2024-10-11 23:42:00,3699,Delayed
SH202570,B100734,RC102,2024-01-27 15:22:00,4636,In Transit
SH202571,B101586,RC101,2025-05-02 23:58:00,7752,Delayed
SH202572,B100068,RC113,2025-01-18 10:11:00,1594,Delivered
SH202573,B102473,RC117,2025-04-02 23:05:00,3401,Delivered
SH202574,B102470,RC100,2023-02-20 01:54:00,3702,Delivered
SH202575,B101583,RC112,2023-07-30 07:49:00,5928,Delivered
SH202576,B102568,RC119,2024-10-09 04:49:00,3204,Delivered
SH202577,B101412,RC112,2024-04-14 06:48:00,1700,Delivered
SH202578,B101905,RC106,2023-03-13 17:57:00,1061,Delivered
SH202579,B100341,RC108,2023-02-27 20:49:00,3734,Delivered
SH202580,B102560,RC122,2025-02-27 07:14:00,5224,In Transit
SH202581,B100474,RC101,2025-06-14 06:28:00,3857,Delivered
SH202582,B102535,RC102,2024-05-02 21:13:00,3147,Delivered
SH202583,B101550,RC123,2023-03-09 22:58:00,1821,Returned
SH202584,B102054,RC104,2023-06-17 14:55:00,6336,In Transit
SH202585,B101780,RC120,2023-07-27 10:57:00,2991,Delivered
SH202586,B101916,RC115,2023-07-11 01:19:00,6011,Delivered
SH202587,B101596,RC107,2023-10-31 01:27:00,7231,Delivered
SH202588,B101910,RC108,2024-06-30 04:59:00,3581,Delivered
SH202589,B102791,RC106,2024-10-10 02:52:00,5298,Delivered
SH202590,B101878,RC106,2023-06-27 10:19:00,1923,Delivered
SH202591,B102284,RC102,2023-04-22 18:37:00,3981,Delivered
SH202592,B101523,RC104,2025-01-22 13:27:00,3664,Delivered
SH202593,B102385,RC118,2023-11-14 22:15:00,7972,Delayed
SH202594,B102210,RC108,2023-11-09 23:14:00,982,Delivered
SH202595,B102877,RC121,2024-10-21 23:25:00,1608,Delivered
SH202596,B102352,RC110,2024-12-20 18:30:00,3667,Delivered
SH202597,B100398,RC102,2023-09-11 02:58:00,4029,Delivered
SH202598,B102426,RC105,2023-11-28 13:28:00,1294,In Transit
SH202599,B102808,RC119,2025-03-30 08:49:00,5608,Delivered
SH202600,B101903,RC110,2024-09-21 19:55:00,4608,Delivered
SH202601,B102651,RC117,2023-02-19 20:15:00,7646,Delivered
SH202602,B100018,RC115,2024-12-08 00:31:00,2591,Delivered
SH202603,B101940,RC112,2023-12-17 03:55:00,5607,Delivered
SH202604,B100398,RC114,2024-02-02 13:18:00,1791,Delivered
SH202605,B100882,RC120,2023-09-04 04:30:00,1835,Delayed
SH202606,B101791,RC117,2023-01-02 09:55:00,2103,Delivered
SH202607,B102511,RC108,2025-03-16 15:56:00,4741,Delivered
SH202608,B102081,RC107,2024-02-04 22:33:00,2138,Delivered
SH202609,B101426,RC106,2025-01-17 13:17:00,4946,Delivered
SH202610,B101786,RC114,2024-09-22 09:49:00,3474,Delivered
SH202611,B101774,RC102,2024-07-21 00:58:00,4595,Delivered
SH202612,B100836,RC104,2024-09-08 20:40:00,900,Delivered
SH202613,B100489,RC105,2023-11-04 04:50:00,7684,Delivered
SH202614,B100279,RC112,2023-04-18 08:34:00,5279,Delivered
SH202615,B100248,RC117,2023-04-07 21:20:00,1909,Delivered
SH202616,B101261,RC116,2024-08-25 00:36:00,2774,Delivered
SH202617,B100883,RC108,2025-05-04 13:40:00,6128,Delivered
SH202618,B100232,RC110,2025-02-28 22:23:00,1260,Delivered
SH202619,B102229,RC108,2024-07-18 02:45:00,5646,In Transit
SH202620,B102785,RC115,2025-05-08 19:04:00,6835,Returned
SH202621,B100339,RC118,2025-05-26 15:18:00,2991,Delivered
SH202622,B101719,RC104,2023-03-31 06:19:00,3220,Returned
SH202623,B102124,RC114,2023-03-14 19:12:00,3227,Delivered
SH202624,B102780,RC112,2024-01-13 01:09:00,5584,Delivered
SH202625,B101711,RC104,2023-04-03 15:06:00,4537,Delivered
SH202626,B101069,RC122,2024-11-07 17:29:00,2317,Delivered
SH202627,B101811,RC108,2023-07-10 16:01:00,6875,Delivered
SH202628,B100210,RC112,2025-04-26 09:20:00,831,Delivered
SH202629,B100394,RC119,2024-03-30 13:13:00,3472,Delivered
SH202630,B100774,RC104,2025-03-05 19:09:00,7006,Delivered
SH202631,B102939,RC116,2024-02-28 16:22:00,3425,Delivered
SH202632,B100481,RC115,2024-02-01 05:04:00,5302,Returned
SH202633,B101212,RC114,2023-06-11 23:31:00,5286,Delivered
SH202634,B102981,RC109,2024-08-15 22:14:00,3517,Delivered
SH202635,B101950,RC123,2023-10-05 08:46:00,2675,Delivered
SH202636,B100812,RC124,2023-11-13 03:05:00,4321,Delivered
SH202637,B101270,RC121,2023-02-15 08:57:00,3974,Delivered
SH202638,B101520,RC107,2024-01-08 23:37:00,2980,Delivered
SH202639,B100787,RC111,2025-02-08 19:03:00,3567,Delivered
SH202640,B100353,RC120,2024-11-03 21:52:00,3660,Delivered
SH202641,B101774,RC114,2024-07-31 16:20:00,1135,Delivered
SH202642,B100107,RC124,2025-06-10 00:03:00,2583,Delivered
SH202643,B102425,RC117,2023-05-20 14:30:00,4994,Delivered
SH202644,B101815,RC116,2024-05-15 07:03:00,812,Delivered
SH202645,B102483,RC114,2025-05-15 10:17:00,1156,Delivered
SH202646,B101382,RC114,2024-10-02 03:32:00,3007,Delivered
SH202647,B102890,RC123,2024-06-27 06:14:00,4824,Delivered
SH202648,B100838,RC113,2024-08-10 13:01:00,1777,Delivered
SH202649,B102064,RC113,2025-01-22 00:33:00,4811,Delivered
SH202650,B101849,RC107,2023-04-13 07:59:00,2946,Delivered
SH202651,B101193,RC102,2024-07-31 20:42:00,2970,Delivered
SH202652,B101958,RC103,2023-07-12 09:19:00,5780,Delivered
SH202653,B101011,RC123,2023-01-20 03:18:00,2247,Delivered
SH202654,B101025,RC114,2024-10-11 04:45:00,5110,Delivered
SH202655,B102711,RC108,2025-01-27 00:06:00,5902,Delivered
SH202656,B100961,RC108,2023-11-23 07:24:00,3219,Delivered
SH202657,B101689,RC115,2023-02-01 07:22:00,2993,Delivered
SH202658,B100775,RC112,2025-01-29 04:46:00,2222,Delivered
SH202659,B100312,RC100,2024-06-24 10:06:00,1169,In Transit
SH202660,B100780,RC104,2024-10-27 12:53:00,1919,Delivered
SH202661,B102239,RC119,2025-01-11 16:34:00,3282,Delivered
SH202662,B102655,RC117,2025-01-01 21:40:00,809,Delayed
SH202663,B100479,RC109,2024-10-22 10:57:00,1370,Delivered
SH202664,B102808,RC119,2023-03-21 18:56:00,4534,Delivered
SH202665,B100917,RC101,2023-04-28 04:31:00,2516,Delivered
SH202666,B101691,RC112,2025-03-07 10:41:00,6272,Delivered
SH202667,B102551,RC124,2024-03-23 01:43:00,5873,Delivered
SH202668,B101543,RC119,2023-03-25 01:31:00,5451,Delivered
SH202669,B101040,RC124,2023-03-31 19:24:00,3335,In Transit
SH202670,B100731,RC123,2023-01-04 05:50:00,5764,Delivered
SH202671,B100432,RC119,2024-02-02 15:47:00,3294,Delivered
SH202672,B101022,RC123,2023-01-17 14:23:00,7408,Delivered
SH202673,B101655,RC105,2023-12-21 15:35:00,2711,Delivered
SH202674,B101937,RC101,2023-11-30 07:06:00,2182,Delivered
SH202675,B102207,RC124,2024-03-28 22:30:00,4999,Delivered
SH202676,B101469,RC116,2024-01-30 00:49:00,5857,In Transit
SH202677,B102759,RC113,2025-05-28 23:41:00,3973,Delivered
SH202678,B100554,RC100,2024-01-15 16:56:00,4679,Delivered
SH202679,B100671,RC112,2025-05-02 11:54:00,4379,Delivered
SH202680,B102824,RC105,2024-08-01 23:54:00,882,Delivered
SH202681,B101394,RC119,2023-07-31 03:15:00,2549,Delivered
SH202682,B101566,RC106,2023-06-04 08:46:00,5416,Delivered
SH202683,B101954,RC115,2024-10-01 07:38:00,4232,Delivered
SH202684,B100668,RC117,2025-02-14 17:59:00,6779,Delivered
SH202685,B102076,RC121,2024-04-16 21:32:00,6320,Delivered
SH202686,B100318,RC120,2023-05-17 23:07:00,3656,Delivered
SH202687,B102428,RC112,2023-11-15 03:39:00,1021,Delivered
SH202688,B102209,RC110,2025-04-21 23:22:00,7117,Delivered
SH202689,B100760,RC110,2025-04-06 11:57:00,5514,Delivered
SH202690,B102744,RC110,2024-04-18 21:17:00,4206,Delivered
SH202691,B100311,RC110,2023-12-02 15:10:00,2954,Returned
SH202692,B102635,RC121,2024-08-22 05:48:00,4453,Delivered
SH202693,B101817,RC113,2023-03-08 09:53:00,1858,Delivered
SH202694,B100556,RC110,2023-02-08 20:57:00,7225,Delivered
SH202695,B101443,RC111,2024-10-21 10:57:00,6020,Delivered
SH202696,B100332,RC114,2024-04-02 18:57:00,658,Delivered
SH202697,B101700,RC118,2024-01-10 00:18:00,1672,Delivered
SH202698,B100961,RC106,2025-04-13 22:15:00,1743,Delivered
SH202699,B101476,RC111,2024-10-03 08:33:00,2593,Delayed
SH202700,B100898,RC113,2025-05-05 21:56:00,4450,Delivered
SH202701,B100753,RC100,2023-05-06 01:47:00,7961,Delivered
SH202702,B102504,RC119,2023-12-27 11:42:00,2669,Delivered
SH202703,B100609,RC118,2024-12-25 01:33:00,2017,Delivered
SH202704,B101404,RC108,2023-08-11 11:16:00,1961,In Transit
SH202705,B102436,RC112,2024-10-10 04:39:00,700,Delivered
SH202706,B101564,RC103,2023-01-09 06:13:00,6646,Returned
SH202707,B102839,RC112,2025-06-10 00:23:00,3106,Delivered
SH202708,B100489,RC116,2023-05-06 15:03:00,4465,Delivered
SH202709,B101043,RC120,2025-04-20 22:54:00,5521,Returned
SH202710,B100207,RC116,2023-05-22 19:52:00,6028,Delivered
SH202711,B100132,RC107,2024-03-31 14:33:00,5800,Delivered
SH202712,B100882,RC116,2024-05-02 06:19:00,5804,Delivered
SH202713,B102462,RC123,2023-01-10 08:19:00,5448,Delivered
SH202714,B100330,RC108,2024-01-04 17:06:00,3413,Delivered
SH202715,B102924,RC102,2024-11-28 01:16:00,1264,Delivered
SH202716,B101829,RC118,2025-02-07 05:43:00,6517,Delivered
SH202717,B102540,RC109,2023-05-29 09:26:00,2335,Delivered
SH202718,B102052,RC101,2023-11-22 08:33:00,4439,Delivered
SH202719,B101067,RC110,2023-10-15 11:33:00,6206,Delivered
SH202720,B101577,RC110,2024-08-07 22:09:00,2462,Delivered
SH202721,B101870,RC115,2023-12-13 12:55:00,2432,Delivered
SH202722,B100292,RC102,2023-05-04 14:04:00,6554,Delivered
SH202723,B102598,RC115,2024-04-29 06:19:00,2548,Delivered
SH202724,B100211,RC106,2023-09-27 20:20:00,4347,Delivered
SH202725,B101300,RC100,2024-04-19 07:58:00,2051,Delivered
SH202726,B101216,RC111,2024-04-25 14:15:00,4862,Delivered
SH202727,B101981,RC107,2023-02-20 16:07:00,4499,Delivered
SH202728,B102678,RC115,2024-06-10 02:23:00,7976,Delayed
SH202729,B101349,RC107,2023-12-15 05:13:00,3702,Delivered
SH202730,B102409,RC105,2024-08-15 22:30:00,3539,Delivered
SH202731,B101565,RC113,2024-10-25 20:59:00,4303,Delivered
SH202732,B100849,RC123,2025-04-09 20:00:00,5806,Delivered
SH202733,B100961,RC119,2024-12-30 07:30:00,2657,Delivered
SH202734,B101318,RC102,2024-02-13 10:44:00,6347,Delivered
SH202735,B102488,RC110,2023-10-31 23:32:00,3961,Returned
SH202736,B101378,RC124,2025-04-15 20:17:00,502,In Transit
SH202737,B100402,RC103,2023-04-08 20:38:00,1883,Delivered
SH202738,B100284,RC104,2025-04-08 03:58:00,6931,Delivered
SH202739,B100035,RC113,2023-07-05 03:04:00,2297,Delivered
SH202740,B102818,RC107,2025-01-07 01:01:00,7635,Delivered
SH202741,B102030,RC111,2024-12-11 19:15:00,5643,Delayed
SH202742,B100095,RC118,2024-04-14 19:03:00,4710,Delivered
SH202743,B100019,RC124,2023-07-03 14:18:00,6071,Delivered
SH202744,B102760,RC112,2023-06-01 01:29:00,7738,In Transit
SH202745,B100178,RC123,2025-06-09 02:13:00,2086,Delivered
SH202746,B100431,RC122,2023-08-16 08:00:00,4649,Delivered
SH202747,B102766,RC109,2024-06-04 18:08:00,594,Delivered
SH202748,B102728,RC111,2025-05-29 02:11:00,3281,Delivered
SH202749,B101929,RC104,2023-07-13 17:20:00,3624,Delivered
SH202750,B100932,RC124,2023-10-15 09:44:00,3888,Delivered
SH202751,B102908,RC114,2024-08-04 11:28:00,4592,Delivered
SH202752,B100779,RC105,2024-09-04 08:15:00,2238,Delivered
SH202753,B102258,RC118,2025-01-26 04:48:00,2845,Delivered
SH202754,B101868,RC107,2025-02-16 18:12:00,3688,Delivered
SH202755,B102885,RC104,2024-07-03 20:21:00,3264,Delivered
SH202756,B101648,RC116,2024-09-05 15:59:00,5032,Delivered
SH202757,B100962,RC106,2023-03-06 07:29:00,916,Delivered
SH202758,B101767,RC103,2023-08-17 19:46:00,5816,Delivered
SH202759,B101641,RC113,2023-11-02 22:51:00,2593,Delivered
SH202760,B101950,RC124,2025-01-13 15:32:00,5976,Delivered
SH202761,B102099,RC107,2025-05-31 11:08:00,1158,Delivered
SH202762,B102525,RC120,2025-01-29 10:50:00,7951,In Transit
SH202763,B101127,RC122,2024-12-20 18:25:00,5559,Delivered
SH202764,B101374,RC121,2025-03-15 03:10:00,3908,Delivered
SH202765,B102564,RC119,2024-01-22 05:38:00,7008,Delivered
SH202766,B102188,RC117,2024-04-04 09:01:00,4155,In Transit
SH202767,B100765,RC123,2024-11-27 15:37:00,6299,Delivered
SH202768,B101077,RC111,2025-02-21 09:03:00,2851,Delivered
SH202769,B102129,RC103,2024-01-01 15:13:00,3530,Delivered
SH202770,B101350,RC109,2024-10-31 23:36:00,7079,Delivered
SH202771,B100214,RC109,2024-12-27 07:03:00,2300,Delivered
SH202772,B102132,RC106,2025-06-06 17:19:00,588,Delivered
SH202773,B101756,RC116,2024-09-06 01:36:00,2071,In Transit
SH202774,B100924,RC114,2023-07-02 18:25:00,7915,Delivered
SH202775,B100234,RC110,2023-02-25 19:32:00,7643,Delivered
SH202776,B101813,RC112,2023-06-28 16:38:00,7394,Delivered
SH202777,B102255,RC119,2023-05-20 07:26:00,7654,In Transit
SH202778,B100786,RC124,2024-02-06 12:13:00,5993,Delivered
SH202779,B101058,RC114,2023-12-11 23:22:00,5159,Delivered
SH202780,B100045,RC120,2025-06-16 03:03:00,3622,Delivered
SH202781,B100866,RC122,2023-09-06 13:11:00,5378,Delivered
SH202782,B101534,RC102,2025-02-16 03:33:00,6266,Delivered
SH202783,B101228,RC124,2024-11-15 17:30:00,5284,Delivered
SH202784,B100919,RC100,2024-10-21 20:19:00,925,In Transit
SH202785,B100816,RC116,2023-11-26 23:43:00,5001,Delivered
SH202786,B100945,RC101,2025-04-25 02:19:00,7505,Delivered
SH202787,B100663,RC111,2025-02-14 15:35:00,3698,Delivered
SH202788,B100555,RC114,2024-10-23 01:28:00,2346,Delivered
SH202789,B101239,RC122,2023-10-15 22:43:00,7216,Delivered
SH202790,B101490,RC102,2024-11-06 18:03:00,3859,Delivered
SH202791,B101694,RC105,2024-01-29 04:59:00,4666,Delivered
SH202792,B102267,RC100,2024-02-17 20:35:00,4522,Delivered
SH202793,B101221,RC103,2023-07-29 10:46:00,6414,Delivered
SH202794,B100527,RC119,2025-04-21 11:11:00,1573,Delivered
SH202795,B101254,RC101,2025-03-08 09:43:00,4630,Delivered
SH202796,B101723,RC105,2023-11-24 07:34:00,7824,In Transit
SH202797,B100109,RC116,2023-03-29 15:42:00,779,Delivered
SH202798,B102115,RC114,2025-04-01 22:36:00,6631,Delivered
SH202799,B101355,RC117,2023-10-07 07:09:00,2806,In Transit
SH202800,B102452,RC100,2023-12-27 00:26:00,6914,Delivered
SH202801,B102798,RC113,2025-01-09 19:27:00,6229,Delivered
SH202802,B100237,RC115,2024-06-12 18:27:00,2992,Delivered
SH202803,B101065,RC103,2024-03-07 05:48:00,1768,Delivered
SH202804,B100881,RC107,2025-06-13 20:36:00,4143,Returned
SH202805,B102521,RC101,2025-06-14 21:33:00,4091,Delivered
SH202806,B100448,RC112,2023-12-17 03:27:00,4424,Delivered
SH202807,B100187,RC120,2023-12-19 15:06:00,6768,Delivered
SH202808,B101336,RC106,2023-08-18 07:56:00,2746,Delivered
SH202809,B102234,RC124,2023-04-17 08:28:00,4884,Delivered
SH202810,B100369,RC120,2023-07-14 12:35:00,1939,Delivered
SH202811,B102138,RC113,2025-06-17 19:22:00,4965,Delivered
SH202812,B102083,RC101,2024-06-16 10:01:00,2050,Delivered
SH202813,B100244,RC106,2024-05-31 10:43:00,7662,Delivered
SH202814,B100868,RC120,2023-09-03 16:55:00,4629,Delivered
SH202815,B101263,RC104,2023-11-26 06:03:00,593,Delivered
SH202816,B101349,RC118,2023-12-03 19:23:00,3171,In Transit
SH202817,B100867,RC100,2023-01-25 18:07:00,1009,Delivered
SH202818,B101775,RC105,2025-01-25 02:15:00,842,Delivered
SH202819,B102201,RC115,2023-07-29 05:42:00,6028,Delivered
SH202820,B102299,RC102,2024-08-20 09:05:00,4622,Delivered
SH202821,B101611,RC119,2023-12-09 15:34:00,963,Delivered
SH202822,B102317,RC121,2023-06-26 00:34:00,6520,Delivered
SH202823,B101242,RC105,2023-12-14 21:07:00,3345,Delivered
SH202824,B102553,RC112,2024-02-13 02:07:00,3110,Delivered
SH202825,B100909,RC115,2024-07-03 22:22:00,2087,In Transit
SH202826,B100444,RC111,2023-11-19 09:50:00,3377,Delivered
SH202827,B101105,RC123,2024-04-17 10:45:00,3303,Delivered
SH202828,B100894,RC104,2025-01-05 11:16:00,4057,Delayed
SH202829,B101466,RC118,2023-08-07 17:51:00,3499,Delivered
SH202830,B101137,RC115,2023-10-24 13:38:00,4018,Delivered
SH202831,B101928,RC115,2024-04-12 20:56:00,4052,Delivered
SH202832,B101005,RC106,2023-07-01 10:44:00,7921,In Transit
SH202833,B102775,RC120,2024-07-29 19:52:00,4878,Delivered
SH202834,B101998,RC116,2025-06-12 15:47:00,7095,Delivered
SH202835,B100315,RC105,2024-01-15 17:10:00,4236,Delivered
SH202836,B100520,RC113,2024-10-30 13:11:00,7190,Delivered
SH202837,B101560,RC111,2023-07-26 08:34:00,4430,Delivered
SH202838,B101585,RC121,2023-04-06 04:38:00,7004,Delivered
SH202839,B101342,RC114,2023-01-24 10:32:00,6856,Delivered
SH202840,B102733,RC124,2025-01-04 10:40:00,970,Delivered
SH202841,B102383,RC112,2025-04-27 19:18:00,2138,Delivered
SH202842,B102278,RC102,2024-02-26 16:44:00,788,Delivered
SH202843,B100607,RC116,2023-03-23 16:09:00,981,Delivered
SH202844,B101984,RC105,2023-06-01 01:29:00,932,Delivered
SH202845,B101153,RC120,2023-12-27 21:41:00,7166,Delivered
SH202846,B102946,RC110,2025-03-04 00:20:00,4471,In Transit
SH202847,B101755,RC107,2024-12-18 13:57:00,4709,Delivered
SH202848,B101788,RC105,2023-02-13 17:03:00,2711,In Transit
SH202849,B101575,RC122,2023-01-06 09:01:00,2177,Returned
SH202850,B100376,RC105,2025-04-19 08:27:00,6390,Delivered
SH202851,B101082,RC106,2023-12-04 00:49:00,7319,Delivered
SH202852,B101614,RC112,2025-02-20 15:05:00,2108,Returned
SH202853,B100871,RC105,2023-02-11 01:57:00,1225,Delivered
SH202854,B101222,RC114,2025-04-15 19:36:00,2313,Delivered
SH202855,B102751,RC100,2023-06-18 11:35:00,6002,Delivered
SH202856,B101026,RC102,2023-09-21 03:19:00,5253,Delivered
SH202857,B102863,RC120,2025-02-12 15:33:00,6981,Delivered
SH202858,B101415,RC115,2024-02-02 12:24:00,2601,Delivered
SH202859,B101291,RC124,2023-09-25 09:35:00,505,Delivered
SH202860,B101641,RC122,2024-12-14 01:19:00,7557,Delivered
SH202861,B101339,RC107,2023-12-17 08:19:00,6584,Delivered
SH202862,B101261,RC122,2024-03-13 14:58:00,3650,Delivered
SH202863,B102753,RC119,2023-07-30 23:24:00,6356,Delivered
SH202864,B100553,RC117,2023-06-10 18:48:00,6587,Delivered
SH202865,B102359,RC118,2024-06-01 08:20:00,3942,Delivered
SH202866,B100795,RC116,2025-06-06 18:45:00,4838,Delivered
SH202867,B102217,RC103,2025-05-19 06:20:00,7918,Delivered
SH202868,B102816,RC102,2024-11-27 22:44:00,2615,Delayed
SH202869,B100842,RC115,2025-04-10 16:38:00,6278,Delivered
SH202870,B102236,RC118,2023-12-25 21:56:00,2170,In Transit
SH202871,B101206,RC116,2023-04-21 12:46:00,4447,Delivered
SH202872,B101831,RC100,2024-02-17 06:44:00,7402,Delivered
SH202873,B100147,RC110,2023-01-04 22:29:00,7930,Returned
SH202874,B100520,RC106,2024-11-16 06:31:00,7536,Delivered
SH202875,B101705,RC121,2024-11-19 11:06:00,4516,Delivered
SH202876,B102871,RC103,2024-04-20 10:46:00,3359,Delivered
SH202877,B100362,RC100,2023-11-19 13:07:00,3441,Delivered
SH202878,B102587,RC104,2024-06-30 16:27:00,6876,Returned
SH202879,B101138,RC111,2025-04-27 01:58:00,3418,Delivered
SH202880,B100169,RC108,2024-01-22 07:33:00,6241,Delivered
SH202881,B101023,RC114,2023-12-03 08:10:00,3740,Delivered
SH202882,B101192,RC118,2023-04-08 10:52:00,6289,In Transit
SH202883,B100094,RC111,2023-01-28 10:46:00,2465,Delivered
SH202884,B102040,RC121,2023-04-26 21:19:00,3880,Returned
SH202885,B100953,RC117,2023-12-02 14:46:00,583,Delivered
SH202886,B101504,RC102,2025-01-26 01:46:00,2243,In Transit
SH202887,B102111,RC100,2024-12-15 19:15:00,1435,Delayed
SH202888,B101904,RC107,2025-06-05 14:55:00,6837,Delivered
SH202889,B100116,RC116,2023-11-21 14:01:00,7306,In Transit
SH202890,B100902,RC118,2024-01-19 10:31:00,685,Delivered
SH202891,B101252,RC124,2023-07-18 13:37:00,7083,Delivered
SH202892,B101919,RC118,2024-06-29 03:50:00,3886,Delivered
SH202893,B102146,RC102,2023-01-06 17:40:00,5302,Delivered
SH202894,B102519,RC101,2023-07-07 15:17:00,2271,Delayed
SH202895,B102338,RC111,2025-05-24 20:20:00,4511,Delivered
SH202896,B100216,RC105,2024-02-19 01:47:00,5101,Delayed
SH202897,B101532,RC123,2024-04-21 11:34:00,1511,Delivered
SH202898,B102773,RC106,2024-04-19 22:32:00,2054,Delivered
SH202899,B101059,RC121,2023-02-27 23:06:00,5442,Delivered
SH202900,B102329,RC104,2024-05-09 08:28:00,7546,Delivered
SH202901,B100002,RC112,2025-04-21 16:53:00,515,In Transit
SH202902,B101571,RC114,2025-06-04 13:04:00,5640,Delivered
SH202903,B100356,RC108,2024-09-14 20:06:00,6131,Delayed
SH202904,B100023,RC105,2025-03-08 12:05:00,4769,Delayed
SH202905,B101863,RC114,2024-09-17 14:19:00,1742,Delivered
SH202906,B102759,RC104,2023-09-05 15:27:00,2468,Delivered
SH202907,B100171,RC115,2024-05-02 17:03:00,5404,Delivered
SH202908,B102856,RC116,2024-05-13 22:50:00,1943,Delivered
SH202909,B100727,RC103,2025-02-26 17:31:00,1487,Delayed
SH202910,B102835,RC102,2024-03-08 09:05:00,2043,Delayed
SH202911,B102290,RC108,2025-04-01 04:50:00,7199,Delivered
SH202912,B101298,RC100,2025-06-14 12:44:00,5463,In Transit
SH202913,B102863,RC112,2023-05-04 16:48:00,865,Delivered
SH202914,B101958,RC113,2025-04-01 05:14:00,7605,Delivered
SH202915,B102945,RC103,2023-10-07 16:23:00,1021,Delivered
SH202916,B100995,RC105,2023-05-10 00:41:00,4958,Delivered
SH202917,B102114,RC100,2023-07-15 04:10:00,1069,Delivered
SH202918,B102815,RC109,2023-10-22 12:42:00,5374,Delivered
SH202919,B100091,RC112,2025-01-19 19:32:00,7362,Delivered
SH202920,B102781,RC105,2023-10-05 06:53:00,5008,Delivered
SH202921,B100902,RC116,2023-07-17 21:41:00,3759,In Transit
SH202922,B102288,RC114,2025-04-02 04:29:00,2475,Delivered
SH202923,B102871,RC114,2025-01-21 11:59:00,816,Delivered
SH202924,B101697,RC114,2024-10-08 01:48:00,5634,Delivered
SH202925,B102554,RC112,2023-04-16 15:23:00,6927,Delivered
SH202926,B102485,RC110,2023-12-27 15:53:00,4021,Delivered
SH202927,B101030,RC103,2025-06-08 10:20:00,7557,Delayed
SH202928,B100777,RC105,2023-05-31 10:37:00,4039,Delivered
SH202929,B102819,RC113,2024-11-19 20:13:00,6772,Delivered
SH202930,B100147,RC117,2023-10-19 22:40:00,5052,Delivered
SH202931,B102625,RC114,2025-06-16 07:12:00,3382,Delivered
SH202932,B100807,RC105,2023-04-09 02:05:00,3988,Delivered
SH202933,B101966,RC112,2024-04-07 04:54:00,5867,Delivered
SH202934,B101048,RC108,2025-03-14 14:27:00,4008,Delivered
SH202935,B101219,RC107,2024-12-19 10:11:00,514,Delivered
SH202936,B100150,RC101,2025-02-22 03:29:00,3417,In Transit
SH202937,B102249,RC122,2023-10-10 21:46:00,6672,Delivered
SH202938,B100523,RC103,2024-11-12 09:27:00,5428,Delivered
SH202939,B102472,RC117,2023-06-07 23:12:00,4614,Delivered
SH202940,B100427,RC121,2024-05-07 10:32:00,5841,Delivered
SH202941,B102806,RC123,2023-11-04 00:04:00,2173,Delivered
SH202942,B101509,RC106,2023-01-20 01:44:00,4770,In Transit
SH202943,B100007,RC119,2025-05-11 03:34:00,1912,Delivered
SH202944,B101212,RC102,2023-01-16 00:22:00,5860,In Transit
SH202945,B100235,RC117,2023-08-20 05:52:00,3079,Delivered
SH202946,B102180,RC109,2024-01-07 15:40:00,4734,Delivered
SH202947,B102187,RC107,2023-03-18 17:36:00,1829,Delivered
SH202948,B101742,RC116,2024-06-14 19:17:00,2340,Delivered
SH202949,B101479,RC104,2023-07-23 13:09:00,5947,Delivered
SH202950,B101303,RC119,2024-08-10 20:45:00,4205,Delivered
SH202951,B100354,RC119,2023-04-23 06:33:00,5002,Delivered
SH202952,B102050,RC110,2024-11-27 13:54:00,2233,Delivered
SH202953,B102636,RC105,2024-02-12 07:03:00,7415,Delivered
SH202954,B102038,RC101,2024-12-03 21:08:00,5799,Delivered
SH202955,B100296,RC118,2024-03-07 23:09:00,4228,Delivered
SH202956,B101796,RC107,2025-06-13 11:57:00,7923,Delivered
SH202957,B102203,RC102,2023-01-15 07:46:00,5953,Delivered
SH202958,B102988,RC103,2024-05-28 03:18:00,3417,Delivered
SH202959,B100059,RC123,2024-07-31 17:25:00,1208,Delivered
SH202960,B102922,RC109,2023-08-03 03:51:00,4994,Delivered
SH202961,B102450,RC102,2025-02-17 23:26:00,2937,Delivered
SH202962,B100780,RC121,2025-05-14 10:07:00,2133,In Transit
SH202963,B101239,RC105,2025-04-18 15:32:00,2313,Delivered
SH202964,B100630,RC112,2024-11-03 12:37:00,4047,Delivered
SH202965,B100288,RC110,2023-06-02 19:55:00,3389,Delivered
SH202966,B101774,RC104,2023-07-16 05:00:00,4252,Delivered
SH202967,B101635,RC109,2023-01-27 13:06:00,6875,Delivered
SH202968,B100030,RC111,2023-03-27 06:52:00,2923,Delivered
SH202969,B100617,RC107,2025-02-07 05:21:00,666,Delivered
SH202970,B102832,RC100,2024-02-13 12:11:00,5951,Returned
SH202971,B101801,RC105,2025-02-15 23:56:00,5733,Delivered
SH202972,B102557,RC108,2024-09-12 07:42:00,5183,Delivered
SH202973,B101059,RC105,2024-11-02 04:24:00,4547,Returned
SH202974,B100032,RC108,2025-02-13 00:47:00,4183,Delivered
SH202975,B102987,RC107,2023-05-12 06:07:00,6821,Delivered
SH202976,B101663,RC101,2023-02-16 14:11:00,7889,Delivered
SH202977,B101561,RC119,2024-06-18 03:24:00,969,Delayed
SH202978,B100371,RC123,2023-01-11 17:51:00,7002,Delivered
SH202979,B101981,RC106,2023-04-23 13:07:00,5181,Delivered
SH202980,B100015,RC110,2023-02-10 13:00:00,6962,Delivered
SH202981,B101848,RC103,2023-04-20 12:52:00,4697,Delivered
SH202982,B100329,RC124,2024-01-09 13:30:00,4460,Delivered
SH202983,B102107,RC108,2024-03-23 10:44:00,1125,Delivered
SH202984,B100918,RC105,2024-09-07 02:34:00,3012,Delivered
SH202985,B100457,RC119,2025-02-12 12:22:00,5559,Delivered
SH202986,B100196,RC119,2023-08-24 01:12:00,7686,Delivered
SH202987,B100418,RC104,2025-02-28 04:34:00,6709,Delivered
SH202988,B101913,RC115,2024-12-25 11:03:00,4017,Delivered
SH202989,B101934,RC110,2023-04-30 03:30:00,5997,Delivered
SH202990,B102359,RC118,2023-02-06 05:35:00,5423,Delivered
SH202991,B102113,RC101,2024-09-06 21:15:00,2411,Delivered
SH202992,B100622,RC108,2023-04-14 23:36:00,2529,Delivered
SH202993,B102698,RC101,2024-01-03 06:21:00,7577,Delivered
SH202994,B102789,RC120,2023-10-10 09:32:00,5486,Delivered
SH202995,B101224,RC118,2023-06-09 18:50:00,5274,Delivered
SH202996,B101235,RC122,2024-05-01 09:07:00,7074,Delivered
SH202997,B101989,RC101,2025-01-04 14:51:00,1846,Delivered
SH202998,B100536,RC104,2023-06-15 13:09:00,4685,Returned
SH202999,B101928,RC116,2023-08-25 02:54:00,4631,Delivered
SH203000,B100147,RC122,2025-05-31 22:45:00,1076,Delivered
SH203001,B101052,RC100,2023-07-12 15:24:00,5528,Delivered
SH203002,B101944,RC100,2024-03-27 18:23:00,6321,Returned
SH203003,B101641,RC118,2025-01-17 16:32:00,7798,Delivered
SH203004,B100159,RC122,2024-02-09 04:30:00,1687,Delivered
SH203005,B102313,RC124,2024-03-29 17:32:00,2428,Delivered
SH203006,B101349,RC123,2024-04-08 19:53:00,1367,Delivered
SH203007,B100339,RC108,2024-08-07 07:12:00,4338,In Transit
SH203008,B100107,RC111,2024-09-05 23:22:00,5447,Delivered
SH203009,B100235,RC117,2023-12-11 19:13:00,7753,Delivered
SH203010,B100851,RC105,2023-02-26 07:54:00,4449,Delivered
SH203011,B102562,RC120,2024-05-05 19:40:00,4490,Delivered
SH203012,B102383,RC107,2023-06-17 18:24:00,2527,Delivered
SH203013,B101679,RC121,2025-04-02 00:08:00,4215,Delayed
SH203014,B102601,RC122,2025-06-14 04:34:00,7320,Delivered
SH203015,B102020,RC102,2024-09-15 00:32:00,677,Delivered
SH203016,B102937,RC123,2024-07-13 14:06:00,4408,Delivered
SH203017,B100993,RC115,2025-03-28 10:08:00,3274,Delivered
SH203018,B101191,RC120,2023-04-18 21:03:00,4026,Delivered
SH203019,B101100,RC112,2024-01-12 23:33:00,4631,Delivered
SH203020,B101802,RC108,2024-02-09 04:05:00,3294,Delivered
SH203021,B102585,RC124,2023-09-24 14:33:00,2221,In Transit
SH203022,B101496,RC124,2023-03-22 03:30:00,7742,Delivered
SH203023,B100057,RC111,2023-05-31 21:00:00,7080,Delivered
SH203024,B102736,RC107,2023-07-27 03:57:00,4452,In Transit
SH203025,B102861,RC102,2023-08-30 23:20:00,2706,Delivered
SH203026,B101417,RC103,2025-01-21 04:44:00,6559,Delivered
SH203027,B102792,RC115,2024-06-13 21:38:00,4586,Delivered
SH203028,B102230,RC120,2025-05-05 09:29:00,6134,Delivered
SH203029,B101525,RC116,2023-06-05 06:27:00,3909,Delivered
SH203030,B100934,RC120,2025-05-08 03:56:00,3968,In Transit
SH203031,B101919,RC106,2024-01-26 08:02:00,5153,Delivered
SH203032,B101884,RC108,2025-03-18 06:40:00,1334,In Transit
SH203033,B100722,RC107,2024-04-14 22:40:00,4416,Delivered
SH203034,B101923,RC103,2024-02-23 20:38:00,3999,Delivered
SH203035,B100700,RC116,2023-08-24 18:46:00,5136,Delivered
SH203036,B102893,RC118,2024-03-14 00:14:00,4903,In Transit
SH203037,B100734,RC124,2023-01-03 05:43:00,7892,Delivered
SH203038,B100400,RC115,2023-02-16 01:20:00,7837,Delivered
SH203039,B101869,RC102,2023-11-05 21:08:00,6693,Delivered
SH203040,B101735,RC119,2023-05-27 17:58:00,4496,In Transit
SH203041,B100547,RC103,2024-11-28 08:32:00,1720,Delayed
SH203042,B102465,RC118,2023-08-21 17:07:00,6810,Delivered
SH203043,B101588,RC101,2024-06-20 05:41:00,2352,Delivered
SH203044,B101414,RC100,2025-01-12 13:56:00,6568,Delivered
SH203045,B101350,RC124,2025-06-16 07:55:00,2287,Delivered
SH203046,B100725,RC103,2025-03-26 00:22:00,2575,Delivered
SH203047,B100024,RC100,2024-04-24 16:43:00,7405,Delivered
SH203048,B101181,RC123,2024-05-24 20:18:00,3944,Delivered
SH203049,B101297,RC114,2024-05-25 12:06:00,2846,Delivered
SH203050,B100327,RC112,2024-05-19 01:39:00,6478,Delivered
SH203051,B100347,RC117,2023-06-02 19:19:00,4982,Delivered
SH203052,B102574,RC117,2023-01-31 04:04:00,1265,Delivered
SH203053,B102796,RC124,2025-05-21 02:43:00,6745,Delivered
SH203054,B102509,RC123,2025-03-10 02:06:00,6263,Delivered
SH203055,B102482,RC115,2025-01-17 06:50:00,4659,Delivered
SH203056,B101555,RC113,2023-10-28 09:38:00,3192,Delivered
SH203057,B100894,RC112,2023-02-23 06:03:00,6795,Delivered
SH203058,B101009,RC114,2025-02-28 11:53:00,4472,Delivered
SH203059,B100257,RC118,2024-04-19 12:05:00,5128,Delivered
SH203060,B102364,RC124,2023-06-03 01:12:00,7658,Delivered
SH203061,B102142,RC117,2024-11-20 13:25:00,5768,Delivered
SH203062,B101128,RC119,2023-10-22 23:31:00,6480,Delivered
SH203063,B102799,RC124,2024-06-20 06:54:00,6114,Delivered
SH203064,B100232,RC124,2024-01-26 20:24:00,5007,In Transit
SH203065,B102019,RC122,2023-09-24 15:59:00,563,Delivered
SH203066,B102652,RC107,2025-01-05 08:01:00,2667,Delivered
SH203067,B101223,RC105,2024-07-18 10:06:00,6021,Delivered
SH203068,B100480,RC106,2025-01-03 03:27:00,6766,Delivered
SH203069,B102856,RC109,2023-02-10 08:22:00,1761,Delivered
SH203070,B102816,RC124,2024-06-26 08:28:00,3603,Delivered
SH203071,B100327,RC109,2023-11-26 17:03:00,4210,Delivered
SH203072,B100783,RC111,2024-05-18 07:09:00,1182,Delivered
SH203073,B101097,RC118,2024-02-07 08:05:00,4764,Delivered
SH203074,B102933,RC119,2024-12-17 12:33:00,7735,Delivered
SH203075,B101978,RC116,2025-03-16 22:53:00,5785,Delivered
SH203076,B102375,RC100,2023-08-28 03:06:00,3834,Returned
SH203077,B102596,RC124,2024-10-01 18:50:00,4358,Delivered
SH203078,B100569,RC110,2023-04-05 08:53:00,7703,Delivered
SH203079,B100675,RC122,2024-06-16 07:04:00,1757,Delivered
SH203080,B100943,RC114,2024-01-23 13:12:00,5484,Delivered
SH203081,B100178,RC115,2025-04-08 15:04:00,701,Delivered
SH203082,B100169,RC106,2025-05-20 00:59:00,1090,Delivered
SH203083,B102849,RC114,2024-11-09 13:25:00,3236,Delayed
SH203084,B102691,RC109,2023-05-01 16:03:00,7590,In Transit
SH203085,B101807,RC106,2023-04-09 11:52:00,5069,Delayed
SH203086,B100720,RC101,2024-05-24 02:33:00,947,Delivered
SH203087,B102393,RC109,2024-04-16 04:06:00,4270,Delayed
SH203088,B102170,RC106,2023-04-14 12:55:00,1570,Delivered
SH203089,B101110,RC123,2024-05-25 17:48:00,4310,Delivered
SH203090,B101409,RC106,2025-04-26 04:31:00,3143,Delivered
SH203091,B101291,RC104,2024-10-23 21:30:00,4723,Delivered
SH203092,B101315,RC119,2025-05-16 00:00:00,6772,Returned
SH203093,B101670,RC124,2023-11-05 08:05:00,1408,Delivered
SH203094,B102269,RC110,2024-04-10 13:30:00,7814,Delayed
SH203095,B100773,RC108,2023-07-23 14:14:00,5845,Delivered
SH203096,B102448,RC103,2023-11-10 08:20:00,6233,Delivered
SH203097,B100195,RC115,2025-04-09 03:29:00,631,Delivered
SH203098,B100520,RC111,2023-12-28 11:58:00,1314,Delivered
SH203099,B100900,RC100,2024-01-30 02:09:00,4186,Delivered
SH203100,B102020,RC115,2024-11-09 15:58:00,4343,Delivered
SH203101,B101953,RC115,2023-11-06 18:01:00,2670,Delivered
SH203102,B100912,RC115,2024-07-16 13:23:00,2147,Delivered
SH203103,B101925,RC109,2023-05-20 09:21:00,3192,Delivered
SH203104,B101465,RC111,2024-07-01 16:21:00,2542,Delivered
SH203105,B102227,RC114,2023-03-27 12:20:00,7802,Delivered
SH203106,B101205,RC106,2024-12-25 01:30:00,4924,Delivered
SH203107,B102810,RC110,2024-07-03 17:33:00,565,Delivered
SH203108,B100808,RC118,2024-06-28 01:55:00,6598,Delivered
SH203109,B102745,RC104,2025-01-08 02:26:00,6634,Delivered
SH203110,B102932,RC114,2023-06-27 10:06:00,1833,Delivered
SH203111,B100134,RC109,2025-04-08 15:36:00,7303,In Transit
SH203112,B100085,RC109,2023-07-15 18:05:00,5271,Delivered
SH203113,B100896,RC100,2023-08-07 03:52:00,5745,Delivered
SH203114,B102190,RC108,2025-04-29 14:26:00,4141,Delivered
SH203115,B101016,RC111,2024-02-04 19:08:00,7300,Delivered
SH203116,B102731,RC121,2024-05-08 12:29:00,5880,Delivered
SH203117,B101905,RC115,2024-07-30 14:14:00,6149,In Transit
SH203118,B101908,RC121,2023-12-27 12:44:00,7643,Delayed
SH203119,B101841,RC117,2023-09-07 22:03:00,7702,Delivered
SH203120,B100728,RC100,2024-05-14 03:34:00,7472,Delivered
SH203121,B102745,RC103,2023-11-05 23:55:00,7134,Delayed
SH203122,B102965,RC107,2025-04-19 11:01:00,7926,In Transit
SH203123,B101550,RC102,2024-04-10 22:34:00,5386,In Transit
SH203124,B100308,RC121,2023-01-10 02:47:00,1450,Delivered
SH203125,B100327,RC101,2024-06-29 16:29:00,653,In Transit
SH203126,B100630,RC122,2024-06-12 14:07:00,6496,Delivered
SH203127,B100394,RC118,2024-07-20 00:34:00,6031,Delivered
SH203128,B100979,RC124,2024-10-15 16:51:00,6001,Delivered
SH203129,B101657,RC112,2025-03-27 23:58:00,5804,Delivered
SH203130,B101773,RC114,2024-04-05 21:32:00,4502,Delivered
SH203131,B101126,RC114,2025-05-31 11:35:00,1497,Returned
SH203132,B101096,RC108,2023-11-15 14:58:00,4666,Delivered
SH203133,B102353,RC112,2024-08-23 18:00:00,6100,In Transit
SH203134,B101483,RC110,2023-01-04 02:15:00,2679,Delivered
SH203135,B100740,RC121,2023-04-11 23:28:00,4471,Delivered
SH203136,B101860,RC124,2023-03-06 16:38:00,7136,Delivered
SH203137,B102976,RC107,2024-07-05 11:50:00,6345,Delivered
SH203138,B100545,RC116,2023-06-11 19:43:00,5715,Delivered
SH203139,B101029,RC120,2024-10-11 20:23:00,7235,Delivered
SH203140,B102790,RC119,2023-04-23 08:59:00,505,Delivered
SH203141,B100351,RC124,2023-05-23 08:32:00,4324,Delivered
SH203142,B100128,RC111,2024-10-11 00:28:00,6377,Delivered
SH203143,B102213,RC110,2024-07-31 07:05:00,7994,Delivered
SH203144,B100822,RC120,2023-12-15 12:59:00,2283,Delayed
SH203145,B102498,RC104,2024-05-09 12:16:00,7980,Delivered
SH203146,B100233,RC102,2023-12-10 18:57:00,2924,Delivered
SH203147,B101806,RC101,2024-07-17 15:50:00,3798,Delivered
SH203148,B101072,RC118,2023-12-26 17:33:00,3565,Delivered
SH203149,B100371,RC123,2024-05-26 13:13:00,5201,Returned
SH203150,B101308,RC115,2024-08-09 06:31:00,3562,Delivered
SH203151,B102714,RC108,2025-05-31 12:33:00,2332,Delivered
SH203152,B102261,RC108,2023-08-09 08:40:00,2443,Delivered
SH203153,B102446,RC123,2024-11-10 05:33:00,1064,Delivered
SH203154,B100232,RC116,2023-10-12 00:47:00,7955,Delivered
SH203155,B102782,RC115,2023-05-14 04:11:00,3470,Delivered
SH203156,B102435,RC105,2024-01-24 19:53:00,702,Delivered
SH203157,B100855,RC122,2023-11-11 05:45:00,5848,Delivered
SH203158,B102810,RC115,2023-07-13 18:10:00,6737,Delivered
SH203159,B100586,RC124,2023-08-25 21:33:00,3827,Delivered
SH203160,B102359,RC113,2023-10-05 15:22:00,6291,Delayed
SH203161,B101192,RC124,2025-05-24 05:02:00,5069,Returned
SH203162,B100203,RC114,2024-05-20 20:49:00,4145,Delivered
SH203163,B100541,RC116,2024-07-14 17:20:00,6307,Delivered
SH203164,B100658,RC111,2023-04-01 17:29:00,6292,Delivered
SH203165,B101587,RC114,2024-07-05 06:58:00,4489,Delayed
SH203166,B100601,RC118,2023-06-12 09:34:00,7909,In Transit
SH203167,B100338,RC113,2023-05-29 22:13:00,931,Delivered
SH203168,B102623,RC111,2024-08-02 19:08:00,4282,Delivered
SH203169,B100379,RC103,2024-12-11 05:35:00,4958,Delivered
SH203170,B101658,RC117,2023-02-27 10:07:00,973,Delivered
SH203171,B101318,RC114,2025-04-01 00:08:00,1868,Delivered
SH203172,B100433,RC121,2024-07-10 18:54:00,623,Delivered
SH203173,B102055,RC115,2023-07-17 06:55:00,6381,Delivered
SH203174,B100242,RC100,2023-05-17 06:22:00,4918,Delivered
SH203175,B100915,RC102,2024-07-29 00:45:00,5372,Delivered
SH203176,B101232,RC106,2024-12-15 03:21:00,7182,Delivered
SH203177,B101067,RC114,2023-02-04 11:17:00,3565,Delivered
SH203178,B102219,RC115,2024-04-09 05:59:00,5192,Delivered
SH203179,B100883,RC111,2024-01-25 07:43:00,4643,Delivered
SH203180,B102523,RC112,2025-05-21 11:02:00,7366,Delayed
SH203181,B101223,RC107,2023-02-03 01:54:00,4959,Delivered
SH203182,B102782,RC112,2025-05-13 16:31:00,2163,Delivered
SH203183,B100993,RC114,2023-11-21 16:58:00,2366,In Transit
SH203184,B102486,RC100,2025-02-05 19:03:00,2719,Delayed
SH203185,B102988,RC113,2023-03-11 07:25:00,3338,Delivered
SH203186,B100121,RC109,2024-04-24 14:50:00,7681,Delivered
SH203187,B101516,RC115,2024-08-09 15:55:00,2144,Delivered
SH203188,B102514,RC106,2024-10-27 12:14:00,6308,Delivered
SH203189,B102474,RC118,2024-07-04 09:52:00,1171,Delivered
SH203190,B100424,RC101,2024-05-29 19:41:00,7270,Delivered
SH203191,B102324,RC107,2024-10-09 11:53:00,6532,Delivered
SH203192,B102835,RC109,2024-09-04 19:46:00,5629,Delivered
SH203193,B100636,RC124,2023-02-20 10:49:00,4863,Delivered
SH203194,B101472,RC105,2023-01-03 14:10:00,2590,Delayed
SH203195,B101228,RC119,2024-05-04 01:59:00,6133,Delivered
SH203196,B100565,RC109,2025-01-16 02:00:00,6609,Delivered
SH203197,B100682,RC101,2025-04-01 23:03:00,2578,Delayed
SH203198,B102009,RC116,2024-02-29 10:23:00,7685,Delivered
SH203199,B102431,RC123,2023-03-07 07:45:00,4621,Delivered
SH203200,B102586,RC104,2025-04-06 10:03:00,5715,Delivered
SH203201,B100597,RC101,2025-05-12 05:32:00,4024,Delivered
SH203202,B102508,RC109,2023-04-23 04:49:00,4036,Delivered
SH203203,B102631,RC105,2025-02-21 02:57:00,3983,Delivered
SH203204,B101283,RC115,2023-07-12 12:50:00,6564,Delivered
SH203205,B100816,RC101,2025-03-21 14:27:00,1789,Delivered
SH203206,B101521,RC124,2023-06-24 23:56:00,3807,Delivered
SH203207,B100122,RC122,2023-10-26 04:57:00,4927,Delivered
SH203208,B100301,RC106,2024-10-02 12:15:00,504,Delivered
SH203209,B101239,RC114,2024-08-14 14:57:00,6384,Returned
SH203210,B100296,RC119,2023-04-14 05:46:00,2916,Delivered
SH203211,B101048,RC104,2024-06-19 21:59:00,2563,Delivered
SH203212,B100564,RC123,2023-11-04 23:23:00,5744,Delivered
SH203213,B101516,RC120,2024-03-04 03:21:00,1347,Delivered
SH203214,B101582,RC109,2024-06-04 12:01:00,7976,Delayed
SH203215,B100195,RC101,2023-01-27 00:36:00,2421,Delivered
SH203216,B100879,RC109,2024-09-01 17:26:00,5058,Delivered
SH203217,B102547,RC103,2025-01-17 22:07:00,2731,Delivered
SH203218,B100350,RC104,2024-09-03 02:17:00,3613,Delivered
SH203219,B100852,RC100,2025-06-18 05:20:00,3271,Delivered
SH203220,B100697,RC108,2024-11-20 07:09:00,1718,Delivered
SH203221,B101295,RC102,2024-04-13 17:19:00,5305,Delivered
SH203222,B100978,RC107,2023-11-24 23:58:00,2165,Delivered
SH203223,B101690,RC119,2024-10-16 02:10:00,5657,Delivered
SH203224,B100549,RC102,2024-05-15 02:50:00,1158,Delivered
SH203225,B102418,RC120,2024-12-31 11:56:00,2631,Delivered
SH203226,B100264,RC100,2025-01-02 05:39:00,2548,Delivered
SH203227,B100704,RC113,2023-08-05 14:13:00,5149,Delivered
SH203228,B100478,RC123,2023-02-01 19:06:00,589,Delivered
SH203229,B101950,RC120,2023-10-27 00:16:00,601,Delivered
SH203230,B100252,RC100,2025-03-20 17:31:00,2181,Delivered
SH203231,B100662,RC124,2025-06-11 04:18:00,1151,Delivered
SH203232,B101362,RC100,2023-06-09 11:43:00,5605,Delivered
SH203233,B101432,RC107,2024-09-19 20:53:00,6507,Delivered
SH203234,B100710,RC115,2023-01-03 07:44:00,3124,Delivered
SH203235,B101783,RC103,2024-05-16 10:20:00,6334,Delivered
SH203236,B101908,RC100,2023-12-21 15:54:00,3101,Delivered
SH203237,B100776,RC116,2025-03-22 16:22:00,6379,Delivered
SH203238,B100416,RC117,2025-01-10 03:19:00,5953,Delivered
SH203239,B100068,RC112,2024-02-08 12:08:00,5324,Delivered
SH203240,B102684,RC103,2023-12-03 19:29:00,1200,In Transit
SH203241,B101413,RC124,2023-12-31 01:49:00,5907,Delivered
SH203242,B101689,RC106,2024-05-01 07:58:00,3944,Delayed
SH203243,B102244,RC102,2023-08-06 08:58:00,1012,Delayed
SH203244,B100186,RC109,2023-12-06 17:52:00,3953,Delivered
SH203245,B102466,RC101,2023-08-01 05:27:00,5634,Delivered
SH203246,B100874,RC108,2024-09-08 20:03:00,2883,Delayed
SH203247,B101452,RC121,2024-08-15 02:28:00,6810,Delivered
SH203248,B100990,RC116,2025-03-27 10:31:00,5132,Delivered
SH203249,B100426,RC100,2023-08-15 10:28:00,7354,Delivered
SH203250,B100791,RC110,2025-05-01 16:57:00,2848,Delivered
SH203251,B102127,RC113,2023-02-08 02:01:00,4972,Delivered
SH203252,B100489,RC110,2023-07-21 20:46:00,3408,Delivered
SH203253,B100968,RC115,2024-02-06 16:44:00,3259,Delivered
SH203254,B100633,RC100,2023-11-22 13:32:00,3138,Delivered
SH203255,B101488,RC100,2024-11-03 07:05:00,609,Delivered
SH203256,B101378,RC119,2023-07-28 20:21:00,3341,Delivered
SH203257,B102385,RC106,2025-06-09 21:47:00,5556,Delivered
SH203258,B101706,RC123,2024-02-02 17:48:00,3648,Delivered
SH203259,B102642,RC122,2023-11-21 22:58:00,3629,Delivered
SH203260,B102765,RC110,2023-03-31 00:20:00,7163,Delivered
SH203261,B101172,RC106,2025-03-10 05:53:00,2576,Delivered
SH203262,B100057,RC102,2024-03-06 09:23:00,3132,Delivered
SH203263,B102272,RC108,2024-05-25 00:04:00,6251,Delivered
SH203264,B102840,RC123,2024-05-30 20:06:00,7524,Delivered
SH203265,B102977,RC121,2024-11-22 11:54:00,1523,Delivered
SH203266,B102663,RC112,2024-08-26 01:22:00,6760,Delayed
SH203267,B102368,RC106,2025-02-11 21:48:00,5167,Delivered
SH203268,B102925,RC121,2025-03-05 09:05:00,821,Delivered
SH203269,B100107,RC113,2025-03-24 15:37:00,565,Delivered
SH203270,B100427,RC111,2024-05-07 02:07:00,4382,Delivered
SH203271,B102946,RC105,2023-12-24 00:58:00,1000,In Transit
SH203272,B102787,RC101,2024-09-22 20:24:00,3441,Delivered
SH203273,B102255,RC114,2023-10-31 14:15:00,1603,Delivered
SH203274,B101072,RC103,2023-06-30 17:22:00,7199,Delivered
SH203275,B101357,RC113,2025-05-06 11:32:00,5538,Delivered
SH203276,B100323,RC119,2025-02-09 01:47:00,5398,Delivered
SH203277,B102304,RC104,2024-02-04 01:02:00,3603,In Transit
SH203278,B100016,RC111,2024-04-20 17:03:00,5214,In Transit
SH203279,B101730,RC111,2024-06-20 11:09:00,4716,Delivered
SH203280,B100388,RC104,2023-07-23 20:01:00,657,In Transit
SH203281,B102536,RC107,2023-03-31 09:19:00,4971,Delivered
SH203282,B102675,RC104,2023-11-23 00:57:00,1176,Delivered
SH203283,B100392,RC119,2023-01-05 07:05:00,7776,Delivered
SH203284,B101186,RC114,2025-04-17 00:43:00,7139,Delivered
SH203285,B102418,RC106,2024-05-13 22:01:00,4331,Delivered
SH203286,B101549,RC103,2025-04-23 09:47:00,5107,Delivered
SH203287,B101815,RC112,2024-08-09 14:21:00,2400,Delivered
SH203288,B100518,RC113,2025-05-11 05:31:00,5461,Delivered
SH203289,B100278,RC111,2024-07-25 17:10:00,2319,Delivered
SH203290,B100186,RC102,2025-02-24 01:34:00,1387,Delivered
SH203291,B101098,RC122,2023-01-30 12:21:00,3849,In Transit
SH203292,B101564,RC122,2023-06-13 08:42:00,4564,Delivered
SH203293,B100476,RC106,2024-03-09 09:18:00,1061,Delivered
SH203294,B100800,RC103,2024-05-31 11:47:00,6535,Delivered
SH203295,B102324,RC112,2024-06-13 14:40:00,603,Delivered
SH203296,B101326,RC122,2024-03-30 21:09:00,6968,Delivered
SH203297,B100247,RC112,2025-06-17 17:01:00,4567,Delivered
SH203298,B102453,RC116,2024-06-21 08:22:00,2972,Delivered
SH203299,B102582,RC109,2024-12-31 22:23:00,1477,Delivered
SH203300,B102728,RC100,2024-11-05 21:00:00,5013,Delivered
SH203301,B100337,RC111,2024-05-14 18:28:00,3971,Delivered
SH203302,B101631,RC110,2025-03-07 13:00:00,5125,Delivered
SH203303,B101062,RC100,2023-03-05 22:23:00,4318,Delivered
SH203304,B100670,RC108,2023-02-19 00:23:00,5624,Delivered
SH203305,B102512,RC112,2023-03-02 19:35:00,3954,Delivered
SH203306,B101836,RC109,2025-03-01 04:31:00,884,Delivered
SH203307,B102158,RC105,2024-10-24 07:49:00,3991,Returned
SH203308,B101765,RC110,2025-06-09 09:28:00,7585,Delivered
SH203309,B101801,RC108,2023-02-11 10:36:00,2054,Delivered
SH203310,B102396,RC123,2025-06-13 18:23:00,2586,Delivered
SH203311,B101010,RC107,2023-11-15 14:58:00,1546,Delivered
SH203312,B100544,RC109,2024-09-10 21:59:00,6906,Delivered
SH203313,B100903,RC100,2024-03-04 08:33:00,1231,Delivered
SH203314,B100801,RC119,2024-10-16 00:24:00,4604,Delivered
SH203315,B101038,RC116,2023-05-13 23:56:00,6077,Delivered
SH203316,B101959,RC106,2024-04-02 15:45:00,5339,Delivered
SH203317,B102840,RC122,2025-05-31 00:59:00,5895,Delivered
SH203318,B100978,RC121,2023-09-15 05:52:00,7481,Delivered
SH203319,B100627,RC113,2025-02-16 16:52:00,3771,Delivered
SH203320,B101171,RC105,2024-04-11 12:30:00,3210,In Transit
SH203321,B101751,RC101,2023-01-28 16:36:00,3813,Delivered
SH203322,B102267,RC110,2025-01-06 14:24:00,750,Delivered
SH203323,B102813,RC112,2025-01-26 00:35:00,549,Delivered
SH203324,B101562,RC104,2024-12-19 23:52:00,1201,Delivered
SH203325,B101003,RC123,2023-02-17 17:23:00,6554,Delivered
SH203326,B100660,RC117,2023-09-24 11:38:00,920,Delivered
SH203327,B100255,RC115,2023-08-11 22:09:00,2252,Delayed
SH203328,B100364,RC106,2024-04-02 20:17:00,5368,Delivered
SH203329,B100930,RC103,2024-12-22 14:07:00,4781,Delivered
SH203330,B100437,RC107,2024-10-11 16:52:00,4743,Delivered
SH203331,B102203,RC104,2025-02-14 09:45:00,1499,Delivered
SH203332,B101573,RC121,2024-05-18 19:20:00,7923,Delivered
SH203333,B100153,RC114,2023-09-06 19:46:00,7625,Delivered
SH203334,B101797,RC117,2025-02-18 03:25:00,6743,Delivered
SH203335,B101815,RC122,2023-02-01 20:06:00,3394,Delivered
SH203336,B100486,RC100,2023-08-29 23:34:00,2985,Delivered
SH203337,B101936,RC110,2023-08-21 02:41:00,847,Delivered
SH203338,B101247,RC112,2023-11-18 17:43:00,2298,Delivered
SH203339,B101113,RC100,2025-04-12 23:01:00,7771,Delivered
SH203340,B101299,RC108,2025-04-21 18:01:00,6332,Delayed
SH203341,B101935,RC118,2023-04-04 10:34:00,1011,Delivered
SH203342,B100683,RC117,2023-12-18 11:10:00,6445,Delivered
SH203343,B102924,RC113,2024-11-07 14:53:00,3336,Delivered
SH203344,B100449,RC109,2025-04-04 16:52:00,7786,Delivered
SH203345,B102793,RC103,2025-03-02 16:45:00,1084,Delivered
SH203346,B101079,RC118,2024-04-25 16:35:00,3065,Delivered
SH203347,B100279,RC121,2025-03-02 20:14:00,5936,Delivered
SH203348,B102581,RC122,2024-07-06 01:01:00,2742,Delivered
SH203349,B100370,RC104,2025-06-15 09:49:00,2758,Delivered
SH203350,B100105,RC117,2023-01-05 01:21:00,5392,Delivered
SH203351,B101632,RC122,2023-11-30 11:39:00,4857,Delivered
SH203352,B100770,RC114,2024-07-21 00:44:00,7205,Delivered
SH203353,B100222,RC122,2023-05-14 17:08:00,6358,Delayed
SH203354,B102964,RC116,2023-05-14 16:46:00,1051,Delivered
SH203355,B100595,RC112,2023-06-02 08:01:00,6228,Delivered
SH203356,B102568,RC122,2023-04-19 05:00:00,2080,Delivered
SH203357,B100072,RC114,2025-01-10 20:43:00,688,Delivered
SH203358,B100038,RC121,2025-05-12 07:09:00,3389,Delivered
SH203359,B100313,RC116,2025-03-02 15:01:00,2182,Delivered
SH203360,B102826,RC106,2025-04-27 14:31:00,4083,In Transit
SH203361,B102363,RC103,2023-12-27 06:29:00,3729,Delivered
SH203362,B100501,RC100,2025-01-07 16:47:00,678,Delayed
SH203363,B101500,RC107,2025-06-05 23:57:00,2479,Delivered
SH203364,B102907,RC119,2023-08-03 13:40:00,4901,Delivered
SH203365,B102742,RC110,2024-08-29 09:17:00,6015,Delivered
SH203366,B102141,RC113,2024-10-30 07:53:00,6586,Delivered
SH203367,B100031,RC118,2024-03-29 16:12:00,7238,Delivered
SH203368,B102064,RC111,2023-08-01 01:11:00,4946,Delivered
SH203369,B102144,RC104,2023-09-08 08:50:00,1051,Delayed
SH203370,B101771,RC104,2023-11-23 00:52:00,4448,Delivered
SH203371,B101991,RC119,2023-06-16 21:31:00,4140,Delivered
SH203372,B101808,RC123,2023-10-02 05:36:00,4658,Delivered
SH203373,B101949,RC115,2023-06-07 13:34:00,6168,Delivered
SH203374,B100131,RC109,2025-03-07 11:00:00,2184,Delivered
SH203375,B102462,RC109,2023-12-01 05:41:00,6874,Delivered
SH203376,B102768,RC116,2023-06-07 10:02:00,1376,Delivered
SH203377,B101895,RC102,2023-12-15 03:02:00,2999,Delivered
SH203378,B102688,RC105,2023-01-28 07:39:00,1308,Delayed
SH203379,B101106,RC122,2023-05-27 06:58:00,2857,Delivered
SH203380,B101671,RC100,2023-11-15 10:01:00,7874,Delivered
SH203381,B100967,RC108,2025-04-12 04:22:00,6019,Delivered
SH203382,B100483,RC107,2025-05-09 19:39:00,4651,Delivered
SH203383,B102478,RC118,2025-04-17 22:17:00,4557,Delivered
SH203384,B102647,RC117,2023-04-05 09:39:00,4306,Delivered
SH203385,B100631,RC121,2024-01-30 02:43:00,4506,Delivered
SH203386,B101968,RC116,2024-02-10 20:22:00,5224,In Transit
SH203387,B100551,RC113,2024-01-30 18:32:00,2503,Delivered
SH203388,B102104,RC119,2025-04-23 13:23:00,1523,Delivered
SH203389,B100204,RC113,2023-11-28 03:24:00,3998,Delayed
SH203390,B100325,RC106,2024-03-18 13:33:00,6737,Delayed
SH203391,B102352,RC120,2024-04-27 17:04:00,2054,Delivered
SH203392,B102340,RC103,2023-07-07 01:35:00,3918,Delivered
SH203393,B100175,RC120,2024-01-22 12:21:00,3220,Delivered
SH203394,B102278,RC115,2024-11-05 06:08:00,3841,In Transit
SH203395,B101496,RC124,2024-11-26 03:30:00,6950,Delivered
SH203396,B102556,RC106,2023-10-14 05:43:00,6622,Delivered
SH203397,B101892,RC118,2023-04-27 14:43:00,4769,Delivered
SH203398,B102051,RC103,2024-04-11 11:54:00,5289,Delivered
SH203399,B101859,RC109,2024-12-02 22:16:00,4302,Delivered
SH203400,B100585,RC124,2023-08-15 13:37:00,1261,Delivered
SH203401,B101399,RC107,2024-08-14 18:23:00,7453,Delivered
SH203402,B102655,RC115,2025-05-04 01:50:00,3136,In Transit
SH203403,B100997,RC120,2023-08-28 12:37:00,7364,Delivered
SH203404,B100963,RC122,2023-05-21 23:59:00,5274,Delivered
SH203405,B101736,RC116,2023-09-22 00:57:00,1780,Delivered
SH203406,B102096,RC110,2024-11-13 10:53:00,2390,Delivered
SH203407,B101491,RC120,2025-06-01 00:02:00,5448,Delivered
SH203408,B100866,RC109,2024-09-16 12:13:00,6713,Delivered
SH203409,B101777,RC123,2023-03-05 22:45:00,1240,Delivered
SH203410,B101957,RC124,2024-10-01 12:07:00,959,Delivered
SH203411,B100512,RC124,2025-05-06 12:24:00,845,Delivered
SH203412,B102547,RC107,2024-07-13 16:25:00,5826,Delivered
SH203413,B102972,RC110,2024-10-18 20:16:00,3535,Returned
SH203414,B102946,RC105,2023-03-29 16:10:00,6011,Delivered
SH203415,B102416,RC101,2024-05-06 09:41:00,4680,Delivered
SH203416,B100299,RC103,2024-05-27 20:04:00,7125,Delivered
SH203417,B100835,RC104,2024-04-01 02:31:00,1064,Delivered
SH203418,B101244,RC106,2023-01-01 08:44:00,5664,Returned
SH203419,B101935,RC123,2023-07-12 02:54:00,4342,Delivered
SH203420,B101442,RC106,2023-06-26 09:38:00,3478,Delayed
SH203421,B101802,RC112,2024-01-02 18:04:00,6328,Delivered
SH203422,B102372,RC119,2024-12-12 18:48:00,2075,Delivered
SH203423,B100288,RC116,2025-04-25 15:07:00,3344,Delivered
SH203424,B102091,RC118,2023-03-22 18:19:00,5324,Delivered
SH203425,B102477,RC106,2024-04-06 02:33:00,6078,Delivered
SH203426,B100445,RC112,2024-12-24 03:53:00,1576,Delivered
SH203427,B100664,RC117,2024-06-08 11:51:00,3705,Delivered
SH203428,B102460,RC110,2024-03-09 22:56:00,1923,Delivered
SH203429,B101255,RC109,2023-11-10 17:54:00,954,Delivered
SH203430,B101529,RC109,2024-01-28 11:19:00,6937,Delivered
SH203431,B100820,RC119,2024-06-09 11:58:00,3686,Delivered
SH203432,B100162,RC115,2025-01-20 02:05:00,6320,Delivered
SH203433,B101943,RC122,2024-10-21 01:03:00,4372,Delivered
SH203434,B102274,RC106,2023-08-16 01:24:00,3268,Delivered
SH203435,B101083,RC119,2024-06-02 00:58:00,942,Delivered
SH203436,B102138,RC111,2024-03-04 20:30:00,5521,Delivered
SH203437,B102734,RC113,2024-04-23 20:00:00,7324,Delivered
SH203438,B101656,RC119,2024-03-12 07:39:00,1157,Delivered
SH203439,B102297,RC105,2024-08-29 20:34:00,6073,Delivered
SH203440,B102027,RC110,2024-10-18 08:33:00,5948,Delivered
SH203441,B101338,RC119,2025-05-24 14:49:00,1142,Delivered
SH203442,B100709,RC109,2023-12-16 18:21:00,5576,Delivered
SH203443,B102765,RC108,2023-04-18 08:40:00,2394,In Transit
SH203444,B102340,RC110,2024-11-15 18:29:00,2945,Delivered
SH203445,B101189,RC119,2023-03-06 14:07:00,1841,Delivered
SH203446,B101550,RC108,2025-04-09 06:04:00,3497,Delivered
SH203447,B102447,RC105,2025-03-20 18:58:00,2741,Delivered
SH203448,B100633,RC112,2024-11-06 00:20:00,2523,Delivered
SH203449,B101095,RC105,2025-02-22 11:39:00,1221,Returned
SH203450,B100109,RC113,2024-07-28 23:24:00,7000,Delivered
SH203451,B101251,RC102,2023-05-25 17:18:00,3883,Delivered
SH203452,B100528,RC100,2025-03-21 19:17:00,3310,Delayed
SH203453,B100530,RC119,2023-11-07 18:15:00,6916,Delivered
SH203454,B100841,RC115,2023-12-21 00:12:00,5524,Delivered
SH203455,B102279,RC123,2024-12-11 08:32:00,5930,Delivered
SH203456,B101468,RC123,2024-06-18 13:39:00,888,Returned
SH203457,B101156,RC112,2023-10-21 15:29:00,5220,Delivered
SH203458,B100111,RC120,2024-05-02 13:40:00,5699,Delivered
SH203459,B101512,RC108,2023-05-07 14:46:00,1928,Delivered
SH203460,B100749,RC119,2025-03-13 01:08:00,887,Delivered
SH203461,B102168,RC103,2025-01-06 08:28:00,3450,Delivered
SH203462,B100283,RC117,2024-06-30 00:10:00,1072,Delivered
SH203463,B102606,RC101,2025-04-17 01:51:00,773,In Transit
SH203464,B100413,RC107,2024-08-25 10:14:00,4194,Returned
SH203465,B102634,RC102,2024-04-07 11:28:00,958,Delivered
SH203466,B101242,RC108,2025-03-14 18:49:00,501,Delivered
SH203467,B102795,RC113,2024-11-13 14:07:00,6587,Delivered
SH203468,B100334,RC119,2024-01-06 03:03:00,4239,Delivered
SH203469,B100163,RC118,2023-05-13 17:27:00,3437,Delivered
SH203470,B100212,RC112,2023-06-30 07:29:00,5120,Delivered
SH203471,B102463,RC115,2025-03-02 03:37:00,3280,Delivered
SH203472,B100220,RC114,2023-06-05 12:46:00,2405,Delivered
SH203473,B100724,RC105,2025-01-10 19:56:00,5175,Delivered
SH203474,B102657,RC115,2023-01-29 02:54:00,2853,Delivered
SH203475,B101730,RC117,2024-12-02 18:22:00,6215,Delivered
SH203476,B102448,RC101,2024-11-20 05:42:00,5370,Delivered
SH203477,B100927,RC119,2025-03-25 18:06:00,5976,Delivered
SH203478,B100113,RC113,2023-03-29 07:41:00,6232,In Transit
SH203479,B102005,RC116,2024-05-13 15:04:00,5826,Delivered
SH203480,B102254,RC103,2025-03-09 10:04:00,2266,In Transit
SH203481,B102243,RC116,2024-11-04 17:31:00,6898,Delivered
SH203482,B101320,RC116,2023-05-05 15:19:00,5885,Delivered
SH203483,B102311,RC108,2023-02-23 01:52:00,3738,Delivered
SH203484,B102207,RC118,2025-01-17 01:18:00,5161,Delayed
SH203485,B101973,RC111,2023-07-03 20:45:00,4066,Delivered
SH203486,B101334,RC107,2025-02-26 16:40:00,3937,Delivered
SH203487,B102224,RC105,2025-02-16 15:16:00,4498,Delivered
SH203488,B100637,RC105,2023-10-03 23:25:00,3157,Delivered
SH203489,B101535,RC118,2023-11-17 06:07:00,1023,Delivered
SH203490,B101921,RC115,2024-06-04 07:36:00,2232,Delivered
SH203491,B102411,RC122,2023-10-17 14:18:00,7473,Delivered
SH203492,B101573,RC106,2025-05-12 06:50:00,7438,In Transit
SH203493,B100267,RC109,2023-02-11 05:25:00,6526,Delivered
SH203494,B101956,RC104,2024-07-22 00:25:00,2191,Delivered
SH203495,B101961,RC117,2025-03-11 09:41:00,5415,Delivered
SH203496,B101513,RC107,2023-12-05 19:44:00,7204,Delivered
SH203497,B100325,RC113,2025-06-15 17:31:00,3077,Delivered
SH203498,B102269,RC106,2025-04-15 13:53:00,2638,Delivered
SH203499,B102278,RC100,2024-01-23 21:58:00,5904,Delivered
SH203500,B102356,RC116,2025-04-19 21:01:00,1161,Delivered
SH203501,B102661,RC116,2023-10-06 17:50:00,7043,Delivered
SH203502,B100742,RC108,2024-06-27 19:57:00,6751,Delivered
SH203503,B101508,RC105,2024-03-18 17:51:00,4118,In Transit
SH203504,B101512,RC115,2023-09-15 01:48:00,2011,Delivered
SH203505,B100652,RC117,2025-03-04 10:04:00,4378,Delivered
SH203506,B100576,RC116,2023-04-29 13:27:00,5726,Delivered
SH203507,B100127,RC102,2024-04-19 22:56:00,4175,Delivered
SH203508,B100708,RC107,2025-01-20 00:13:00,6228,Delivered
SH203509,B101038,RC109,2024-05-22 05:45:00,932,Delivered
SH203510,B100499,RC124,2024-05-20 08:38:00,571,Delivered
SH203511,B100900,RC100,2023-04-25 03:14:00,7607,Delivered
SH203512,B101060,RC119,2023-04-12 11:53:00,3809,Delivered
SH203513,B102732,RC122,2024-10-18 07:19:00,2270,In Transit
SH203514,B100027,RC118,2024-03-31 20:14:00,4277,In Transit
SH203515,B100857,RC100,2023-10-12 15:03:00,1429,In Transit
SH203516,B101216,RC107,2024-12-05 17:13:00,7891,Delivered
SH203517,B101414,RC100,2023-03-03 00:40:00,1211,Delivered
SH203518,B100953,RC100,2023-05-02 07:08:00,4228,Delivered
SH203519,B102737,RC111,2023-09-12 13:22:00,4207,Delivered
SH203520,B100905,RC103,2024-10-24 05:50:00,7927,Delivered
SH203521,B101123,RC117,2024-10-23 14:23:00,1035,Delivered
SH203522,B100292,RC107,2024-12-16 06:08:00,1949,Delivered
SH203523,B102122,RC122,2024-05-17 06:20:00,5656,Delivered
SH203524,B101521,RC116,2023-03-29 00:52:00,6340,In Transit
SH203525,B102382,RC124,2024-04-21 20:01:00,7647,Delivered
SH203526,B100225,RC106,2023-01-24 00:19:00,4514,Delivered
SH203527,B101109,RC120,2024-03-24 23:40:00,1488,Delivered
SH203528,B102880,RC109,2024-04-03 16:16:00,2052,In Transit
SH203529,B101485,RC104,2024-07-16 17:25:00,1914,Delivered
SH203530,B101195,RC119,2023-02-22 17:40:00,4025,Delivered
SH203531,B102045,RC122,2023-09-04 14:48:00,6952,Delivered
SH203532,B102639,RC112,2025-05-27 01:39:00,4839,Delivered
SH203533,B102625,RC104,2023-12-08 00:16:00,3115,Delivered
SH203534,B101280,RC122,2024-09-21 17:20:00,1785,Delivered
SH203535,B101830,RC105,2023-09-03 13:07:00,1004,Delivered
SH203536,B100483,RC100,2023-06-21 06:56:00,1710,Delivered
SH203537,B100390,RC107,2024-02-06 03:40:00,925,In Transit
SH203538,B102914,RC115,2025-05-27 16:32:00,1678,Delivered
SH203539,B102108,RC119,2023-05-01 23:23:00,920,Delivered
SH203540,B100198,RC107,2025-04-21 22:18:00,5322,Delivered
SH203541,B100508,RC118,2024-09-30 10:01:00,1278,Delivered
SH203542,B100828,RC104,2025-03-16 14:12:00,2428,Delivered
SH203543,B102075,RC104,2025-06-10 21:24:00,5744,Delivered
SH203544,B100417,RC104,2025-04-09 14:35:00,7574,Delivered
SH203545,B102020,RC106,2024-05-13 18:47:00,6642,Delivered
SH203546,B101114,RC122,2025-03-12 04:09:00,5825,Delivered
SH203547,B101399,RC108,2024-06-19 08:40:00,4011,Delivered
SH203548,B100530,RC117,2023-11-24 12:27:00,946,Delivered
SH203549,B102873,RC113,2023-02-03 01:17:00,7952,Delivered
SH203550,B102057,RC121,2025-02-11 00:34:00,3593,Delivered
SH203551,B101050,RC114,2024-06-23 21:55:00,6744,Delivered
SH203552,B102206,RC109,2023-04-25 22:50:00,4092,Delivered
SH203553,B100502,RC122,2023-01-22 08:28:00,5849,Delivered
SH203554,B102966,RC119,2024-08-09 11:29:00,5013,Delivered
SH203555,B100085,RC108,2025-05-05 01:36:00,6244,Delivered
SH203556,B101789,RC110,2024-05-07 05:06:00,6775,Delivered
SH203557,B100637,RC105,2023-05-29 16:06:00,6240,Delivered
SH203558,B101023,RC112,2024-06-12 13:22:00,1391,Delivered
SH203559,B101312,RC121,2025-04-24 03:02:00,5960,Delivered
SH203560,B100472,RC118,2023-05-08 01:45:00,1886,Delivered
SH203561,B100768,RC111,2025-01-23 04:08:00,1153,Delivered
SH203562,B100460,RC110,2024-08-08 05:08:00,7877,Delivered
SH203563,B102700,RC120,2025-03-21 21:06:00,952,Delivered
SH203564,B100841,RC118,2023-01-01 08:00:00,7603,Delivered
SH203565,B102980,RC105,2025-04-19 05:07:00,2928,Delayed
SH203566,B102730,RC108,2024-10-02 07:04:00,4538,Delivered
SH203567,B100297,RC114,2025-03-17 17:33:00,4015,Delivered
SH203568,B102477,RC106,2023-09-04 13:27:00,4492,Delivered
SH203569,B101228,RC104,2023-03-01 13:37:00,6896,Delivered
SH203570,B102939,RC111,2024-06-14 21:44:00,4407,Delivered
SH203571,B102208,RC118,2023-03-02 09:26:00,736,Delivered
SH203572,B102449,RC115,2023-04-12 05:14:00,2814,Delivered
SH203573,B102848,RC121,2023-03-21 23:22:00,2418,Delivered
SH203574,B100456,RC110,2023-04-19 22:33:00,1301,Delivered
SH203575,B102772,RC111,2024-03-15 11:49:00,5969,Delivered
SH203576,B101721,RC123,2023-10-31 16:32:00,7478,Delivered
SH203577,B100001,RC112,2024-11-04 08:05:00,3607,Delayed
SH203578,B102204,RC116,2025-01-24 02:16:00,5587,In Transit
SH203579,B102939,RC117,2023-07-07 04:22:00,3205,Delivered
SH203580,B100465,RC109,2023-05-12 14:03:00,7797,Delivered
SH203581,B101297,RC112,2024-11-24 13:51:00,6340,Delivered
SH203582,B100199,RC105,2024-01-03 06:19:00,6370,Delivered
SH203583,B102046,RC123,2024-01-02 08:59:00,1595,Delivered
SH203584,B102472,RC124,2024-07-09 03:11:00,735,Delivered
SH203585,B100297,RC100,2023-07-20 16:45:00,7068,Delivered
SH203586,B100049,RC124,2023-12-10 00:13:00,3864,Delivered
SH203587,B101423,RC120,2023-07-04 04:27:00,3059,Delivered
SH203588,B101329,RC100,2024-05-04 13:18:00,2464,Delivered
SH203589,B102903,RC105,2024-12-23 17:41:00,5986,Delivered
SH203590,B101052,RC113,2025-02-18 05:30:00,7610,Delivered
SH203591,B101541,RC108,2025-03-22 03:28:00,6815,Delivered
SH203592,B101581,RC104,2025-06-15 17:52:00,4034,In Transit
SH203593,B100984,RC100,2023-06-09 02:34:00,1296,Delivered
SH203594,B102975,RC112,2023-11-12 06:52:00,2078,Delivered
SH203595,B102008,RC116,2023-07-01 13:31:00,6625,Delivered
SH203596,B102473,RC111,2023-09-15 16:02:00,2283,Delivered
SH203597,B102523,RC101,2023-03-24 11:50:00,2985,Delivered
SH203598,B102531,RC107,2023-01-30 20:20:00,7805,Delivered
SH203599,B102878,RC122,2023-09-10 22:38:00,1356,Delivered
SH203600,B101527,RC119,2024-08-25 15:05:00,1210,Delivered
SH203601,B102594,RC122,2025-01-27 21:17:00,5583,Returned
SH203602,B102936,RC119,2023-11-26 06:03:00,6421,Delivered
SH203603,B102672,RC102,2024-12-25 06:18:00,7751,Delivered
SH203604,B101467,RC108,2023-03-19 01:37:00,1393,Delivered
SH203605,B101320,RC116,2025-02-08 13:36:00,7016,Delivered
SH203606,B101819,RC104,2023-06-13 21:45:00,598,Delivered
SH203607,B101233,RC114,2024-02-06 22:32:00,1471,Delivered
SH203608,B100300,RC112,2025-04-19 12:08:00,1131,Delivered
SH203609,B102634,RC111,2025-03-07 23:30:00,4865,Delivered
SH203610,B101305,RC100,2025-02-18 14:11:00,7717,Delivered
SH203611,B102061,RC119,2023-05-02 16:28:00,3320,In Transit
SH203612,B100455,RC124,2023-07-23 14:38:00,1443,Delivered
SH203613,B100242,RC121,2023-07-03 04:28:00,5717,Delivered
SH203614,B101731,RC114,2024-11-22 04:34:00,5455,Delivered
SH203615,B102245,RC110,2023-02-23 05:39:00,3454,Delivered
SH203616,B102776,RC123,2024-07-14 13:25:00,1695,Delivered
SH203617,B100750,RC123,2024-05-04 19:53:00,1191,Delivered
SH203618,B100698,RC104,2024-01-18 20:53:00,5133,Delivered
SH203619,B100302,RC118,2023-08-14 06:58:00,3886,Delivered
SH203620,B102624,RC104,2023-04-29 23:05:00,5597,Delivered
SH203621,B100513,RC119,2024-02-27 14:32:00,5443,Delivered
SH203622,B101402,RC116,2024-03-04 21:41:00,3838,Delivered
SH203623,B102563,RC105,2024-10-30 23:38:00,1094,Delivered
SH203624,B100511,RC115,2023-12-18 05:22:00,3239,Delivered
SH203625,B102703,RC123,2025-05-20 08:18:00,7182,In Transit
SH203626,B100867,RC120,2025-01-27 13:36:00,2121,Delivered
SH203627,B102565,RC106,2023-12-11 23:46:00,2511,Delayed
SH203628,B100009,RC114,2023-09-30 08:15:00,4514,Delivered
SH203629,B101932,RC120,2023-03-16 07:37:00,3628,Delivered
SH203630,B101985,RC119,2025-04-11 13:45:00,1563,Delivered
SH203631,B100291,RC105,2025-01-22 17:54:00,6839,Delivered
SH203632,B100520,RC103,2024-11-27 15:28:00,6917,Delivered
SH203633,B102593,RC115,2023-06-15 22:03:00,3152,Delivered
SH203634,B102077,RC112,2023-08-11 11:27:00,3082,Delivered
SH203635,B100902,RC120,2024-04-13 10:38:00,2810,Delivered
SH203636,B100737,RC113,2025-02-21 15:03:00,5370,Delivered
SH203637,B102770,RC101,2023-08-26 13:52:00,969,Delivered
SH203638,B100210,RC107,2025-01-13 06:17:00,6513,Delivered
SH203639,B102694,RC117,2023-03-23 17:31:00,4957,Delivered
SH203640,B100805,RC113,2025-01-10 08:08:00,7138,Delivered
SH203641,B100838,RC105,2024-06-05 21:01:00,5845,Delivered
SH203642,B101040,RC124,2023-12-10 01:56:00,7146,Delivered
SH203643,B100133,RC113,2023-03-14 13:50:00,703,Delivered
SH203644,B102246,RC102,2024-01-24 23:32:00,6193,Delivered
SH203645,B101633,RC121,2023-12-15 20:14:00,4714,Delivered
SH203646,B100579,RC116,2024-11-22 02:10:00,1298,Delivered
SH203647,B102782,RC114,2023-07-18 03:29:00,4796,Delivered
SH203648,B100543,RC108,2024-11-08 05:50:00,4121,Delivered
SH203649,B100513,RC124,2025-02-17 03:32:00,7165,Delivered
SH203650,B100243,RC123,2023-07-21 09:05:00,4750,Delivered
SH203651,B102136,RC111,2024-11-20 18:26:00,2991,Delivered
SH203652,B101827,RC122,2025-01-30 13:29:00,3487,Delivered
SH203653,B102114,RC104,2024-12-27 12:03:00,7781,Delivered
SH203654,B100960,RC103,2023-12-15 05:21:00,2953,Delivered
SH203655,B102516,RC115,2024-07-24 03:00:00,7211,Delivered
SH203656,B101600,RC107,2024-11-07 21:16:00,2353,Delivered
SH203657,B102875,RC116,2023-01-16 18:20:00,3839,Delivered
SH203658,B101543,RC112,2025-04-19 04:34:00,3725,Delivered
SH203659,B102722,RC113,2025-01-15 21:42:00,4930,Delivered
SH203660,B102095,RC116,2023-07-25 09:57:00,4233,Delivered
SH203661,B102019,RC111,2025-03-24 23:23:00,6222,Delivered
SH203662,B100564,RC111,2023-02-15 09:16:00,6835,Delivered
SH203663,B100541,RC124,2024-08-18 01:28:00,7567,Delivered
SH203664,B102974,RC122,2024-07-03 04:25:00,4391,Delivered
SH203665,B102680,RC123,2024-08-27 09:08:00,5902,Delivered
SH203666,B101392,RC123,2023-10-05 20:23:00,4908,Delivered
SH203667,B102657,RC113,2024-03-17 08:05:00,1606,Delivered
SH203668,B102947,RC109,2024-03-28 09:53:00,2027,Delivered
SH203669,B102183,RC122,2024-03-14 17:51:00,4876,Delivered
SH203670,B101321,RC106,2025-04-07 01:20:00,2045,Delivered
SH203671,B102994,RC120,2024-10-02 20:36:00,1293,Delivered
SH203672,B100300,RC119,2024-01-11 23:13:00,954,Delivered
SH203673,B100526,RC112,2025-01-16 04:15:00,1097,Delivered
SH203674,B100321,RC102,2024-01-19 14:31:00,4554,Delivered
SH203675,B101911,RC107,2023-10-05 11:29:00,4224,Delivered
SH203676,B102482,RC107,2025-03-21 10:41:00,2985,Delivered
SH203677,B101231,RC119,2023-11-12 09:29:00,605,Delivered
SH203678,B101902,RC104,2024-10-05 03:05:00,7902,Delivered
SH203679,B102032,RC110,2023-11-26 22:13:00,3416,Delivered
SH203680,B102627,RC113,2024-01-05 08:04:00,2871,Delivered
SH203681,B102740,RC123,2023-02-04 03:51:00,5950,Delivered
SH203682,B102688,RC110,2024-10-07 04:53:00,2303,Delayed
SH203683,B102203,RC114,2024-08-26 08:11:00,2378,Delivered
SH203684,B101753,RC104,2023-03-06 00:45:00,7547,Delivered
SH203685,B102557,RC111,2024-06-29 19:43:00,4242,Delivered
SH203686,B100556,RC103,2024-12-23 02:44:00,5104,Delivered
SH203687,B102662,RC106,2024-10-28 01:56:00,6093,Delivered
SH203688,B102207,RC107,2023-09-24 02:21:00,7498,Delivered
SH203689,B101000,RC112,2024-05-25 17:23:00,1780,Delivered
SH203690,B102823,RC104,2024-10-26 08:03:00,4791,Returned
SH203691,B100233,RC118,2024-11-01 11:13:00,1012,Delivered
SH203692,B102288,RC111,2023-04-17 16:28:00,6257,Delivered
SH203693,B101495,RC106,2023-01-18 06:40:00,2242,Delivered
SH203694,B101450,RC102,2025-05-25 14:22:00,7734,Delivered
SH203695,B100924,RC111,2025-03-03 00:13:00,3734,Delivered
SH203696,B102727,RC106,2024-06-15 00:00:00,511,Delivered
SH203697,B101400,RC120,2024-08-28 17:43:00,3171,Delivered
SH203698,B100203,RC108,2023-07-20 06:30:00,2473,Delivered
SH203699,B101393,RC122,2024-01-14 11:07:00,7834,In Transit
SH203700,B102220,RC124,2024-04-23 16:50:00,1651,Delivered
SH203701,B101972,RC122,2024-03-04 18:12:00,6781,Delivered
SH203702,B100226,RC116,2024-10-07 07:45:00,7659,Delivered
SH203703,B100029,RC110,2023-08-20 06:10:00,5715,Delivered
SH203704,B101520,RC106,2024-03-18 21:38:00,2788,Delivered
SH203705,B100965,RC104,2023-07-07 00:28:00,4652,In Transit
SH203706,B100192,RC110,2023-11-15 05:18:00,1712,Delivered
SH203707,B100328,RC101,2023-11-25 09:55:00,7234,Delivered
SH203708,B100564,RC106,2024-01-13 12:04:00,4408,Delivered
SH203709,B100056,RC122,2023-01-19 10:08:00,2528,Delivered
SH203710,B100124,RC123,2023-05-29 05:03:00,4912,Delivered
SH203711,B100284,RC115,2023-12-01 06:21:00,6018,Delivered
SH203712,B100375,RC102,2023-05-04 18:11:00,3767,In Transit
SH203713,B100409,RC117,2025-02-14 10:08:00,4336,Delivered
SH203714,B100050,RC108,2025-06-07 20:13:00,1793,Delivered
SH203715,B101698,RC101,2023-08-21 10:11:00,3030,Delivered
SH203716,B100646,RC103,2023-01-28 08:14:00,572,Delivered
SH203717,B100258,RC102,2025-01-12 09:30:00,2256,Delivered
SH203718,B100956,RC111,2025-02-22 22:23:00,3600,Delivered
SH203719,B101632,RC120,2023-05-25 16:14:00,2474,Delivered
SH203720,B101382,RC124,2025-02-27 13:46:00,3388,Delivered
SH203721,B100857,RC124,2024-04-25 21:20:00,1637,Delivered
SH203722,B101748,RC108,2023-04-21 01:47:00,544,Delivered
SH203723,B102541,RC120,2024-02-02 16:41:00,2457,Delivered
SH203724,B102538,RC122,2024-11-12 13:15:00,6038,Delivered
SH203725,B102841,RC124,2025-01-01 20:06:00,7382,Delivered
SH203726,B101629,RC108,2024-04-19 01:00:00,6368,Delivered
SH203727,B100515,RC114,2023-01-28 16:26:00,4549,Delivered
SH203728,B102576,RC110,2025-03-24 13:22:00,7015,Delivered
SH203729,B100581,RC123,2023-08-16 11:55:00,6573,Delivered
SH203730,B100437,RC123,2023-06-06 07:37:00,3070,Delivered
SH203731,B100195,RC104,2024-08-16 19:00:00,7761,Delivered
SH203732,B100747,RC113,2023-10-30 08:40:00,5295,Delivered
SH203733,B101591,RC117,2024-01-02 14:34:00,2422,Delivered
SH203734,B100604,RC121,2023-08-16 18:31:00,6335,Delivered
SH203735,B101981,RC102,2024-05-13 01:21:00,7164,Delayed
SH203736,B100806,RC110,2024-01-20 09:21:00,6742,Delivered
SH203737,B100236,RC124,2024-04-06 04:12:00,1661,Delivered
SH203738,B100906,RC102,2024-03-18 00:08:00,7306,Delivered
SH203739,B101147,RC119,2023-10-05 19:53:00,4660,Delivered
SH203740,B102744,RC110,2023-02-07 16:45:00,1916,Delayed
SH203741,B102474,RC123,2023-07-11 05:00:00,6265,Delivered
SH203742,B102163,RC102,2025-05-11 00:13:00,2916,Delivered
SH203743,B100140,RC105,2023-03-04 22:00:00,4508,Delayed
SH203744,B101605,RC113,2024-04-30 11:53:00,4783,Delivered
SH203745,B101980,RC106,2024-11-25 16:38:00,7576,Returned
SH203746,B102440,RC116,2023-05-05 19:58:00,6980,Delivered
SH203747,B100727,RC121,2023-03-31 12:03:00,3970,Delivered
SH203748,B102680,RC110,2024-03-03 04:48:00,4540,Delivered
SH203749,B101733,RC110,2024-08-01 01:07:00,2535,Delivered
SH203750,B101385,RC103,2024-10-17 16:24:00,1818,Delivered
SH203751,B100558,RC103,2023-08-26 13:37:00,1739,Delayed
SH203752,B100827,RC112,2024-01-05 12:15:00,3822,Delivered
SH203753,B100422,RC123,2024-08-08 01:55:00,2382,Delivered
SH203754,B102986,RC109,2023-04-03 01:16:00,5193,In Transit
SH203755,B102547,RC100,2023-04-14 02:16:00,1036,Delivered
SH203756,B102608,RC122,2023-11-30 01:10:00,871,Delivered
SH203757,B100852,RC122,2024-05-30 21:53:00,6782,Delivered
SH203758,B102191,RC105,2025-03-06 21:42:00,7865,Delivered
SH203759,B100457,RC110,2024-08-24 09:41:00,7177,Delivered
SH203760,B102410,RC115,2023-08-05 11:50:00,1881,Delivered
SH203761,B100300,RC122,2024-08-06 18:08:00,5083,Delivered
SH203762,B101860,RC116,2023-09-26 19:39:00,3267,Delivered
SH203763,B101823,RC101,2023-09-21 13:11:00,1897,Delivered
SH203764,B102114,RC124,2024-12-17 12:05:00,7064,Delivered
SH203765,B102894,RC124,2023-08-21 19:36:00,7586,Delivered
SH203766,B100595,RC122,2023-04-10 22:12:00,2107,Delivered
SH203767,B101598,RC114,2023-06-24 18:50:00,7946,Delivered
SH203768,B101434,RC115,2024-08-07 16:21:00,1912,Delivered
SH203769,B100326,RC108,2025-02-05 00:51:00,7679,Delivered
SH203770,B102842,RC106,2023-11-14 07:06:00,6369,Delivered
SH203771,B101863,RC111,2024-04-24 10:22:00,5014,Delivered
SH203772,B100492,RC123,2024-03-08 13:59:00,3914,Delivered
SH203773,B101086,RC103,2023-01-24 03:55:00,6971,Delivered
SH203774,B101604,RC114,2024-07-02 04:54:00,574,Delivered
SH203775,B100595,RC100,2023-08-08 08:03:00,3572,Delivered
SH203776,B100648,RC115,2025-06-08 01:10:00,3055,Delivered
SH203777,B100077,RC117,2023-12-02 00:52:00,4191,Delivered
SH203778,B100140,RC101,2024-09-22 15:49:00,5475,Delivered
SH203779,B100067,RC123,2023-01-18 03:11:00,7980,Delivered
SH203780,B100090,RC105,2024-04-12 16:07:00,5868,Delivered
SH203781,B101737,RC106,2023-12-29 03:07:00,781,Delivered
SH203782,B100103,RC110,2024-08-21 21:11:00,7109,In Transit
SH203783,B102031,RC101,2025-05-21 02:21:00,4419,In Transit
SH203784,B102891,RC104,2025-02-13 03:30:00,3473,Delivered
SH203785,B101679,RC108,2025-04-20 10:23:00,1937,Delivered
SH203786,B102308,RC122,2024-08-12 03:06:00,2182,Delivered
SH203787,B102331,RC116,2023-08-04 19:51:00,5262,Delivered
SH203788,B101954,RC107,2024-03-07 07:09:00,6117,Delivered
SH203789,B102994,RC106,2023-05-20 16:05:00,6554,Delivered
SH203790,B100121,RC124,2023-11-19 17:51:00,2805,Delivered
SH203791,B101474,RC119,2023-06-06 10:33:00,6323,Delivered
SH203792,B100909,RC100,2024-08-29 01:38:00,5421,In Transit
SH203793,B101059,RC110,2023-03-20 00:49:00,5901,Delivered
SH203794,B101258,RC114,2024-06-08 19:40:00,6599,Delivered
SH203795,B101522,RC106,2023-05-08 16:48:00,7920,Delivered
SH203796,B101821,RC115,2024-11-30 16:20:00,2891,Delivered
SH203797,B100690,RC114,2023-01-03 12:08:00,6346,Delivered
SH203798,B101850,RC118,2025-03-14 14:55:00,6345,Delivered
SH203799,B100087,RC107,2024-05-20 17:19:00,6142,Delivered
SH203800,B101936,RC102,2024-10-06 20:17:00,5374,Delivered
SH203801,B101405,RC119,2024-10-09 03:12:00,7704,Delivered
SH203802,B102815,RC105,2024-09-29 20:24:00,6014,In Transit
SH203803,B100270,RC117,2025-03-26 15:45:00,1218,Delivered
SH203804,B101864,RC116,2024-10-14 00:24:00,674,Delivered
SH203805,B101690,RC115,2023-11-28 03:12:00,3772,Delivered
SH203806,B101109,RC118,2023-06-11 18:19:00,7990,Delivered
SH203807,B102000,RC108,2024-10-31 21:34:00,3785,Delivered
SH203808,B101232,RC109,2023-09-03 14:08:00,7715,Delivered
SH203809,B102886,RC105,2024-09-06 21:43:00,5540,Delivered
SH203810,B101198,RC105,2023-07-29 14:58:00,7414,Delivered
SH203811,B101466,RC105,2024-02-04 01:40:00,6825,Delivered
SH203812,B101325,RC112,2024-02-08 06:28:00,6698,Delivered
SH203813,B101585,RC114,2024-04-23 21:36:00,754,Delivered
SH203814,B100511,RC104,2025-01-19 15:43:00,4590,Delayed
SH203815,B100046,RC120,2024-08-02 17:49:00,7817,Delivered
SH203816,B102707,RC113,2023-01-27 11:56:00,1033,Delivered
SH203817,B101358,RC108,2024-04-30 12:37:00,7170,Delivered
SH203818,B101935,RC109,2023-10-19 20:47:00,4596,Delivered
SH203819,B102885,RC119,2024-08-29 03:51:00,6427,Delivered
SH203820,B100119,RC114,2024-01-22 05:54:00,4032,Delivered
SH203821,B101477,RC117,2024-03-22 12:47:00,6563,Delayed
SH203822,B101351,RC102,2024-12-01 23:45:00,4310,Delivered
SH203823,B102748,RC120,2023-01-10 16:14:00,6922,Delivered
SH203824,B102959,RC114,2023-10-28 14:01:00,3594,Delivered
SH203825,B102415,RC121,2025-02-25 20:48:00,2378,Delivered
SH203826,B100584,RC120,2025-06-18 20:26:00,7778,Delivered
SH203827,B102700,RC113,2024-06-20 07:07:00,2815,Delivered
SH203828,B100271,RC106,2025-01-04 20:44:00,5231,Delivered
SH203829,B102764,RC120,2024-06-07 00:12:00,2552,Delivered
SH203830,B100951,RC118,2025-04-05 21:29:00,2427,Delivered
SH203831,B101689,RC103,2024-08-03 11:29:00,6673,Delivered
SH203832,B102447,RC104,2023-04-07 20:54:00,3232,Delivered
SH203833,B100035,RC112,2023-06-30 23:25:00,1726,Delivered
SH203834,B100117,RC119,2024-05-19 17:00:00,950,Delivered
SH203835,B100927,RC107,2023-08-28 14:14:00,3141,Delivered
SH203836,B101809,RC120,2025-04-15 11:35:00,4462,Delivered
SH203837,B100537,RC107,2024-11-10 04:24:00,5574,Delivered
SH203838,B100839,RC118,2025-04-08 18:20:00,634,Delivered
SH203839,B101834,RC114,2024-11-14 17:15:00,3550,Delivered
SH203840,B102995,RC121,2023-08-07 14:51:00,5717,Delivered
SH203841,B102839,RC105,2023-06-19 15:53:00,864,Delivered
SH203842,B101743,RC108,2023-07-30 18:18:00,2816,Delivered
SH203843,B100024,RC111,2024-03-01 03:10:00,6918,Delivered
SH203844,B100543,RC118,2023-01-05 13:40:00,6318,In Transit
SH203845,B100065,RC116,2024-08-08 23:15:00,2869,Delivered
SH203846,B101625,RC109,2025-03-09 18:38:00,757,Delayed
SH203847,B101599,RC104,2024-10-01 14:18:00,895,Delivered
SH203848,B100066,RC104,2023-12-23 05:57:00,4403,Delivered
SH203849,B102034,RC121,2023-09-04 19:03:00,1919,Delivered
SH203850,B100097,RC102,2023-02-03 19:03:00,4729,Delivered
SH203851,B102092,RC105,2025-02-04 07:16:00,621,Delivered
SH203852,B101663,RC107,2023-07-16 20:57:00,7681,Delivered
SH203853,B102764,RC119,2023-07-28 09:44:00,4862,Delivered
SH203854,B102478,RC124,2023-12-20 04:10:00,750,Delivered
SH203855,B101907,RC122,2023-02-25 04:07:00,6162,Delivered
SH203856,B102505,RC101,2023-07-27 01:32:00,3587,Delivered
SH203857,B101201,RC102,2024-06-19 15:48:00,6278,Delivered
SH203858,B101302,RC116,2025-03-06 04:52:00,1246,Delivered
SH203859,B101260,RC115,2024-01-28 09:27:00,5534,Delivered
SH203860,B102669,RC113,2024-11-01 14:04:00,5771,Delivered
SH203861,B102822,RC109,2024-05-19 06:44:00,4604,Delivered
SH203862,B102264,RC115,2025-02-27 08:40:00,3656,In Transit
SH203863,B102610,RC118,2024-06-23 06:07:00,4879,Delivered
SH203864,B101235,RC124,2023-09-02 16:44:00,5838,Delivered
SH203865,B101875,RC114,2025-06-08 11:25:00,3740,Delivered
SH203866,B100440,RC105,2025-02-13 04:02:00,3007,Delivered
SH203867,B101448,RC123,2023-10-22 11:28:00,2653,Delivered
SH203868,B101518,RC102,2024-03-12 20:24:00,4787,Delivered
SH203869,B102485,RC109,2024-11-01 03:45:00,1984,Delivered
SH203870,B101903,RC120,2023-06-02 06:26:00,4163,Returned
SH203871,B101655,RC109,2024-06-22 23:18:00,2344,Delivered
SH203872,B101127,RC113,2024-05-22 22:28:00,2220,Returned
SH203873,B102359,RC123,2025-03-26 16:57:00,3268,Delivered
SH203874,B101056,RC123,2024-12-14 12:23:00,591,Delivered
SH203875,B102946,RC113,2023-12-06 05:01:00,1337,Delivered
SH203876,B102603,RC114,2023-09-14 18:20:00,1482,Delivered
SH203877,B100650,RC121,2025-01-11 10:44:00,4107,Delivered
SH203878,B101317,RC123,2024-01-10 17:57:00,4218,Delivered
SH203879,B100977,RC105,2024-10-23 06:20:00,7652,Delivered
SH203880,B100714,RC123,2024-01-20 00:51:00,2572,Delivered
SH203881,B100065,RC109,2024-07-11 07:01:00,5005,Delivered
SH203882,B101051,RC108,2025-03-01 23:33:00,5062,Delivered
SH203883,B101659,RC102,2024-10-23 21:28:00,844,Delivered
SH203884,B101743,RC108,2023-10-22 11:38:00,5093,Delivered
SH203885,B101666,RC101,2023-02-11 02:49:00,3650,Delivered
SH203886,B102467,RC117,2024-12-01 09:27:00,7017,Delivered
SH203887,B100201,RC122,2023-08-24 12:45:00,1651,Delivered
SH203888,B102225,RC113,2023-09-01 05:14:00,3602,Delivered
SH203889,B101190,RC109,2024-08-23 13:08:00,1219,Delivered
SH203890,B101034,RC117,2024-04-21 02:29:00,2652,Delivered
SH203891,B100704,RC123,2023-10-17 08:59:00,5870,Delivered
SH203892,B100433,RC103,2023-03-15 17:50:00,643,Delivered
SH203893,B100705,RC105,2024-09-21 17:07:00,3700,Delivered
SH203894,B102287,RC120,2023-01-12 11:41:00,3343,Delivered
SH203895,B102439,RC103,2024-06-06 12:01:00,4501,Delivered
SH203896,B102868,RC123,2023-01-30 15:30:00,2081,Delivered
SH203897,B100521,RC109,2023-09-03 08:07:00,3449,Delivered
SH203898,B102688,RC111,2024-06-26 02:58:00,993,Delivered
SH203899,B100518,RC115,2025-03-12 09:58:00,4800,Delivered
SH203900,B102584,RC123,2025-01-02 03:58:00,716,Delivered
SH203901,B102082,RC108,2024-12-27 03:13:00,2391,Delivered
SH203902,B101048,RC112,2023-08-08 23:05:00,5435,Delivered
SH203903,B100610,RC117,2023-02-03 20:07:00,2543,Delivered
SH203904,B101036,RC103,2024-03-08 07:39:00,3479,Delivered
SH203905,B102553,RC106,2024-12-07 04:57:00,6142,Delivered
SH203906,B102210,RC120,2023-08-14 11:08:00,4190,Delivered
SH203907,B100406,RC115,2025-04-12 04:13:00,2078,Returned
SH203908,B102702,RC110,2023-09-23 11:03:00,4434,Delivered
SH203909,B101140,RC107,2023-01-09 23:16:00,6436,Delivered
SH203910,B102860,RC110,2023-10-04 11:21:00,5148,Delivered
SH203911,B101919,RC114,2023-05-23 03:11:00,5509,Delivered
SH203912,B101951,RC115,2023-01-22 01:43:00,991,Delivered
SH203913,B102986,RC108,2023-08-24 22:47:00,3251,Delayed
SH203914,B102725,RC106,2025-01-06 22:01:00,4523,In Transit
SH203915,B102242,RC111,2023-03-25 08:08:00,5770,In Transit
SH203916,B101835,RC120,2025-04-05 08:27:00,2183,Delivered
SH203917,B102820,RC109,2023-05-22 16:01:00,6725,Delivered
SH203918,B102775,RC114,2023-03-16 22:13:00,5667,Delivered
SH203919,B100298,RC115,2023-06-06 18:16:00,7262,Delivered
SH203920,B101838,RC124,2025-05-09 03:03:00,5449,Delivered
SH203921,B101328,RC115,2024-06-25 07:47:00,1189,Delivered
SH203922,B102821,RC104,2023-10-07 06:51:00,4620,Delivered
SH203923,B101118,RC100,2024-11-21 22:32:00,7559,Delivered
SH203924,B102250,RC101,2023-02-10 19:25:00,5575,Delivered
SH203925,B100511,RC112,2024-01-21 07:38:00,3078,Delivered
SH203926,B100811,RC117,2024-12-22 04:51:00,3034,Delivered
SH203927,B102741,RC118,2024-01-12 15:15:00,7207,Delivered
SH203928,B100300,RC123,2024-10-18 16:52:00,4224,Delivered
SH203929,B102196,RC119,2025-06-18 14:40:00,5471,Delivered
SH203930,B100593,RC120,2023-07-23 17:10:00,5499,Delivered
SH203931,B100666,RC116,2023-12-28 17:09:00,1495,Delivered
SH203932,B101582,RC102,2023-05-07 05:09:00,4873,Delivered
SH203933,B100975,RC115,2023-03-16 17:56:00,4641,Delivered
SH203934,B100207,RC115,2025-06-14 13:37:00,3330,Delivered
SH203935,B100854,RC105,2023-08-03 22:24:00,1098,Delivered
SH203936,B101141,RC116,2025-05-09 05:05:00,1596,Delivered
SH203937,B102971,RC102,2025-01-04 14:02:00,6949,In Transit
SH203938,B101307,RC110,2023-07-04 05:44:00,3092,Delivered
SH203939,B101601,RC118,2024-12-01 20:17:00,6211,Delivered
SH203940,B102528,RC107,2023-12-31 12:33:00,4201,Delivered
SH203941,B102118,RC121,2023-12-17 17:42:00,7175,Delivered
SH203942,B100587,RC124,2024-05-11 02:13:00,2945,Delivered
SH203943,B100829,RC102,2024-11-09 04:59:00,5909,Delivered
SH203944,B100390,RC121,2024-04-21 23:41:00,507,Delivered
SH203945,B102928,RC119,2023-12-11 23:28:00,2757,Delivered
SH203946,B102136,RC123,2025-05-30 23:10:00,3034,Delivered
SH203947,B101842,RC104,2024-12-25 14:06:00,5767,Delivered
SH203948,B102802,RC124,2024-07-28 22:42:00,5096,In Transit
SH203949,B100291,RC112,2024-10-07 22:45:00,7641,Delivered
SH203950,B100019,RC103,2023-01-12 07:04:00,3515,Delivered
SH203951,B101198,RC106,2023-12-06 15:45:00,6751,Delivered
SH203952,B100061,RC122,2024-08-24 20:20:00,4620,Delivered
SH203953,B100751,RC102,2023-12-19 02:22:00,3808,Delivered
SH203954,B101620,RC108,2025-03-07 19:25:00,7467,Delivered
SH203955,B102750,RC123,2024-09-03 01:40:00,4656,Delivered
SH203956,B101833,RC116,2024-06-30 19:49:00,6573,Delivered
SH203957,B101989,RC114,2023-11-16 10:53:00,1093,Delivered
SH203958,B101555,RC117,2023-01-08 02:24:00,4585,Delivered
SH203959,B102673,RC117,2024-05-24 10:00:00,5760,Delayed
SH203960,B100829,RC111,2024-08-05 20:17:00,640,Delivered
SH203961,B100580,RC105,2024-12-09 13:11:00,3291,Delivered
SH203962,B100638,RC102,2024-09-11 00:36:00,2426,Delivered
SH203963,B101521,RC120,2023-05-16 14:02:00,7990,Delivered
SH203964,B101587,RC122,2024-05-08 11:04:00,7160,Delivered
SH203965,B102653,RC104,2024-01-31 23:13:00,1326,Delivered
SH203966,B100016,RC114,2024-01-09 09:30:00,5712,Delivered
SH203967,B102107,RC123,2024-11-29 13:44:00,1135,In Transit
SH203968,B101391,RC119,2023-02-08 16:16:00,2624,Delivered
SH203969,B102393,RC114,2024-12-12 17:30:00,691,Delivered
SH203970,B100698,RC101,2024-02-17 06:26:00,953,Delivered
SH203971,B101470,RC117,2023-06-01 18:45:00,640,Delivered
SH203972,B101502,RC108,2023-04-12 03:02:00,6364,Delivered
SH203973,B100828,RC119,2025-02-23 02:31:00,7990,Delivered
SH203974,B102285,RC100,2024-07-29 06:46:00,5665,Delivered
SH203975,B100353,RC103,2024-01-12 13:09:00,5985,Delivered
SH203976,B101735,RC111,2025-02-27 13:04:00,3351,Delivered
SH203977,B100538,RC106,2024-12-12 21:38:00,1490,In Transit
SH203978,B101228,RC116,2024-04-23 04:06:00,7977,Delivered
SH203979,B100440,RC118,2024-09-23 05:43:00,2748,Delivered
SH203980,B102146,RC123,2023-06-02 16:37:00,2358,Delivered
SH203981,B102239,RC100,2024-08-03 17:30:00,6273,Delivered
SH203982,B100505,RC123,2025-01-30 09:19:00,5341,Delayed
SH203983,B101032,RC115,2025-05-14 11:38:00,4364,Delivered
SH203984,B100485,RC110,2023-01-07 20:03:00,4979,In Transit
SH203985,B101208,RC122,2023-09-04 02:45:00,4184,Delivered
SH203986,B102048,RC116,2024-01-27 03:56:00,3602,Delivered
SH203987,B100280,RC119,2023-01-30 04:40:00,798,Delivered
SH203988,B101421,RC120,2024-03-19 22:26:00,4551,Delivered
SH203989,B100283,RC105,2023-04-01 18:57:00,3077,Delivered
SH203990,B100795,RC101,2023-06-05 10:26:00,7020,Delivered
SH203991,B100955,RC124,2024-11-01 11:47:00,7256,Delivered
SH203992,B102428,RC121,2023-10-25 17:08:00,1949,Delivered
SH203993,B102227,RC123,2024-07-25 11:16:00,4067,Delivered
SH203994,B102060,RC104,2024-10-03 01:21:00,1003,Delivered
SH203995,B100988,RC100,2025-02-04 03:46:00,3412,Delivered
SH203996,B102345,RC121,2024-01-08 19:45:00,2528,Delivered
SH203997,B100726,RC111,2024-10-01 10:57:00,3384,Delivered
SH203998,B101872,RC122,2023-08-28 23:46:00,1007,Delivered
SH203999,B102279,RC116,2023-10-04 02:56:00,6491,Delivered
SH204000,B102082,RC124,2023-04-06 11:52:00,968,Delivered
SH204001,B101501,RC104,2023-07-01 00:02:00,574,Delivered
SH204002,B101888,RC101,2023-08-30 15:10:00,3025,Delivered
SH204003,B102239,RC117,2025-04-05 18:56:00,7232,Delivered
SH204004,B102560,RC103,2025-04-05 10:16:00,988,Delivered
SH204005,B102805,RC123,2023-02-06 11:12:00,7237,Delivered
SH204006,B101523,RC117,2024-02-28 00:57:00,1302,Delivered
SH204007,B100470,RC103,2025-05-19 10:16:00,2306,Delayed
SH204008,B102668,RC101,2023-10-20 11:35:00,1728,In Transit
SH204009,B102279,RC111,2023-06-11 11:03:00,838,Delivered
SH204010,B101030,RC115,2024-04-16 07:10:00,5978,Delivered
SH204011,B102625,RC117,2023-11-17 04:44:00,4889,Delivered
SH204012,B100894,RC116,2024-05-26 01:33:00,4413,Delivered
SH204013,B101583,RC123,2023-07-24 14:22:00,7558,Delivered
SH204014,B101251,RC123,2024-11-06 12:18:00,3992,Delivered
SH204015,B101658,RC122,2025-01-02 14:48:00,1549,Delivered
SH204016,B101473,RC115,2024-02-06 14:34:00,2028,Delivered
SH204017,B101193,RC115,2024-08-06 23:52:00,3139,Delivered
SH204018,B102704,RC108,2025-05-10 21:37:00,817,Delivered
SH204019,B100360,RC103,2025-03-30 15:19:00,2629,Delivered
SH204020,B102387,RC102,2024-06-13 12:32:00,1947,Delivered
SH204021,B101926,RC120,2024-11-20 08:41:00,6879,In Transit
SH204022,B101605,RC120,2023-03-17 13:03:00,2435,Delivered
SH204023,B102058,RC119,2025-06-01 16:28:00,5385,Delivered
SH204024,B101110,RC100,2023-03-01 20:37:00,1366,Delivered
SH204025,B100927,RC112,2025-05-22 12:59:00,5819,Delivered
SH204026,B100163,RC118,2023-11-17 14:33:00,4280,In Transit
SH204027,B100573,RC104,2023-05-02 06:31:00,5864,Delivered
SH204028,B102697,RC105,2024-08-25 19:53:00,2521,Delivered
SH204029,B101201,RC114,2023-06-16 06:47:00,7524,In Transit
SH204030,B101082,RC113,2024-01-17 12:39:00,6556,In Transit
SH204031,B102108,RC117,2023-06-14 02:06:00,6242,Delivered
SH204032,B102190,RC109,2023-12-15 19:57:00,7869,In Transit
SH204033,B101084,RC124,2024-06-09 03:28:00,3874,Delivered
SH204034,B100425,RC122,2024-02-04 10:38:00,2039,Delivered
SH204035,B102792,RC104,2024-05-04 01:24:00,7200,Delivered
SH204036,B100234,RC117,2023-06-21 13:25:00,4624,In Transit
SH204037,B101332,RC112,2024-07-09 07:48:00,4010,In Transit
SH204038,B102796,RC116,2024-04-28 01:36:00,3820,Delivered
SH204039,B100162,RC103,2023-04-28 09:25:00,6462,Delivered
SH204040,B102017,RC105,2024-11-04 15:58:00,4172,Delivered
SH204041,B101083,RC112,2023-12-06 12:28:00,4454,Delivered
SH204042,B102688,RC100,2023-04-02 10:37:00,1765,Delivered
SH204043,B101222,RC109,2024-09-15 05:24:00,6431,Delivered
SH204044,B101839,RC111,2023-06-25 18:44:00,6461,Delivered
SH204045,B101759,RC108,2023-09-26 04:38:00,2025,Delivered
SH204046,B102358,RC124,2023-05-31 16:12:00,7852,Delivered
SH204047,B101865,RC102,2023-10-02 03:04:00,2939,Delivered
SH204048,B101052,RC104,2023-12-11 19:16:00,4462,In Transit
SH204049,B100446,RC124,2025-05-17 14:32:00,849,Delivered
SH204050,B100928,RC114,2023-11-20 02:56:00,2876,Delivered
SH204051,B101723,RC101,2024-03-21 11:32:00,7769,Delayed
SH204052,B100515,RC113,2024-12-02 15:09:00,6210,Delivered
SH204053,B101048,RC102,2024-08-04 22:48:00,6588,Delivered
SH204054,B101625,RC118,2024-05-16 09:46:00,7791,Delivered
SH204055,B100556,RC123,2023-05-17 23:01:00,931,Delivered
SH204056,B102626,RC107,2025-03-24 04:46:00,3256,In Transit
SH204057,B100429,RC120,2024-09-03 03:10:00,1417,Delivered
SH204058,B100436,RC122,2024-08-14 18:46:00,2611,Delivered
SH204059,B102162,RC105,2023-05-06 19:40:00,7053,Delivered
SH204060,B100682,RC121,2025-05-03 01:28:00,5087,Delivered
SH204061,B102810,RC107,2024-11-16 20:38:00,5857,Delivered
SH204062,B101189,RC120,2023-06-15 17:48:00,6404,Delivered
SH204063,B102696,RC123,2023-01-09 07:14:00,4463,Delivered
SH204064,B102404,RC104,2024-10-08 14:05:00,3672,Delivered
SH204065,B100248,RC115,2023-03-02 23:43:00,5411,Delivered
SH204066,B101739,RC115,2025-01-14 07:49:00,6412,Delivered
SH204067,B100607,RC112,2025-04-08 08:03:00,1043,Returned
SH204068,B100659,RC115,2023-10-09 01:45:00,7815,Delivered
SH204069,B102279,RC104,2025-02-07 22:04:00,7187,In Transit
SH204070,B101638,RC118,2024-05-05 15:59:00,535,Delivered
SH204071,B102476,RC105,2023-06-10 17:08:00,5748,Delivered
SH204072,B102981,RC102,2024-04-05 21:26:00,3650,Delivered
SH204073,B100732,RC116,2023-03-07 09:31:00,1624,Delivered
SH204074,B102136,RC109,2024-05-20 18:45:00,7501,Delivered
SH204075,B102532,RC104,2024-07-07 14:02:00,3070,Delivered
SH204076,B101996,RC116,2024-12-29 18:50:00,2345,Delivered
SH204077,B101599,RC100,2024-09-14 17:00:00,1274,Delivered
SH204078,B100188,RC118,2025-03-20 20:53:00,544,Delivered
SH204079,B102465,RC119,2024-12-03 09:50:00,2844,Delivered
SH204080,B101310,RC107,2025-06-14 05:47:00,3087,In Transit
SH204081,B101439,RC108,2024-01-31 08:28:00,2933,Delivered
SH204082,B102858,RC106,2023-11-01 19:42:00,6794,Delivered
SH204083,B101499,RC124,2024-05-30 17:10:00,4892,Delivered
SH204084,B100828,RC105,2023-01-09 08:18:00,6495,Delivered
SH204085,B101668,RC103,2023-04-15 14:59:00,7965,Delivered
SH204086,B100841,RC112,2024-04-29 09:43:00,5889,Delivered
SH204087,B102246,RC111,2023-07-09 10:06:00,3603,Delayed
SH204088,B101149,RC108,2025-06-10 19:58:00,4333,Returned
SH204089,B102380,RC124,2025-03-07 12:45:00,3775,Delivered
SH204090,B100332,RC114,2023-12-14 08:52:00,7426,Delivered
SH204091,B100448,RC122,2025-01-16 02:35:00,7622,Delivered
SH204092,B100974,RC109,2024-04-23 06:51:00,536,Delivered
SH204093,B100995,RC106,2024-05-06 00:45:00,1918,Delivered
SH204094,B100366,RC120,2024-03-15 21:23:00,5839,Delivered
SH204095,B102463,RC111,2023-07-11 12:08:00,1937,Delivered
SH204096,B101260,RC100,2023-04-27 21:51:00,7116,Delivered
SH204097,B102829,RC114,2024-01-27 22:31:00,4815,Delivered
SH204098,B102972,RC118,2024-03-07 03:12:00,1447,In Transit
SH204099,B101271,RC118,2024-06-01 08:06:00,863,Delivered
SH204100,B102193,RC108,2023-12-27 15:13:00,2879,Delivered
SH204101,B102254,RC102,2023-07-29 13:47:00,2646,Delivered
SH204102,B101886,RC107,2023-02-24 16:53:00,3967,Delivered
SH204103,B101721,RC124,2023-06-07 22:20:00,4561,Delivered
SH204104,B101127,RC123,2023-01-24 23:44:00,1222,Delivered
SH204105,B100958,RC115,2025-03-07 05:08:00,4308,In Transit
SH204106,B102233,RC122,2023-10-21 20:01:00,6752,Delivered
SH204107,B102668,RC114,2023-07-26 23:35:00,2239,Delivered
SH204108,B101165,RC104,2023-03-02 13:25:00,6707,Delayed
SH204109,B102971,RC103,2023-10-28 03:07:00,6621,Delivered
SH204110,B102194,RC117,2025-06-15 21:24:00,1960,Delivered
SH204111,B100815,RC113,2023-09-07 01:35:00,2435,Delivered
SH204112,B100708,RC113,2023-08-25 04:50:00,3939,Delivered
SH204113,B102282,RC105,2023-03-15 04:20:00,1233,Delivered
SH204114,B101901,RC124,2023-09-21 05:08:00,6370,Delivered
SH204115,B100218,RC110,2024-11-29 21:10:00,7237,Delivered
SH204116,B102336,RC107,2025-03-09 05:12:00,4955,Delivered
SH204117,B100306,RC113,2023-07-31 12:09:00,1072,Delivered
SH204118,B101156,RC109,2024-04-04 04:55:00,5163,In Transit
SH204119,B100621,RC100,2024-04-03 15:03:00,1086,Delayed
SH204120,B101601,RC106,2023-05-26 14:57:00,2360,Delivered
SH204121,B101164,RC112,2024-11-09 10:11:00,2028,Delivered
SH204122,B100416,RC104,2024-11-02 18:42:00,1465,Delivered
SH204123,B102452,RC105,2023-08-15 15:59:00,2410,Delivered
SH204124,B100717,RC113,2024-04-06 15:00:00,2679,Delivered
SH204125,B102910,RC106,2023-02-27 20:09:00,6869,Delivered
SH204126,B102439,RC103,2023-09-30 12:02:00,6089,In Transit
SH204127,B100612,RC113,2025-05-19 12:45:00,2330,Delivered
SH204128,B102023,RC124,2024-06-18 10:36:00,7713,Delivered
SH204129,B101966,RC110,2023-05-30 13:55:00,5019,Delivered
SH204130,B102553,RC119,2023-06-14 18:07:00,2059,Delivered
SH204131,B101818,RC122,2023-09-12 03:33:00,1877,Delivered
SH204132,B101278,RC119,2025-01-27 20:38:00,3791,Delivered
SH204133,B101496,RC101,2025-01-16 14:45:00,3064,In Transit
SH204134,B101026,RC101,2025-02-08 01:19:00,661,Delivered
SH204135,B100676,RC101,2024-06-06 16:04:00,5865,Delivered
SH204136,B101833,RC104,2024-03-09 00:08:00,7976,Delivered
SH204137,B101283,RC118,2023-04-26 06:31:00,1766,Delivered
SH204138,B100362,RC107,2023-09-24 08:32:00,5484,Delivered
SH204139,B100210,RC109,2023-08-21 21:43:00,5242,Delivered
SH204140,B100501,RC108,2023-06-22 05:09:00,4508,Delivered
SH204141,B101513,RC119,2024-03-01 14:42:00,4771,Delivered
SH204142,B101708,RC106,2024-07-17 10:53:00,2196,Delivered
SH204143,B102646,RC101,2024-04-11 22:40:00,1173,Delivered
SH204144,B100801,RC101,2024-01-11 07:31:00,6896,Delivered
SH204145,B100678,RC111,2023-12-21 14:05:00,2261,Delivered
SH204146,B102152,RC106,2024-10-31 01:16:00,4905,In Transit
SH204147,B102249,RC122,2024-08-19 16:19:00,7864,Delivered
SH204148,B100523,RC121,2024-07-20 05:27:00,4973,Delivered
SH204149,B102990,RC116,2025-05-15 02:34:00,2188,Delivered
SH204150,B101059,RC120,2023-02-15 21:00:00,1251,Delivered
SH204151,B100032,RC102,2024-05-08 02:10:00,690,In Transit
SH204152,B100108,RC118,2024-07-07 22:42:00,1405,Delivered
SH204153,B102685,RC107,2023-07-28 00:41:00,5004,Delivered
SH204154,B101485,RC104,2023-02-09 01:02:00,2435,Delivered
SH204155,B100534,RC116,2024-06-13 23:26:00,5004,Delivered
SH204156,B101814,RC111,2025-06-05 11:43:00,3972,Delivered
SH204157,B100134,RC118,2024-04-26 06:16:00,1874,Delivered
SH204158,B100870,RC120,2024-05-06 23:07:00,6562,Delivered
SH204159,B102642,RC118,2023-10-13 01:47:00,1086,Delivered
SH204160,B101683,RC113,2024-08-28 19:53:00,2861,Delivered
SH204161,B102355,RC101,2023-03-17 06:05:00,2053,Returned
SH204162,B102258,RC117,2023-06-07 13:46:00,2506,Delivered
SH204163,B100011,RC112,2024-05-21 05:18:00,856,Delivered
SH204164,B102344,RC117,2024-05-07 21:41:00,6089,Delivered
SH204165,B102652,RC100,2024-02-21 05:12:00,2485,Delivered
SH204166,B101440,RC120,2023-08-13 05:34:00,5157,Delivered
SH204167,B101713,RC109,2024-04-16 04:27:00,7624,Delivered
SH204168,B100650,RC120,2023-05-28 12:26:00,1981,Delivered
SH204169,B102755,RC115,2024-01-29 13:22:00,7727,Returned
SH204170,B101341,RC113,2024-08-12 00:46:00,1281,Delivered
SH204171,B102338,RC124,2024-10-12 02:21:00,6722,Delivered
SH204172,B102076,RC110,2024-02-14 22:40:00,7605,Delivered
SH204173,B100711,RC110,2025-06-11 03:58:00,3069,Delivered
SH204174,B100347,RC103,2024-03-09 04:23:00,2808,Delivered
SH204175,B102016,RC116,2024-01-02 20:54:00,1826,Delivered
SH204176,B100749,RC120,2024-08-21 18:06:00,5557,Delivered
SH204177,B100749,RC105,2024-11-26 16:50:00,1359,Returned
SH204178,B102581,RC101,2023-03-17 16:26:00,5006,Delivered
SH204179,B102682,RC100,2024-12-28 06:23:00,7077,Delivered
SH204180,B100282,RC109,2023-08-24 12:34:00,4664,In Transit
SH204181,B102120,RC124,2023-08-28 21:44:00,1312,Delivered
SH204182,B102177,RC111,2023-01-25 06:13:00,2069,Delivered
SH204183,B100488,RC124,2025-02-08 03:18:00,6454,Delivered
SH204184,B101930,RC115,2024-09-05 16:01:00,3319,In Transit
SH204185,B102673,RC110,2023-12-04 01:22:00,4587,Delivered
SH204186,B102988,RC112,2024-03-01 23:13:00,2005,Delivered
SH204187,B102761,RC111,2025-03-21 10:11:00,2959,Delivered
SH204188,B102332,RC116,2025-02-03 00:04:00,3263,Delivered
SH204189,B102571,RC107,2024-01-24 00:12:00,2995,Delivered
SH204190,B101457,RC113,2025-04-29 02:45:00,3618,Delivered
SH204191,B100426,RC106,2023-10-06 13:38:00,1559,Delayed
SH204192,B100309,RC123,2024-02-25 07:24:00,1756,Delivered
SH204193,B102070,RC110,2024-11-02 18:26:00,1809,Delivered
SH204194,B102610,RC104,2024-12-29 00:20:00,713,Delivered
SH204195,B101908,RC102,2025-02-19 14:33:00,2727,Delivered
SH204196,B100038,RC103,2023-11-25 06:08:00,6402,Delayed
SH204197,B100878,RC124,2024-01-14 18:08:00,5130,Delivered
SH204198,B100799,RC120,2025-01-09 11:29:00,2091,Delivered
SH204199,B102488,RC118,2024-07-17 16:52:00,5415,Delivered
SH204200,B100108,RC110,2024-05-12 05:15:00,2207,In Transit
SH204201,B100775,RC100,2023-06-07 19:23:00,4767,Delivered
SH204202,B100059,RC123,2024-05-27 19:12:00,4755,Delivered
SH204203,B101716,RC110,2023-09-29 11:32:00,2184,Delivered
SH204204,B100030,RC123,2023-06-19 08:34:00,4863,Delivered
SH204205,B100581,RC124,2024-11-01 20:40:00,1659,Delivered
SH204206,B102484,RC115,2024-12-05 03:11:00,979,Delivered
SH204207,B100712,RC114,2023-01-14 16:34:00,2346,Delivered
SH204208,B102277,RC111,2023-10-10 12:14:00,2415,Delivered
SH204209,B102179,RC117,2025-02-25 13:35:00,6825,In Transit
SH204210,B100182,RC123,2024-08-18 09:28:00,1933,Delivered
SH204211,B100429,RC101,2024-05-23 19:10:00,7796,Delivered
SH204212,B100520,RC110,2023-10-06 23:24:00,6731,Delivered
SH204213,B100272,RC109,2025-06-05 12:01:00,1613,Delivered
SH204214,B100934,RC106,2023-09-01 22:59:00,2686,Delivered
SH204215,B101096,RC118,2025-05-03 20:18:00,1333,Delivered
SH204216,B100264,RC110,2023-07-02 23:08:00,6558,In Transit
SH204217,B101876,RC101,2025-02-16 05:10:00,3613,Delivered
SH204218,B102863,RC105,2023-11-21 01:33:00,6582,Delivered
SH204219,B100967,RC111,2024-11-04 20:05:00,4882,Delivered
SH204220,B100546,RC106,2024-05-13 07:51:00,4287,Delivered
SH204221,B100164,RC106,2024-01-11 02:37:00,7858,Delivered
SH204222,B101385,RC106,2023-05-28 18:57:00,4674,Delivered
SH204223,B100966,RC117,2023-04-26 23:52:00,1462,Delivered
SH204224,B101736,RC107,2023-03-22 10:12:00,4900,Delivered
SH204225,B100048,RC119,2023-04-03 11:39:00,7284,Delivered
SH204226,B100301,RC112,2023-03-19 02:12:00,7609,Delivered
SH204227,B102384,RC123,2023-02-05 04:39:00,2287,Delivered
SH204228,B102878,RC112,2023-10-11 02:24:00,4771,Delivered
SH204229,B100956,RC108,2024-11-11 01:18:00,1241,Delivered
SH204230,B101241,RC118,2023-11-28 18:49:00,660,Delivered
SH204231,B101331,RC120,2025-05-19 04:07:00,2407,Delivered
SH204232,B102116,RC123,2023-05-09 15:13:00,4491,Delivered
SH204233,B100832,RC114,2024-02-17 01:28:00,6874,Delivered
SH204234,B100790,RC119,2023-02-06 01:35:00,5279,Delivered
SH204235,B100813,RC114,2025-03-31 23:25:00,1592,Delivered
SH204236,B102858,RC123,2023-04-20 08:26:00,836,Delayed
SH204237,B101102,RC105,2024-02-15 03:19:00,940,Delivered
SH204238,B100000,RC101,2023-08-16 00:22:00,7287,Delivered
SH204239,B100781,RC110,2024-03-30 13:24:00,800,Delivered
SH204240,B102479,RC122,2024-12-27 07:27:00,5522,Delivered
SH204241,B101807,RC106,2025-06-08 08:12:00,2268,Delivered
SH204242,B102821,RC122,2025-04-25 16:35:00,4251,Delivered
SH204243,B102923,RC107,2025-02-09 16:26:00,5950,Delivered
SH204244,B101608,RC118,2025-05-31 18:53:00,617,Delivered
SH204245,B101153,RC121,2024-03-01 23:33:00,667,Delivered
SH204246,B102877,RC116,2024-10-04 13:18:00,7328,Delivered
SH204247,B102258,RC117,2023-05-26 09:44:00,536,Delivered
SH204248,B100888,RC107,2024-11-01 21:54:00,3246,Delivered
SH204249,B100497,RC120,2025-05-09 10:22:00,4002,Delivered
SH204250,B100406,RC105,2024-06-23 03:24:00,1358,In Transit
SH204251,B102551,RC100,2024-01-24 04:04:00,4079,Delivered
SH204252,B101452,RC105,2023-07-08 18:07:00,3693,Delivered
SH204253,B101538,RC105,2023-05-12 12:23:00,7841,Delivered
SH204254,B100405,RC119,2025-06-04 13:45:00,945,Delivered
SH204255,B102606,RC106,2024-02-17 04:19:00,4754,Delivered
SH204256,B102123,RC107,2024-08-17 10:27:00,6317,Delivered
SH204257,B102960,RC116,2023-08-17 07:59:00,5124,Delivered
SH204258,B100457,RC122,2024-12-13 09:53:00,1962,Delivered
SH204259,B102407,RC106,2023-08-10 02:35:00,2979,Delivered
SH204260,B100783,RC122,2024-02-10 00:56:00,3243,Delivered
SH204261,B100094,RC106,2025-05-22 02:24:00,6740,Delivered
SH204262,B102197,RC107,2025-04-21 04:59:00,4777,Delivered
SH204263,B100941,RC103,2025-02-09 03:39:00,1627,Delivered
SH204264,B100977,RC122,2025-02-15 01:24:00,2066,Delayed
SH204265,B100560,RC120,2024-10-09 11:47:00,5938,Delivered
SH204266,B100417,RC102,2023-12-20 20:00:00,7120,Delivered
SH204267,B101087,RC115,2024-12-17 12:19:00,4392,Delivered
SH204268,B101850,RC117,2023-05-13 14:58:00,1028,Delivered
SH204269,B100794,RC108,2025-01-21 19:06:00,533,In Transit
SH204270,B102272,RC123,2023-04-27 08:31:00,2930,Delivered
SH204271,B100228,RC104,2023-12-19 00:41:00,1264,Returned
SH204272,B100055,RC102,2024-06-12 23:53:00,1688,Delivered
SH204273,B101413,RC113,2024-08-24 18:51:00,5038,Delivered
SH204274,B102399,RC113,2024-07-19 20:02:00,948,Delivered
SH204275,B102337,RC105,2025-05-24 16:44:00,1784,Delivered
SH204276,B100322,RC113,2024-08-07 00:27:00,5040,Delivered
SH204277,B101142,RC121,2024-04-01 05:47:00,5162,Delivered
SH204278,B101786,RC108,2023-10-30 10:56:00,2994,Delivered
SH204279,B100881,RC111,2024-12-14 04:49:00,6698,Delivered
SH204280,B101012,RC104,2023-06-10 18:40:00,3508,Delayed
SH204281,B100242,RC119,2024-11-07 19:57:00,2135,Delivered
SH204282,B102870,RC108,2024-05-15 08:02:00,2934,In Transit
SH204283,B101221,RC101,2025-01-14 18:05:00,4756,Delivered
SH204284,B101123,RC120,2023-09-20 09:48:00,4657,Delivered
SH204285,B102244,RC109,2024-11-25 15:45:00,6845,Delivered
SH204286,B101440,RC109,2024-05-18 05:34:00,809,Delivered
SH204287,B102475,RC117,2023-04-15 03:37:00,800,Delivered
SH204288,B101180,RC107,2025-04-15 02:37:00,3736,Delivered
SH204289,B101347,RC124,2024-12-15 02:28:00,6576,Delivered
SH204290,B100267,RC108,2024-06-06 03:29:00,523,Delivered
SH204291,B102690,RC107,2025-04-13 03:56:00,7707,Delivered
SH204292,B101687,RC109,2025-02-06 10:43:00,6480,Delivered
SH204293,B102490,RC102,2024-07-02 23:58:00,624,Delayed
SH204294,B100199,RC100,2023-04-09 05:12:00,5506,Delivered
SH204295,B101322,RC115,2025-03-14 21:17:00,4006,Delayed
SH204296,B100482,RC116,2024-03-03 01:37:00,7797,Delivered
SH204297,B101367,RC120,2023-10-29 05:16:00,3110,In Transit
SH204298,B102134,RC111,2025-02-22 09:30:00,2755,Delivered
SH204299,B102337,RC114,2023-10-30 15:21:00,7483,Delivered
SH204300,B102495,RC100,2024-09-19 02:49:00,4039,In Transit
SH204301,B100408,RC121,2024-05-14 13:36:00,816,Delivered
SH204302,B100736,RC114,2025-03-16 02:20:00,2206,Delivered
SH204303,B102399,RC114,2023-05-29 05:04:00,6283,Delivered
SH204304,B101909,RC120,2023-01-14 00:19:00,3189,Delivered
SH204305,B102149,RC108,2023-04-02 09:10:00,7095,Delivered
SH204306,B101028,RC101,2023-12-31 03:51:00,4551,Delivered
SH204307,B102164,RC119,2023-07-24 21:18:00,4543,In Transit
SH204308,B101394,RC116,2024-04-16 08:48:00,3051,Delivered
SH204309,B101424,RC122,2024-10-20 06:25:00,5977,Delivered
SH204310,B100440,RC109,2024-03-02 08:40:00,1155,Delivered
SH204311,B102079,RC121,2025-04-29 13:18:00,3239,Delivered
SH204312,B100106,RC122,2025-02-12 11:11:00,4527,Delayed
SH204313,B101691,RC106,2025-06-16 01:56:00,1549,Delivered
SH204314,B102626,RC123,2024-07-04 02:26:00,3604,Delivered
SH204315,B100009,RC102,2024-12-15 22:03:00,3939,Delivered
SH204316,B101884,RC124,2023-02-09 16:11:00,3873,Delivered
SH204317,B102555,RC112,2023-05-07 12:12:00,5398,Delivered
SH204318,B100656,RC102,2024-12-09 00:32:00,3500,Delivered
SH204319,B102198,RC106,2025-05-01 00:30:00,6654,Delivered
SH204320,B100091,RC124,2023-05-28 22:01:00,2096,Delivered
SH204321,B100377,RC112,2024-04-18 11:40:00,3130,In Transit
SH204322,B100226,RC111,2025-04-15 19:37:00,3790,Delivered
SH204323,B101398,RC103,2023-07-15 12:34:00,2438,Delivered
SH204324,B100170,RC107,2024-04-03 20:15:00,5973,Delivered
SH204325,B100731,RC118,2023-08-08 01:17:00,6629,Delivered
SH204326,B100331,RC122,2023-11-05 13:16:00,6251,Delivered
SH204327,B101016,RC117,2025-05-01 11:57:00,688,Delivered
SH204328,B100147,RC115,2023-06-12 21:34:00,4590,Delayed
SH204329,B101989,RC121,2024-06-26 22:01:00,1781,Delivered
SH204330,B101535,RC109,2025-01-01 16:01:00,5715,Delivered
SH204331,B101123,RC121,2024-04-11 14:10:00,2987,Delivered
SH204332,B100442,RC110,2023-03-15 17:53:00,3053,Returned
SH204333,B100918,RC118,2023-08-18 16:48:00,6077,Delivered
SH204334,B101542,RC120,2023-04-22 02:03:00,6047,Delivered
SH204335,B101661,RC104,2024-04-12 02:36:00,4921,Delivered
SH204336,B100292,RC110,2024-11-19 15:58:00,3987,Delivered
SH204337,B102665,RC106,2024-08-28 12:25:00,5831,Delivered
SH204338,B101140,RC120,2024-10-08 10:59:00,6830,Delivered
SH204339,B100917,RC119,2023-07-17 11:50:00,4368,Delivered
SH204340,B100832,RC107,2024-06-28 21:50:00,1528,In Transit
SH204341,B101973,RC121,2024-02-23 20:09:00,1617,Delivered
SH204342,B102167,RC115,2024-06-05 11:55:00,4406,Delivered
SH204343,B100442,RC120,2025-04-16 09:29:00,4025,Delivered
SH204344,B101478,RC100,2024-08-20 10:40:00,2619,Delivered
SH204345,B102684,RC120,2023-05-17 16:15:00,4094,Delivered
SH204346,B102461,RC102,2024-04-08 01:51:00,1586,Delivered
SH204347,B100428,RC116,2023-10-18 07:50:00,3124,Delivered
SH204348,B101635,RC124,2025-01-16 18:42:00,5663,Delivered
SH204349,B100399,RC107,2023-04-21 19:12:00,4492,Delivered
SH204350,B100178,RC109,2023-10-08 01:22:00,7098,Delivered
SH204351,B101062,RC123,2025-03-26 00:40:00,2335,Delivered
SH204352,B100441,RC103,2024-08-10 11:29:00,694,Delivered
SH204353,B102206,RC113,2024-10-08 10:16:00,1116,Delivered
SH204354,B101551,RC116,2024-10-12 16:02:00,4441,Delivered
SH204355,B102907,RC105,2024-06-07 23:30:00,2537,Delayed
SH204356,B102635,RC105,2024-07-22 14:46:00,7342,Delivered
SH204357,B101340,RC101,2025-04-27 04:02:00,5392,Delivered
SH204358,B102516,RC106,2024-01-13 07:23:00,6824,Delivered
SH204359,B101777,RC114,2023-11-15 21:29:00,2836,Delivered
SH204360,B102057,RC100,2025-03-21 18:27:00,4434,Delivered
SH204361,B100162,RC105,2023-01-04 04:57:00,7861,Delivered
SH204362,B100573,RC113,2025-06-02 00:00:00,2679,Returned
SH204363,B101820,RC101,2023-04-13 17:58:00,1188,Delivered
SH204364,B101177,RC109,2024-05-25 13:05:00,6358,Delivered
SH204365,B100498,RC118,2023-09-29 05:25:00,3414,Delivered
SH204366,B101377,RC106,2023-12-26 20:59:00,7737,Delivered
SH204367,B102891,RC122,2023-02-27 23:56:00,2028,Returned
SH204368,B102717,RC118,2023-06-14 17:51:00,7194,Delivered
SH204369,B102292,RC105,2024-07-14 15:59:00,2640,Delivered
SH204370,B100061,RC117,2024-08-20 00:01:00,6103,Delivered
SH204371,B101350,RC115,2023-08-05 12:01:00,1057,Delivered
SH204372,B102245,RC110,2023-12-31 12:51:00,4403,Delivered
SH204373,B100328,RC101,2025-05-06 05:27:00,4461,Delivered
SH204374,B100990,RC120,2025-03-19 05:48:00,2063,Delivered
SH204375,B101742,RC118,2024-09-24 06:53:00,6957,Delivered
SH204376,B101863,RC116,2025-04-17 19:08:00,7182,Delivered
SH204377,B101851,RC115,2025-03-05 04:21:00,1920,Delivered
SH204378,B100181,RC105,2023-01-29 15:09:00,3844,Delivered
SH204379,B102285,RC104,2023-04-16 23:58:00,3841,Delivered
SH204380,B100361,RC119,2025-02-14 05:31:00,5856,Delivered
SH204381,B100694,RC109,2023-03-29 02:48:00,2474,Delivered
SH204382,B102219,RC115,2025-04-25 17:51:00,2259,Delivered
SH204383,B100469,RC103,2024-11-20 20:46:00,4918,Delivered
SH204384,B102671,RC113,2023-11-10 11:54:00,1636,Delivered
SH204385,B100252,RC108,2024-12-20 16:45:00,6859,Delivered
SH204386,B102102,RC104,2023-08-07 02:21:00,4553,Delivered
SH204387,B102398,RC120,2024-12-28 12:56:00,899,Delivered
SH204388,B100682,RC104,2023-07-07 08:52:00,7000,In Transit
SH204389,B102272,RC124,2025-02-27 06:28:00,3109,Delivered
SH204390,B100910,RC110,2024-05-30 00:44:00,2099,Delivered
SH204391,B101898,RC100,2023-02-21 20:16:00,7904,Delivered
SH204392,B101882,RC123,2024-03-09 11:20:00,5727,Delayed
SH204393,B102039,RC110,2024-06-06 02:34:00,4999,Delivered
SH204394,B101463,RC109,2023-04-04 21:34:00,4991,Delivered
SH204395,B100338,RC113,2023-12-31 01:53:00,4183,Delivered
SH204396,B101256,RC108,2025-04-29 02:03:00,1966,Delivered
SH204397,B100946,RC104,2024-06-16 03:14:00,536,Delivered
SH204398,B100575,RC112,2024-07-26 05:57:00,1096,Delivered
SH204399,B100023,RC109,2025-01-21 09:42:00,2076,Delivered
SH204400,B102990,RC116,2025-01-30 10:03:00,7447,Delivered
SH204401,B101796,RC104,2024-06-09 18:54:00,1358,Delivered
SH204402,B102239,RC123,2024-07-04 10:39:00,1179,Delivered
SH204403,B102106,RC118,2023-10-16 17:46:00,5668,Delivered
SH204404,B101547,RC119,2023-04-21 09:15:00,7617,Delivered
SH204405,B100286,RC106,2024-10-06 08:28:00,4773,Delivered
SH204406,B101047,RC109,2025-02-05 08:51:00,2398,Delivered
SH204407,B100137,RC106,2023-11-13 03:15:00,7052,Delayed
SH204408,B102047,RC105,2023-12-19 21:32:00,597,Delivered
SH204409,B100513,RC100,2024-08-26 00:22:00,1956,Delivered
SH204410,B102111,RC117,2024-01-11 12:41:00,6831,Delayed
SH204411,B100627,RC111,2024-11-10 14:45:00,1121,Delivered
SH204412,B100073,RC113,2023-03-19 22:58:00,2586,In Transit
SH204413,B100839,RC114,2024-11-14 16:42:00,6265,Delivered
SH204414,B100225,RC101,2023-07-26 11:48:00,2189,In Transit
SH204415,B101531,RC103,2023-12-02 21:58:00,3557,Delivered
SH204416,B100814,RC102,2024-04-06 18:23:00,4968,Delivered
SH204417,B100152,RC114,2025-01-24 19:03:00,1271,Delivered
SH204418,B101343,RC110,2023-10-18 20:03:00,1783,Delivered
SH204419,B101090,RC118,2024-12-29 11:23:00,4015,Delivered
SH204420,B101088,RC109,2024-10-24 02:45:00,3457,Delivered
SH204421,B102979,RC101,2024-11-08 00:52:00,5659,In Transit
SH204422,B102706,RC110,2023-04-06 22:24:00,2297,Delivered
SH204423,B101460,RC116,2023-05-17 07:15:00,7604,Delivered
SH204424,B101664,RC120,2024-10-22 10:14:00,6604,Delivered
SH204425,B101618,RC123,2023-03-27 17:02:00,3238,Delivered
SH204426,B101723,RC110,2023-02-14 15:08:00,4726,Delivered
SH204427,B100152,RC112,2024-11-23 08:16:00,2415,Delivered
SH204428,B101095,RC120,2025-05-03 15:47:00,7252,Delivered
SH204429,B102668,RC116,2023-08-07 03:27:00,3349,Delivered
SH204430,B100507,RC121,2024-05-01 06:53:00,6325,Delivered
SH204431,B100937,RC122,2023-10-02 17:39:00,4705,Delivered
SH204432,B101465,RC118,2024-09-02 03:11:00,836,Delivered
SH204433,B100196,RC107,2025-02-12 09:51:00,5676,In Transit
SH204434,B100325,RC107,2023-11-10 10:05:00,3090,In Transit
SH204435,B102787,RC114,2024-08-16 06:59:00,3903,Delivered
SH204436,B102425,RC102,2023-07-24 08:21:00,3967,Delivered
SH204437,B102968,RC117,2024-11-08 13:23:00,5085,Delivered
SH204438,B100487,RC121,2024-07-01 20:24:00,2149,Delivered
SH204439,B101733,RC122,2024-07-18 08:09:00,2485,Delivered
SH204440,B100250,RC119,2023-05-15 08:21:00,7979,Delivered
SH204441,B102548,RC104,2023-01-04 07:36:00,4657,Delivered
SH204442,B100816,RC101,2023-03-29 10:20:00,1935,Delivered
SH204443,B101552,RC122,2024-02-02 07:56:00,1079,Delivered
SH204444,B100118,RC101,2025-05-20 11:18:00,4860,Delivered
SH204445,B101674,RC124,2024-12-21 21:11:00,5816,Delivered
SH204446,B102170,RC115,2024-01-26 19:00:00,3005,In Transit
SH204447,B102841,RC116,2025-01-07 18:30:00,5308,Delivered
SH204448,B100197,RC122,2025-02-14 12:28:00,2017,Delivered
SH204449,B100477,RC101,2023-02-09 08:15:00,1877,Delivered
SH204450,B100804,RC120,2023-12-25 00:37:00,1804,Delivered
SH204451,B100186,RC111,2025-05-30 19:45:00,4883,Delivered
SH204452,B100089,RC105,2025-01-29 11:45:00,7641,Delivered
SH204453,B100052,RC103,2024-03-07 01:06:00,1771,In Transit
SH204454,B102220,RC109,2023-04-30 19:59:00,1836,Delivered
SH204455,B102785,RC121,2024-12-20 19:25:00,5206,Delivered
SH204456,B100935,RC109,2023-12-13 22:02:00,5581,Delivered
SH204457,B101979,RC103,2023-10-13 19:00:00,5201,Delivered
SH204458,B101908,RC104,2023-10-06 00:32:00,6153,Delivered
SH204459,B100709,RC115,2023-10-18 21:19:00,4724,Delivered
SH204460,B101431,RC103,2025-03-12 19:27:00,7323,Delivered
SH204461,B101253,RC121,2025-01-26 11:42:00,6240,Delivered
SH204462,B101039,RC104,2023-09-15 19:25:00,7600,Delivered
SH204463,B100578,RC112,2024-06-22 06:24:00,6165,In Transit
SH204464,B100805,RC110,2025-01-14 16:36:00,3877,Delivered
SH204465,B101080,RC108,2023-03-31 23:46:00,7301,In Transit
SH204466,B102408,RC106,2024-07-28 04:01:00,2485,Delivered
SH204467,B100283,RC118,2023-02-25 07:07:00,6001,Delivered
SH204468,B101260,RC116,2024-07-24 23:47:00,3696,Delivered
SH204469,B101138,RC102,2024-03-10 07:22:00,6856,Delivered
SH204470,B101960,RC112,2023-06-05 14:23:00,5784,Delivered
SH204471,B101785,RC105,2024-05-14 18:47:00,5766,In Transit
SH204472,B100135,RC121,2025-03-18 03:02:00,2157,Delivered
SH204473,B102682,RC118,2023-10-25 02:17:00,3768,Delayed
SH204474,B101427,RC108,2023-08-07 10:30:00,3692,Delivered
SH204475,B102556,RC122,2023-03-28 01:51:00,1430,In Transit
SH204476,B101429,RC124,2024-06-20 13:14:00,4717,In Transit
SH204477,B100041,RC112,2023-01-24 14:03:00,7519,Returned
SH204478,B100418,RC104,2025-06-10 12:52:00,1261,Delivered
SH204479,B102291,RC113,2025-02-12 14:32:00,783,In Transit
SH204480,B101661,RC115,2024-04-24 12:39:00,4432,Delivered
SH204481,B102208,RC114,2023-01-24 12:49:00,5957,Delivered
SH204482,B102351,RC101,2025-04-07 03:04:00,1520,Delivered
SH204483,B100497,RC106,2024-05-24 16:22:00,7167,Delivered
SH204484,B100277,RC101,2025-01-14 04:27:00,6007,In Transit
SH204485,B101459,RC103,2023-06-27 09:03:00,2544,Delivered
SH204486,B101442,RC108,2025-03-01 06:36:00,3924,Delivered
SH204487,B102372,RC113,2023-08-18 22:35:00,1406,Delivered
SH204488,B102232,RC118,2025-04-08 10:33:00,889,Delivered
SH204489,B100489,RC109,2025-03-27 15:33:00,4324,Delivered
SH204490,B102307,RC122,2025-03-05 11:47:00,4951,Delivered
SH204491,B102340,RC121,2024-09-03 06:29:00,2099,Delivered
SH204492,B100968,RC114,2024-05-02 20:48:00,3927,Delivered
SH204493,B102906,RC112,2024-11-24 17:52:00,1194,Delivered
SH204494,B101889,RC111,2023-01-27 03:00:00,3833,In Transit
SH204495,B100665,RC104,2024-05-26 16:06:00,2206,Returned
SH204496,B102841,RC102,2023-11-30 11:59:00,4413,Delivered
SH204497,B101095,RC109,2024-03-31 05:51:00,7517,Delivered
SH204498,B102853,RC108,2023-01-31 21:36:00,5366,Delivered
SH204499,B100889,RC120,2025-03-21 03:36:00,6415,In Transit
SH204500,B101898,RC121,2024-04-22 05:17:00,3233,Delivered
SH204501,B101701,RC109,2024-06-14 17:30:00,2069,Delivered
SH204502,B102307,RC100,2024-02-15 16:23:00,4427,Delivered
SH204503,B101254,RC115,2023-08-14 02:26:00,3207,Delivered
SH204504,B102632,RC101,2023-06-07 03:14:00,7484,Delivered
SH204505,B100855,RC117,2023-01-29 14:40:00,4147,In Transit
SH204506,B101958,RC122,2025-01-22 16:34:00,6544,Delivered
SH204507,B100517,RC109,2023-11-27 00:53:00,697,Delivered
SH204508,B100957,RC121,2024-01-01 07:26:00,3473,Delivered
SH204509,B101967,RC117,2024-06-02 09:32:00,7893,Delivered
SH204510,B101731,RC101,2025-02-08 11:13:00,6126,Delivered
SH204511,B102115,RC104,2024-02-18 01:34:00,7178,Delivered
SH204512,B102804,RC119,2023-12-19 20:51:00,1353,Delivered
SH204513,B100265,RC112,2024-08-17 06:33:00,6891,Delivered
SH204514,B100028,RC118,2023-06-06 17:00:00,1524,Delivered
SH204515,B102113,RC102,2024-08-14 01:58:00,4911,Delivered
SH204516,B101743,RC112,2024-02-19 09:46:00,1969,Delivered
SH204517,B100476,RC109,2023-12-13 01:27:00,7786,Delivered
SH204518,B100929,RC102,2025-03-06 13:47:00,5857,Delivered
SH204519,B101498,RC103,2024-01-07 20:32:00,7931,Delivered
SH204520,B100624,RC116,2024-06-08 09:11:00,4174,Delivered
SH204521,B101359,RC101,2025-03-23 20:58:00,978,Delivered
SH204522,B102377,RC114,2024-05-13 00:47:00,7875,Delivered
SH204523,B100551,RC118,2024-01-30 03:17:00,5698,Delivered
SH204524,B101086,RC119,2024-08-11 02:41:00,6577,Delivered
SH204525,B102916,RC119,2024-09-22 21:30:00,1919,Delivered
SH204526,B102605,RC114,2025-03-20 14:15:00,4243,Delivered
SH204527,B102710,RC113,2023-09-27 06:09:00,5193,Delivered
SH204528,B102866,RC111,2024-06-14 00:25:00,5125,Delayed
SH204529,B102293,RC105,2023-02-13 13:49:00,4557,Delivered
SH204530,B102904,RC113,2023-10-29 00:40:00,6154,Delivered
SH204531,B100350,RC116,2024-07-05 00:32:00,3396,Delivered
SH204532,B102180,RC113,2025-02-21 03:44:00,588,Delivered
SH204533,B100048,RC104,2024-05-14 19:25:00,3266,Delivered
SH204534,B100176,RC119,2023-06-19 17:02:00,5886,Delivered
SH204535,B102007,RC122,2023-10-09 18:53:00,1725,Delivered
SH204536,B100227,RC118,2024-05-16 15:16:00,4646,Delivered
SH204537,B102886,RC120,2024-05-13 03:19:00,7029,In Transit
SH204538,B100500,RC105,2023-08-19 02:20:00,1327,Delivered
SH204539,B101195,RC100,2024-05-17 21:53:00,7660,Delivered
SH204540,B101750,RC100,2023-12-20 04:34:00,6155,Delivered
SH204541,B101762,RC113,2024-01-27 22:26:00,6596,Delivered
SH204542,B102387,RC105,2023-11-30 16:19:00,3394,In Transit
SH204543,B100496,RC116,2025-02-25 15:59:00,5809,Delivered
SH204544,B101833,RC111,2024-02-11 01:07:00,7868,Delayed
SH204545,B102395,RC120,2024-06-01 04:41:00,1563,Delivered
SH204546,B102072,RC118,2024-12-06 22:50:00,761,Delivered
SH204547,B102628,RC105,2025-01-23 16:45:00,6465,Delivered
SH204548,B101362,RC104,2023-12-30 14:34:00,3408,Delivered
SH204549,B102432,RC105,2023-01-08 04:07:00,1542,Delivered
SH204550,B101566,RC107,2023-06-22 03:10:00,5191,Delivered
SH204551,B101328,RC114,2024-06-13 19:13:00,7620,Delayed
SH204552,B100975,RC101,2023-08-15 02:56:00,4276,Delivered
SH204553,B100318,RC110,2024-08-30 22:20:00,7188,Delivered
SH204554,B102436,RC113,2024-11-16 20:18:00,6860,Delivered
SH204555,B101054,RC115,2024-07-30 16:53:00,4274,Delivered
SH204556,B102844,RC124,2023-02-09 20:46:00,4717,Delivered
SH204557,B102597,RC105,2024-11-02 01:51:00,6108,Delivered
SH204558,B102194,RC113,2023-08-03 16:43:00,2722,Delivered
SH204559,B100079,RC115,2025-01-28 16:53:00,5037,Delivered
SH204560,B102664,RC120,2025-02-24 02:10:00,2362,Delivered
SH204561,B100203,RC110,2024-09-21 03:34:00,5137,Delivered
SH204562,B102620,RC108,2024-09-08 14:00:00,7058,Delivered
SH204563,B102018,RC109,2024-03-18 17:58:00,4510,Delivered
SH204564,B101612,RC120,2023-10-23 00:07:00,926,Delayed
SH204565,B100604,RC112,2024-08-18 21:30:00,7744,Delivered
SH204566,B101562,RC109,2023-07-30 14:37:00,6877,Delivered
SH204567,B102912,RC122,2024-12-10 03:18:00,6427,Delayed
SH204568,B101347,RC105,2023-07-04 17:54:00,7054,Delivered
SH204569,B101908,RC112,2024-09-16 06:35:00,1368,Delivered
SH204570,B102600,RC109,2023-02-25 09:33:00,5704,Delivered
SH204571,B101114,RC100,2025-02-23 14:11:00,1251,Delivered
SH204572,B101190,RC117,2024-06-10 17:29:00,6676,Delivered
SH204573,B100380,RC106,2024-11-29 22:50:00,7890,Delivered
SH204574,B100243,RC108,2025-06-06 20:28:00,4334,Delivered
SH204575,B102968,RC108,2023-12-06 10:11:00,4903,Delivered
SH204576,B101169,RC106,2025-02-14 06:10:00,2563,Delivered
SH204577,B102841,RC106,2024-10-13 18:36:00,5976,Delivered
SH204578,B100775,RC119,2023-12-28 03:41:00,7958,Delivered
SH204579,B101005,RC110,2023-03-09 18:24:00,4087,Delivered
SH204580,B102679,RC107,2023-10-26 23:56:00,7347,Delivered
SH204581,B101344,RC113,2024-11-14 01:35:00,2865,Delivered
SH204582,B101750,RC118,2023-06-07 02:02:00,7113,Delayed
SH204583,B100475,RC120,2025-03-06 16:17:00,7410,Delivered
SH204584,B100930,RC112,2024-11-16 04:48:00,5490,Delivered
SH204585,B102359,RC105,2024-11-18 11:19:00,6478,Delivered
SH204586,B100151,RC109,2025-01-11 15:34:00,720,Delivered
SH204587,B102241,RC123,2024-11-16 19:14:00,5005,Delivered
SH204588,B102872,RC119,2024-02-21 18:04:00,2732,Delayed
SH204589,B102118,RC114,2023-12-08 21:23:00,2536,In Transit
SH204590,B101829,RC105,2024-08-06 10:20:00,6931,Delivered
SH204591,B102146,RC123,2024-12-02 08:58:00,7879,Delivered
SH204592,B102443,RC122,2023-11-26 13:37:00,5047,Delivered
SH204593,B100984,RC114,2024-05-21 22:20:00,4141,Delivered
SH204594,B100145,RC105,2024-06-24 10:38:00,975,In Transit
SH204595,B102054,RC104,2024-04-05 07:56:00,5606,Delivered
SH204596,B102371,RC110,2023-07-09 07:16:00,1050,Delivered
SH204597,B101595,RC115,2024-09-18 14:22:00,6580,Delivered
SH204598,B100627,RC114,2023-11-29 02:42:00,7844,Delivered
SH204599,B102095,RC123,2024-03-06 14:00:00,2735,Delivered
SH204600,B100904,RC104,2023-11-05 08:37:00,3960,Delivered
SH204601,B102099,RC109,2024-01-01 13:40:00,3780,Delivered
SH204602,B102173,RC124,2025-05-27 02:13:00,1188,Delivered
SH204603,B102143,RC100,2023-07-10 20:59:00,7562,Delivered
SH204604,B100008,RC107,2024-08-06 23:09:00,6815,Delivered
SH204605,B100200,RC104,2024-12-25 01:02:00,598,Delivered
SH204606,B102730,RC122,2023-12-19 18:14:00,7535,Delivered
SH204607,B102632,RC107,2025-03-30 04:12:00,6572,Delivered
SH204608,B100209,RC119,2023-09-23 18:30:00,1739,Delivered
SH204609,B101775,RC102,2025-01-26 20:01:00,698,Delivered
SH204610,B102453,RC119,2024-01-18 08:54:00,3639,In Transit
SH204611,B101724,RC107,2023-05-14 09:46:00,4143,Delivered
SH204612,B100951,RC104,2024-02-04 16:38:00,3830,Delivered
SH204613,B102830,RC110,2023-10-10 00:58:00,1596,Delivered
SH204614,B100359,RC113,2023-12-26 13:13:00,6888,In Transit
SH204615,B101822,RC110,2023-08-09 09:01:00,576,Delivered
SH204616,B101980,RC119,2024-04-03 07:03:00,1845,Delivered
SH204617,B102631,RC122,2024-06-05 15:00:00,6523,Delivered
SH204618,B100113,RC109,2024-08-17 23:52:00,5341,Delivered
SH204619,B102794,RC110,2025-04-04 06:17:00,5783,Delivered
SH204620,B100059,RC114,2023-04-17 07:43:00,5037,Delivered
SH204621,B102232,RC115,2024-02-13 20:00:00,3055,Delivered
SH204622,B101304,RC100,2023-07-30 19:30:00,3895,Delivered
SH204623,B101311,RC112,2024-01-06 16:10:00,6072,Delivered
SH204624,B101224,RC107,2023-08-18 09:08:00,5353,Delivered
SH204625,B100869,RC100,2023-05-30 15:03:00,5475,Delayed
SH204626,B102388,RC116,2023-02-15 19:04:00,6395,Delivered
SH204627,B100151,RC115,2025-03-26 18:32:00,3882,Delivered
SH204628,B101430,RC108,2023-05-18 06:58:00,5541,Delivered
SH204629,B102874,RC124,2024-03-06 09:43:00,7495,Delivered
SH204630,B102099,RC124,2023-10-02 03:35:00,7645,Delivered
SH204631,B100436,RC102,2024-05-19 06:33:00,2903,Delivered
SH204632,B100840,RC111,2024-06-25 08:38:00,2844,Delivered
SH204633,B101614,RC107,2024-04-19 04:58:00,6172,In Transit
SH204634,B101647,RC123,2024-10-16 13:17:00,7156,Delivered
SH204635,B100060,RC106,2025-03-14 14:03:00,3513,Delivered
SH204636,B100440,RC115,2025-04-12 01:28:00,6416,Delivered
SH204637,B102653,RC100,2023-11-06 07:11:00,7262,Delivered
SH204638,B101248,RC100,2025-01-01 10:11:00,3766,Delayed
SH204639,B102884,RC118,2023-09-11 08:22:00,5750,Delivered
SH204640,B100413,RC110,2023-07-19 09:59:00,691,Delivered
SH204641,B101326,RC102,2023-09-27 15:16:00,7734,Delivered
SH204642,B100155,RC110,2025-01-14 10:23:00,2156,Delivered
SH204643,B100712,RC106,2024-02-02 21:24:00,1958,Delivered
SH204644,B102751,RC103,2024-12-06 02:07:00,5035,Delayed
SH204645,B100511,RC116,2025-03-24 16:09:00,3728,Delivered
SH204646,B100712,RC109,2023-06-09 12:19:00,6009,Delivered
SH204647,B101080,RC102,2025-03-05 21:42:00,6097,Delivered
SH204648,B102889,RC111,2023-10-09 07:39:00,1009,Delivered
SH204649,B100990,RC101,2024-02-13 00:39:00,7616,Delivered
SH204650,B102829,RC122,2023-08-31 10:43:00,7235,Delivered
SH204651,B100897,RC105,2023-03-07 14:14:00,4055,Delivered
SH204652,B102341,RC111,2025-03-18 02:54:00,4375,Delivered
SH204653,B101269,RC102,2025-02-22 17:49:00,1453,In Transit
SH204654,B100800,RC106,2024-01-05 02:25:00,6580,Delivered
SH204655,B101807,RC124,2024-04-30 06:27:00,5359,Delayed
SH204656,B102154,RC120,2024-08-05 22:49:00,6520,Delivered
SH204657,B100883,RC109,2024-10-05 21:54:00,886,Delivered
SH204658,B100128,RC100,2023-12-12 22:51:00,6241,Delivered
SH204659,B102295,RC124,2023-02-27 22:20:00,6660,Delivered
SH204660,B101637,RC102,2025-01-01 18:26:00,6045,Delivered
SH204661,B102301,RC116,2024-05-05 07:44:00,3523,Delivered
SH204662,B102307,RC116,2023-03-30 08:38:00,4310,Delivered
SH204663,B101574,RC110,2023-12-28 18:02:00,4221,Delivered
SH204664,B101396,RC112,2023-06-28 08:33:00,6443,Delivered
SH204665,B100149,RC119,2025-03-14 16:44:00,5209,Delivered
SH204666,B101709,RC111,2024-05-22 09:44:00,3655,In Transit
SH204667,B100603,RC105,2023-02-27 10:48:00,5253,Delivered
SH204668,B100421,RC106,2025-02-28 10:24:00,4978,Delayed
SH204669,B100899,RC112,2024-02-21 13:03:00,4899,Delivered
SH204670,B102858,RC115,2023-10-04 18:20:00,6982,Delivered
SH204671,B102349,RC117,2024-01-22 11:12:00,4265,Delivered
SH204672,B101400,RC116,2024-04-01 01:29:00,2889,Delivered
SH204673,B101630,RC115,2024-07-07 16:12:00,6285,Delivered
SH204674,B101733,RC101,2023-02-28 19:05:00,5409,Delivered
SH204675,B101005,RC103,2024-03-03 20:18:00,6022,Delivered
SH204676,B101943,RC120,2024-10-14 23:55:00,7704,Delivered
SH204677,B100168,RC120,2024-09-11 05:44:00,7177,Returned
SH204678,B100863,RC105,2023-11-19 02:40:00,2706,Delivered
SH204679,B100949,RC111,2024-02-14 20:22:00,4319,Delivered
SH204680,B100340,RC120,2025-03-26 09:42:00,754,Delivered
SH204681,B100560,RC105,2023-03-01 16:45:00,3557,Delivered
SH204682,B100327,RC110,2024-04-22 17:41:00,3939,Delivered
SH204683,B102918,RC122,2025-05-13 11:51:00,5147,Delivered
SH204684,B102150,RC105,2025-04-23 11:13:00,4447,In Transit
SH204685,B100074,RC111,2023-03-25 01:40:00,2569,Delivered
SH204686,B101097,RC101,2024-10-09 08:04:00,6160,Delivered
SH204687,B101340,RC119,2024-09-15 01:27:00,2631,Delivered
SH204688,B102980,RC103,2024-10-09 12:53:00,7662,Delivered
SH204689,B102526,RC116,2024-09-14 09:36:00,1889,Delivered
SH204690,B100271,RC118,2023-08-23 22:38:00,3660,Delivered
SH204691,B102549,RC115,2025-01-17 15:57:00,1383,Delivered
SH204692,B101113,RC102,2024-01-06 14:22:00,5709,Delivered
SH204693,B102371,RC103,2023-01-01 23:51:00,2938,Delivered
SH204694,B102395,RC102,2024-03-31 16:41:00,6807,In Transit
SH204695,B101344,RC122,2023-10-10 15:17:00,5469,Delivered
SH204696,B102179,RC102,2024-04-04 06:19:00,1029,Delivered
SH204697,B102734,RC124,2023-05-14 07:39:00,4515,Delivered
SH204698,B100177,RC100,2024-05-19 23:37:00,7188,Delivered
SH204699,B100182,RC118,2024-03-22 05:48:00,6364,Delivered
SH204700,B102883,RC122,2023-06-27 02:55:00,4003,Delivered
SH204701,B101001,RC123,2023-07-12 02:59:00,5518,Delivered
SH204702,B102152,RC120,2025-03-14 08:18:00,2333,Delivered
SH204703,B101658,RC116,2024-02-20 00:12:00,6434,Delivered
SH204704,B101189,RC101,2023-07-20 05:30:00,4973,Delivered
SH204705,B102667,RC110,2024-07-05 20:09:00,6962,Delivered
SH204706,B100604,RC111,2023-11-16 12:36:00,5881,Delivered
SH204707,B101532,RC103,2023-11-22 12:08:00,4437,In Transit
SH204708,B101259,RC108,2023-10-07 05:58:00,4000,Delivered
SH204709,B102770,RC105,2024-01-14 19:42:00,2767,Delivered
SH204710,B102799,RC118,2025-02-08 02:23:00,4263,Delivered
SH204711,B101206,RC123,2024-11-28 22:49:00,6613,Delivered
SH204712,B100208,RC124,2023-09-10 09:18:00,3014,Delivered
SH204713,B101974,RC105,2024-12-18 12:25:00,2009,Delivered
SH204714,B101227,RC103,2023-06-18 20:23:00,2341,Delivered
SH204715,B102220,RC109,2023-02-07 07:15:00,6897,In Transit
SH204716,B100461,RC119,2024-04-02 23:15:00,2902,Returned
SH204717,B100835,RC120,2024-04-07 18:05:00,5375,Delivered
SH204718,B101753,RC100,2025-02-23 16:54:00,636,Delivered
SH204719,B101239,RC108,2023-12-03 14:20:00,2198,Delivered
SH204720,B101875,RC114,2025-04-21 22:32:00,6536,Delivered
SH204721,B100937,RC115,2024-07-05 01:18:00,2616,Delivered
SH204722,B102906,RC114,2025-04-29 11:03:00,4795,Delivered
SH204723,B102059,RC100,2023-04-22 03:52:00,855,Delivered
SH204724,B101590,RC118,2024-12-11 06:44:00,7227,In Transit
SH204725,B100952,RC117,2024-05-01 23:12:00,6908,Delivered
SH204726,B102237,RC103,2024-10-07 23:38:00,3457,Delivered
SH204727,B102076,RC115,2024-03-14 22:06:00,5050,Delivered
SH204728,B101136,RC123,2023-07-20 10:57:00,7728,Delivered
SH204729,B100266,RC114,2023-04-17 11:32:00,4778,Delivered
SH204730,B100926,RC103,2024-03-20 14:01:00,3383,Delivered
SH204731,B100741,RC100,2023-03-04 16:52:00,3574,Delivered
SH204732,B100524,RC108,2025-01-02 12:21:00,562,Delivered
SH204733,B102791,RC109,2024-02-28 06:46:00,3644,Delivered
SH204734,B102085,RC117,2023-11-25 23:12:00,2162,Delivered
SH204735,B102976,RC122,2024-06-05 18:10:00,1660,Delivered
SH204736,B102974,RC114,2023-05-27 23:40:00,1424,Delivered
SH204737,B100218,RC117,2025-01-18 11:09:00,832,Delivered
SH204738,B102795,RC105,2024-04-29 10:55:00,729,Delivered
SH204739,B101020,RC102,2023-02-14 03:44:00,6296,Delivered
SH204740,B101447,RC105,2024-10-08 08:33:00,4661,Delayed
SH204741,B100709,RC103,2025-04-20 00:43:00,1382,Delivered
SH204742,B102339,RC111,2024-09-05 16:07:00,4111,Delivered
SH204743,B100205,RC120,2024-11-03 01:00:00,3485,Delivered
SH204744,B101177,RC122,2025-04-07 03:24:00,7623,Delivered
SH204745,B102959,RC106,2023-02-24 09:31:00,7148,Delivered
SH204746,B100565,RC106,2023-01-31 02:42:00,7137,Delivered
SH204747,B101863,RC107,2025-05-25 21:54:00,5824,Delivered
SH204748,B102666,RC106,2023-10-22 01:38:00,7845,Delayed
SH204749,B100231,RC114,2025-03-21 09:35:00,5888,In Transit
SH204750,B100670,RC114,2023-01-25 11:59:00,6443,Delivered
SH204751,B101321,RC115,2024-03-11 15:04:00,4463,Delivered
SH204752,B101734,RC105,2023-12-05 16:16:00,7497,In Transit
SH204753,B102142,RC101,2023-11-22 18:06:00,633,Delivered
SH204754,B100452,RC109,2025-03-23 14:34:00,7531,In Transit
SH204755,B100169,RC100,2024-10-12 11:18:00,5255,Returned
SH204756,B101753,RC117,2024-06-12 02:46:00,1695,Delivered
SH204757,B102412,RC116,2023-01-22 02:15:00,1384,Delivered
SH204758,B100030,RC115,2024-03-23 10:40:00,7309,Delivered
SH204759,B102186,RC116,2023-06-06 23:36:00,6239,Delivered
SH204760,B100942,RC105,2024-01-11 14:40:00,726,Delivered
SH204761,B100184,RC103,2023-11-13 15:58:00,2786,Delivered
SH204762,B100926,RC115,2024-04-20 05:50:00,4898,Delayed
SH204763,B101302,RC105,2025-04-12 09:21:00,7152,Delivered
SH204764,B100226,RC108,2024-03-18 05:56:00,6905,Delivered
SH204765,B102547,RC118,2024-07-06 16:05:00,2560,Delivered
SH204766,B100675,RC101,2023-03-11 22:19:00,678,Delivered
SH204767,B102003,RC115,2023-07-25 14:24:00,3951,Delivered
SH204768,B100642,RC112,2023-08-22 02:52:00,7497,Delivered
SH204769,B100902,RC103,2023-04-28 04:30:00,7872,Delivered
SH204770,B102661,RC101,2025-01-19 11:40:00,3271,Delivered
SH204771,B101811,RC118,2024-10-24 11:52:00,7566,Delivered
SH204772,B102804,RC116,2024-06-19 20:13:00,7973,Delivered
SH204773,B102684,RC100,2023-10-15 20:22:00,3689,Delivered
SH204774,B101008,RC124,2025-03-15 00:42:00,5050,Delivered
SH204775,B101469,RC119,2024-09-17 14:32:00,6802,Delivered
SH204776,B100516,RC100,2024-01-18 14:04:00,5949,Delivered
SH204777,B101031,RC112,2025-06-15 18:09:00,1319,Delivered
SH204778,B101483,RC106,2024-07-27 02:45:00,1969,Delivered
SH204779,B100453,RC108,2023-01-17 16:11:00,4170,Delivered
SH204780,B101193,RC104,2025-02-24 07:46:00,3953,Delivered
SH204781,B101722,RC120,2025-04-17 11:25:00,4529,In Transit
SH204782,B100747,RC113,2023-01-24 01:18:00,5058,Delivered
SH204783,B100247,RC100,2024-03-03 07:59:00,2232,Delivered
SH204784,B102129,RC107,2024-09-28 08:02:00,2884,Delayed
SH204785,B101731,RC104,2025-06-03 20:34:00,5006,In Transit
SH204786,B101165,RC107,2024-01-01 18:19:00,841,In Transit
SH204787,B100872,RC100,2024-10-28 18:41:00,6723,Delivered
SH204788,B102634,RC112,2024-01-23 11:40:00,6489,Delivered
SH204789,B101913,RC101,2024-09-13 23:24:00,4269,Delivered
SH204790,B101568,RC101,2025-01-26 18:46:00,1165,Delivered
SH204791,B100779,RC122,2023-03-23 22:19:00,5974,Delivered
SH204792,B101612,RC111,2024-09-02 04:05:00,5703,Delivered
SH204793,B100766,RC102,2023-07-17 16:17:00,533,Delivered
SH204794,B102643,RC114,2025-05-02 11:40:00,4420,Delivered
SH204795,B101077,RC117,2024-05-17 14:37:00,4031,Delivered
SH204796,B102880,RC102,2024-02-10 04:51:00,2644,In Transit
SH204797,B101746,RC120,2025-05-16 13:01:00,4074,Delivered
SH204798,B100743,RC111,2023-11-17 02:09:00,1356,In Transit
SH204799,B101622,RC115,2024-10-28 01:21:00,1086,Delivered
SH204800,B101826,RC112,2023-10-14 08:20:00,4286,Delivered
SH204801,B101244,RC121,2024-09-17 01:49:00,4833,Delivered
SH204802,B102223,RC117,2024-01-05 20:18:00,7902,Delivered
SH204803,B100315,RC107,2025-01-23 18:21:00,4807,Delivered
SH204804,B102664,RC103,2024-08-02 01:57:00,5501,Delivered
SH204805,B102827,RC106,2024-04-28 17:09:00,3349,Delivered
SH204806,B101439,RC103,2024-09-15 16:09:00,3269,Delivered
SH204807,B101873,RC115,2024-05-03 13:38:00,5212,Delivered
SH204808,B100801,RC114,2024-08-16 17:00:00,5450,Delivered
SH204809,B101308,RC119,2024-09-11 02:38:00,6335,In Transit
SH204810,B102493,RC117,2023-09-11 12:14:00,2813,Delivered
SH204811,B100153,RC120,2024-08-07 19:42:00,6792,Delivered
SH204812,B102276,RC115,2024-11-12 11:53:00,3351,Delivered
SH204813,B101018,RC106,2024-07-06 23:36:00,6740,Delivered
SH204814,B100359,RC107,2023-09-28 00:05:00,5000,Delivered
SH204815,B101640,RC114,2023-05-02 16:34:00,2670,Delivered
SH204816,B101893,RC114,2024-09-07 06:46:00,3341,Delivered
SH204817,B100836,RC114,2024-10-19 19:31:00,1165,Delivered
SH204818,B102837,RC118,2023-01-13 01:58:00,3904,Delivered
SH204819,B100814,RC108,2024-12-16 20:23:00,3887,Delivered
SH204820,B101284,RC113,2023-03-02 03:50:00,6548,Delivered
SH204821,B100462,RC107,2024-09-22 22:38:00,616,Delivered
SH204822,B101538,RC119,2025-05-11 14:51:00,7938,Delivered
SH204823,B100309,RC104,2023-08-08 16:45:00,1602,Delivered
SH204824,B102872,RC123,2024-01-01 00:31:00,4646,In Transit
SH204825,B102090,RC109,2024-05-04 11:09:00,4843,Delivered
SH204826,B102358,RC115,2024-08-08 05:36:00,3971,Delivered
SH204827,B100754,RC116,2024-02-17 19:16:00,955,Delivered
SH204828,B101454,RC108,2023-05-06 19:16:00,5803,Delivered
SH204829,B102085,RC101,2024-01-16 12:28:00,4637,In Transit
SH204830,B102323,RC123,2024-12-04 20:26:00,4467,Delivered
SH204831,B101760,RC104,2025-05-10 12:01:00,6158,Delivered
SH204832,B100055,RC103,2024-09-24 06:58:00,6664,Delivered
SH204833,B100034,RC120,2024-02-06 12:13:00,1311,Delivered
SH204834,B102004,RC112,2023-08-04 23:43:00,6127,Delivered
SH204835,B102124,RC103,2025-04-08 09:30:00,6108,Returned
SH204836,B101200,RC116,2023-04-10 07:49:00,5953,Delivered
SH204837,B101598,RC118,2025-05-22 07:52:00,6572,Delivered
SH204838,B102827,RC101,2024-08-01 00:58:00,1458,Delivered
SH204839,B100741,RC118,2024-04-23 17:27:00,6144,Delivered
SH204840,B101243,RC123,2024-02-03 02:56:00,6352,Delivered
SH204841,B101281,RC123,2025-03-19 19:29:00,2729,In Transit
SH204842,B102674,RC108,2024-09-06 10:16:00,4798,Delayed
SH204843,B101283,RC115,2023-02-27 16:48:00,586,Delivered
SH204844,B102537,RC113,2023-08-11 19:03:00,5259,Returned
SH204845,B100970,RC124,2024-03-11 11:52:00,1560,Delivered
SH204846,B101871,RC124,2024-08-02 02:44:00,4097,Delivered
SH204847,B102599,RC109,2025-02-05 12:01:00,7204,Delivered
SH204848,B100345,RC110,2024-04-04 23:32:00,701,Delivered
SH204849,B102042,RC112,2024-12-13 08:44:00,4996,In Transit
SH204850,B100313,RC104,2024-03-11 01:50:00,5409,Delivered
SH204851,B101781,RC123,2024-08-18 08:51:00,1279,Delayed
SH204852,B100908,RC110,2024-10-30 12:11:00,5715,Delivered
SH204853,B102447,RC124,2024-08-15 12:08:00,7845,Delivered
SH204854,B100263,RC113,2024-01-29 00:45:00,3847,In Transit
SH204855,B101446,RC119,2025-05-12 18:00:00,7297,Delayed
SH204856,B101669,RC111,2023-07-15 06:41:00,3840,In Transit
SH204857,B100679,RC121,2023-11-14 10:22:00,1118,Delivered
SH204858,B102633,RC106,2024-06-18 07:19:00,3678,Delivered
SH204859,B102998,RC109,2025-03-26 17:43:00,4324,Delayed
SH204860,B100943,RC119,2025-02-16 16:20:00,2509,Delivered
SH204861,B101197,RC118,2025-05-04 21:52:00,5540,Delivered
SH204862,B100239,RC111,2023-12-20 05:09:00,4327,In Transit
SH204863,B101127,RC119,2024-02-23 23:54:00,6566,Delivered
SH204864,B101043,RC100,2024-05-09 17:34:00,2013,Delivered
SH204865,B100363,RC106,2024-10-29 18:17:00,2090,In Transit
SH204866,B101304,RC124,2025-06-10 04:46:00,6993,Delivered
SH204867,B101375,RC103,2023-05-16 15:32:00,4493,Delivered
SH204868,B101428,RC116,2024-07-17 15:06:00,1421,Delivered
SH204869,B101146,RC109,2023-12-02 17:55:00,6819,Delivered
SH204870,B100325,RC105,2023-06-03 00:30:00,5186,Delivered
SH204871,B102129,RC107,2023-08-14 06:55:00,1188,Delivered
SH204872,B101125,RC108,2025-01-07 05:02:00,7684,Delivered
SH204873,B102677,RC119,2023-04-15 11:04:00,3495,Delivered
SH204874,B101203,RC124,2023-05-09 17:00:00,4082,In Transit
SH204875,B101932,RC116,2023-03-04 03:24:00,2110,Delivered
SH204876,B100530,RC108,2023-06-14 15:07:00,6350,Delivered
SH204877,B102532,RC100,2025-02-06 06:26:00,2791,Delivered
SH204878,B102485,RC121,2023-01-06 22:33:00,2936,Delivered
SH204879,B102113,RC106,2025-02-11 11:08:00,3927,Delivered
SH204880,B100667,RC107,2023-06-03 13:37:00,3204,Delivered
SH204881,B102118,RC119,2023-08-10 02:54:00,1676,Delivered
SH204882,B101856,RC119,2025-01-07 12:33:00,4027,Delivered
SH204883,B101822,RC119,2023-12-16 11:12:00,4944,Delivered
SH204884,B101710,RC113,2025-04-04 18:20:00,6047,Delivered
SH204885,B100682,RC118,2024-09-06 04:18:00,7458,Delivered
SH204886,B102393,RC113,2025-03-17 10:24:00,5241,Delivered
SH204887,B101708,RC105,2023-09-06 15:25:00,2879,Delivered
SH204888,B102047,RC100,2024-05-28 06:35:00,4681,Returned
SH204889,B102177,RC123,2025-03-08 05:24:00,7322,Delivered
SH204890,B100733,RC108,2024-01-14 06:17:00,4934,Delivered
SH204891,B101623,RC113,2024-07-11 10:26:00,4711,Delivered
SH204892,B102573,RC110,2023-05-11 04:52:00,7963,Delivered
SH204893,B102541,RC107,2023-08-09 23:34:00,649,Delivered
SH204894,B102473,RC121,2023-03-21 19:53:00,2827,In Transit
SH204895,B102833,RC102,2025-02-28 06:28:00,6029,Delivered
SH204896,B100208,RC110,2025-06-09 23:43:00,7063,Delivered
SH204897,B100291,RC114,2023-03-17 00:33:00,2194,Delayed
SH204898,B100962,RC119,2023-01-24 03:28:00,5643,Delivered
SH204899,B100357,RC107,2025-02-20 02:49:00,5473,Delivered
SH204900,B101658,RC109,2024-09-17 02:50:00,827,In Transit
SH204901,B100663,RC113,2024-06-29 01:54:00,3763,Delivered
SH204902,B101851,RC118,2025-02-22 11:27:00,4537,Delivered
SH204903,B100861,RC102,2024-12-07 07:07:00,1538,Delivered
SH204904,B101626,RC109,2023-09-30 18:34:00,6320,Delivered
SH204905,B100013,RC119,2024-12-02 18:58:00,5197,Delivered
SH204906,B100464,RC109,2023-11-17 06:00:00,5210,Delivered
SH204907,B102417,RC122,2024-02-01 13:20:00,5160,In Transit
SH204908,B102957,RC110,2024-12-24 03:19:00,6940,Delivered
SH204909,B101977,RC120,2025-03-19 06:39:00,2449,Delivered
SH204910,B101922,RC117,2024-03-06 00:14:00,5676,Delivered
SH204911,B100000,RC100,2023-07-11 21:35:00,4170,In Transit
SH204912,B100612,RC112,2024-12-23 20:58:00,7599,Delivered
SH204913,B102532,RC117,2024-10-14 04:42:00,4981,Delivered
SH204914,B101245,RC102,2023-04-07 18:59:00,6207,Delivered
SH204915,B101240,RC119,2025-01-19 01:24:00,5528,Delivered
SH204916,B102736,RC115,2025-03-07 08:26:00,2043,Delivered
SH204917,B101130,RC121,2023-01-24 22:44:00,6304,Delivered
SH204918,B100595,RC117,2024-01-16 08:25:00,2883,Delayed
SH204919,B101293,RC121,2023-06-16 03:25:00,6284,Delayed
SH204920,B102112,RC102,2023-01-27 21:29:00,3308,Returned
SH204921,B102683,RC122,2025-04-25 16:39:00,4904,Delivered
SH204922,B102018,RC105,2023-06-17 02:55:00,2547,Delivered
SH204923,B100012,RC121,2023-08-28 17:23:00,4683,Delivered
SH204924,B101246,RC116,2025-04-27 23:04:00,4711,Delivered
SH204925,B100285,RC106,2024-05-28 19:25:00,4025,In Transit
SH204926,B101312,RC114,2025-03-10 10:05:00,6665,Delivered
SH204927,B102822,RC101,2024-12-11 10:01:00,688,Delivered
SH204928,B100077,RC104,2024-09-28 04:17:00,626,Delayed
SH204929,B101493,RC116,2023-07-11 17:50:00,7090,Delivered
SH204930,B102641,RC105,2025-04-26 15:42:00,3595,Delivered
SH204931,B101832,RC108,2024-07-16 04:24:00,2694,Delivered
SH204932,B100452,RC118,2023-02-09 22:34:00,6247,Delivered
SH204933,B101577,RC117,2024-03-18 13:49:00,612,Delivered
SH204934,B100850,RC103,2024-04-07 05:42:00,652,Delivered
SH204935,B102184,RC110,2023-09-07 03:06:00,2227,Delivered
SH204936,B102585,RC104,2024-01-13 08:59:00,2345,Delivered
SH204937,B101635,RC102,2025-02-11 20:06:00,2159,Delivered
SH204938,B101585,RC120,2023-08-15 07:33:00,3195,Delivered
SH204939,B100556,RC124,2023-06-21 22:53:00,3045,Delivered
SH204940,B101809,RC114,2023-11-29 05:04:00,1752,Delivered
SH204941,B102725,RC111,2025-01-17 17:44:00,602,Delivered
SH204942,B100261,RC117,2023-08-01 04:05:00,6635,Delivered
SH204943,B100950,RC112,2024-02-12 04:11:00,1907,Delivered
SH204944,B100215,RC101,2023-11-14 12:51:00,7105,Delivered
SH204945,B100602,RC119,2024-06-28 04:01:00,1804,Delivered
SH204946,B102965,RC120,2023-05-06 12:00:00,3367,Delivered
SH204947,B101273,RC113,2024-11-11 00:45:00,4108,Delivered
SH204948,B101691,RC110,2024-05-25 18:58:00,2745,Delivered
SH204949,B100853,RC103,2023-11-24 13:27:00,2806,Delivered
SH204950,B100952,RC111,2023-06-03 16:00:00,6052,Delayed
SH204951,B100753,RC123,2025-06-01 18:01:00,7804,Delivered
SH204952,B101612,RC115,2023-04-12 22:41:00,1583,Delivered
SH204953,B101825,RC124,2025-04-30 00:24:00,7764,Delivered
SH204954,B100567,RC123,2023-05-25 21:58:00,4700,In Transit
SH204955,B100697,RC121,2024-05-14 09:14:00,3011,Delivered
SH204956,B101915,RC101,2023-06-26 13:34:00,1137,Delivered
SH204957,B102745,RC110,2023-01-14 11:34:00,5635,Delayed
SH204958,B102334,RC113,2025-05-17 23:19:00,4148,Returned
SH204959,B101941,RC106,2024-05-06 09:06:00,6837,Delivered
SH204960,B102894,RC111,2024-03-23 06:37:00,4334,Delivered
SH204961,B100710,RC116,2023-03-31 07:59:00,750,Delivered
SH204962,B100658,RC117,2024-08-09 14:57:00,5803,Delivered
SH204963,B100061,RC122,2025-03-09 08:18:00,5428,Delivered
SH204964,B100713,RC119,2023-02-27 05:27:00,5945,Delivered
SH204965,B102018,RC121,2023-02-28 04:39:00,2553,Delivered
SH204966,B102704,RC108,2023-05-11 08:44:00,1715,Delivered
SH204967,B100715,RC107,2023-11-13 06:00:00,2093,Delivered
SH204968,B101308,RC114,2025-05-08 03:28:00,4601,Delivered
SH204969,B100572,RC103,2023-01-05 20:09:00,3330,Delivered
SH204970,B101603,RC119,2024-11-04 23:21:00,4825,Delivered
SH204971,B100084,RC115,2023-03-18 02:46:00,1642,Delivered
SH204972,B100807,RC101,2023-04-19 01:10:00,7595,Delivered
SH204973,B101509,RC113,2024-11-30 09:48:00,4870,Delivered
SH204974,B101540,RC105,2025-05-25 17:33:00,505,Delivered
SH204975,B100765,RC124,2025-05-05 11:36:00,6607,Delivered
SH204976,B100106,RC122,2023-07-31 19:02:00,5519,Delivered
SH204977,B102068,RC114,2023-02-20 06:43:00,3697,Delivered
SH204978,B100301,RC112,2024-06-26 10:43:00,6571,Delivered
SH204979,B101497,RC119,2024-07-29 21:32:00,3339,Delivered
SH204980,B102183,RC105,2023-01-12 19:54:00,2269,Delivered
SH204981,B102388,RC110,2023-06-21 13:58:00,6388,Delivered
SH204982,B102918,RC110,2023-11-15 07:25:00,3652,Delivered
SH204983,B102090,RC104,2023-09-10 20:45:00,1633,Delivered
SH204984,B100607,RC100,2024-04-18 13:29:00,7174,Delivered
SH204985,B102530,RC109,2023-12-14 18:23:00,5988,Delivered
SH204986,B101585,RC102,2024-02-11 12:41:00,947,Delivered
SH204987,B102303,RC117,2023-08-04 09:08:00,1876,Delivered
SH204988,B102024,RC110,2023-08-29 08:09:00,6203,Returned
SH204989,B102871,RC108,2023-02-11 21:24:00,5986,Delivered
SH204990,B100489,RC109,2025-02-18 16:08:00,6970,Delivered
SH204991,B102916,RC118,2024-12-03 12:04:00,1128,Delayed
SH204992,B101277,RC120,2024-04-18 17:41:00,5289,Delivered
SH204993,B101598,RC119,2024-10-11 20:16:00,2705,Delayed
SH204994,B101468,RC122,2024-06-30 18:10:00,997,Delivered
SH204995,B101797,RC104,2024-12-04 07:42:00,3321,Delayed
SH204996,B100009,RC106,2024-02-17 02:13:00,2197,Delivered
SH204997,B102735,RC109,2023-09-29 19:56:00,5707,Delivered
SH204998,B100998,RC101,2023-04-25 13:33:00,5587,Delivered
SH204999,B102090,RC100,2024-01-06 07:14:00,1420,Delivered
